AW|1999|1722798882.68156
AW|2000|1873452513.96648
AW|2001|1920262569.8324
AW|2002|1941094972.06704
AW|2003|2021301675.97765
AW|2004|2228279329.60894
AW|2005|2331005586.59218
AW|2006|2421474860.3352
AW|2007|2623726256.98324
AW|2008|2791960893.85475
AW|2009|2498932960.89385
AW|2010|2467703910.61453
AW|2011|2584463687.15084
AD|1999|1239840265.63345
AD|2000|1133644294.5425
AD|2001|1264760246.44075
AD|2002|1456198796.29382
AD|2003|1917948475.27513
AD|2004|2322163502.26295
AD|2005|2539759285.92747
AD|2006|2823503852.62328
AD|2007|3245411583.7197
AD|2008|3712034266.50674
AF|2001|2461666314.78366
AF|2002|4128818042.61749
AF|2003|4583648921.74369
AF|2004|5285461998.97866
AF|2005|6275076015.72254
AF|2006|7057597615.29559
AF|2007|9843851008.65578
AF|2008|10190534636.4958
AF|2009|12486950468.7364
AF|2010|15936784436.1811
AF|2011|17870159081.5143
AF|2012|20496777409.458
AO|1999|6152922942.98032
AO|2000|9129594818.60749
AO|2001|8936079252.77131
AO|2002|12497346042.8261
AO|2003|14188949239.8095
AO|2004|19640862549.6511
AO|2005|28233699240.3249
AO|2006|41789494461.5461
AO|2007|60448890972.4218
AO|2008|84178086998.6708
AO|2009|75492417649.3276
AO|2010|82470894868.3337
AO|2011|104115863405.183
AO|2012|114147030253.231
AL|1999|3434402453.41057
AL|2000|3686649387.03405
AL|2001|4091020249.36656
AL|2002|4449373455.56632
AL|2003|5652325081.59963
AL|2004|7464446950.02559
AL|2005|8376483740.48289
AL|2006|9132562332.43024
AL|2007|10704661570.5584
AL|2008|12968652890.9091
AL|2009|12118580597.0542
AL|2010|11858166294.8409
AL|2011|12959563902.4015
AL|2012|12648095824.4086
AE|1999|84445475523.1267
AE|2000|104337375342.526
AE|2001|103311643522.893
AE|2002|109816204634.494
AE|2003|124346361618.639
AE|2004|147824374542.517
AE|2005|180617023539.137
AE|2006|222105928740.596
AE|2007|258150041410.76
AE|2008|314844665222.197
AE|2009|270334929437.512
AE|2010|287421927883.393
AE|2011|348594972517.105
AR|1999|283523000000
AR|2000|284203750000
AR|2001|268696750000
AR|2002|102040286874.385
AR|2003|129597154256.313
AR|2004|153129509710.176
AR|2005|183193418481.532
AR|2006|214066154250.003
AR|2007|260768703249.434
AR|2008|326582808527.135
AR|2009|307155148184.324
AR|2010|368736062143.669
AR|2011|446044143596.268
AR|2012|475501675472.598
AM|1999|1845482181.48539
AM|2000|1911563665.39006
AM|2001|2118467913.37873
AM|2002|2376335048.39976
AM|2003|2807061008.69084
AM|2004|3576615240.41616
AM|2005|4900436758.50466
AM|2006|6384457744.44765
AM|2007|9206277478.95229
AM|2008|11662017844.8868
AM|2009|8648015304.9989
AM|2010|9260297329.12273
AM|2011|10142408118.3387
AM|2012|9950522732.78837
AG|1999|651851840.339733
AG|2000|787693391.348092
AG|2001|778311556.513781
AG|2002|806505874.275111
AG|2003|849234753.890862
AG|2004|905113766.533633
AG|2005|1001970945.08233
AG|2006|1141418339.6196
AG|2007|1295824296.3001
AG|2008|1354616665.25926
AG|2009|1259082071.48148
AG|2010|1161528615.92593
AG|2011|1094862187.77778
AG|2012|1134159259.25926
AU|1999|388867652588.044
AU|2000|415208189411.543
AU|2001|378642266824.085
AU|2002|394442235244.872
AU|2003|466663366336.634
AU|2004|613161189358.372
AU|2005|693662607126.748
AU|2006|747463312368.973
AU|2007|853854910889.534
AU|2008|1055506156996.89
AU|2009|926710311519.414
AU|2010|1141793593834.25
AU|2011|1386889147177.31
AU|2012|1532407884934.19
AT|1999|212301777114.852
AT|2000|192070749953.934
AT|2001|191678678299.776
AT|2002|207537336721.25
AT|2003|253945776523.702
AT|2004|291430382497.377
AT|2005|304983601949.958
AT|2006|324954402044.306
AT|2007|375041784029.848
AT|2008|414171069689.091
AT|2009|383733743330.143
AT|2010|375217439473.684
AT|2011|415611711111.111
AT|2012|394707863203.908
AZ|1999|4581222442.45783
AZ|2000|5272617196.04517
AZ|2001|5707618246.56848
AZ|2002|6236024951.20423
AZ|2003|7275766111.24309
AZ|2004|8680511918.49357
AZ|2005|13245421880.834
AZ|2006|20982270733.2484
AZ|2007|33049380917.6985
AZ|2008|48852482960.0779
AZ|2009|44291490420.5026
AZ|2010|52905998878.7143
AZ|2011|65952763948.839
AZ|2012|66604589419.4634
BI|1999|808077223.365746
BI|2000|870486065.858218
BI|2001|876794723.02267
BI|2002|825394484.361648
BI|2003|784654423.603171
BI|2004|915257323.428255
BI|2005|1117254387.10035
BI|2006|1273180655.19805
BI|2007|1356078300.12373
BI|2008|1611634286.34081
BI|2009|1739781535.88738
BI|2010|2026864414.46871
BI|2011|2355652063.58605
BI|2012|2472384864.13151
BE|1999|254503515874.707
BE|2000|232672747374.24
BE|2001|232485906040.268
BE|2002|252795031055.901
BE|2003|311689616252.822
BE|2004|361683211959.795
BE|2005|377350395463.364
BE|2006|399965627160.063
BE|2007|459618853659.405
BE|2008|507379060314.205
BE|2009|473254584680.271
BE|2010|468078947368.421
BE|2011|512859722222.222
BE|2012|483261763949.601
BJ|1999|2488892429.47577
BJ|2000|2359122302.67027
BJ|2001|2499269391.11713
BJ|2002|2807657386.40991
BJ|2003|3557229701.87707
BJ|2004|4050869967.79893
BJ|2005|4358015992.89839
BJ|2006|4705087452.19196
BJ|2007|5506275948.35799
BJ|2008|6633561835.2379
BJ|2009|6585134688.09549
BJ|2010|6558416322.12
BJ|2011|7294900430.89438
BJ|2012|7557286829.00186
BF|1999|3014665572.20835
BF|2000|2610959139.40963
BF|2001|2812845486.44196
BF|2002|3205592273.18693
BF|2003|4205691121.78985
BF|2004|4838551014.48553
BF|2005|5462709054.77989
BF|2006|5844669738.11104
BF|2007|6755823932.79857
BF|2008|8350710389.31231
BF|2009|8348156389.07694
BF|2010|9209288383.08711
BF|2011|10395757480.2301
BF|2012|10441012681.1037
BD|1999|45694072379.3677
BD|2000|47124925462.1348
BD|2001|46987842846.553
BD|2002|47571130071.3913
BD|2003|51913661485.3195
BD|2004|56560744012.2303
BD|2005|60277560975.6098
BD|2006|61901116736.1525
BD|2007|68415421372.7194
BD|2008|79554350677.7438
BD|2009|89359767441.8605
BD|2010|100357022443.833
BD|2011|111879121730.817
BD|2012|116355057337.05
BG|1999|13228374466.2635
BG|2000|12903546765.0859
BG|2001|13868600709.9324
BG|2002|15979194511.3144
BG|2003|20668176833.8431
BG|2004|25283228366.4529
BG|2005|28895083539.8005
BG|2006|33209188738.5365
BG|2007|42113656147.2255
BG|2008|51824892678.1841
BG|2009|48568714011.5163
BG|2010|47727325908.633
BG|2011|53544649409.8962
BG|2012|50972109856.598
BH|1999|6621186419.41611
BH|2000|7970690894.22308
BH|2001|7928934209.57661
BH|2002|8491183200.55491
BH|2003|9747599583.42221
BH|2004|11235671061.4371
BH|2005|13460198289.6975
BH|2006|15854942950.6104
BH|2007|18473097688.7683
BH|2008|21902892583.9637
BH|2009|19318822540.6653
BH|2010|25713571420.9726
BH|2011|29044457919.7651
BS|1999|6019972000
BS|2000|6327552000
BS|2001|6516651000
BS|2002|6957996000
BS|2003|6949317000
BS|2004|7094413000
BS|2005|7706222000
BS|2006|7965588000
BS|2007|8318996000
BS|2008|8246650000
BS|2009|7820420000
BS|2010|7888087000
BS|2011|7872584000
BS|2012|8149004000
BA|1999|4685729742.91939
BA|2000|5505984455.95855
BA|2001|5748990554.79945
BA|2002|6651226179.01829
BA|2003|8370020196.19158
BA|2004|10022840634.9206
BA|2005|10948051122.2738
BA|2006|12400102623.3083
BA|2007|15280615815.2554
BA|2008|18543289394.8472
BA|2009|17082889409.7592
BA|2010|16775469777.6516
BA|2011|18252421794.7156
BA|2012|17465958605.6645
BY|1999|12138485328.6267
BY|2000|12736856485.1068
BY|2001|12354820143.8849
BY|2002|14594925392.9691
BY|2003|17825436034.5366
BY|2004|23141587717.7633
BY|2005|30210091836.8294
BY|2006|36961918858.7385
BY|2007|45275711995.825
BY|2008|60763483146.0674
BY|2009|49271267252.1957
BY|2010|55220932613.958
BY|2011|64271575245.4325
BY|2012|63267017440.3121
BZ|1999|732607993.768985
BZ|2000|831750000
BZ|2001|871840755.396765
BZ|2002|932676403.181055
BZ|2003|990350000
BZ|2004|1057850000
BZ|2005|1114200000
BZ|2006|1217450000
BZ|2007|1290550000
BZ|2008|1369600000
BZ|2009|1338500000
BZ|2010|1397900000
BZ|2011|1493100000
BM|1999|3324433000
BM|2000|3480219000
BM|2001|3680483000
BM|2002|3937228000
BM|2003|4186525000
BM|2004|4484703000
BM|2005|4868136000
BM|2006|5414299000
BM|2007|5895048000
BM|2008|6109928000
BM|2009|5806378000
BM|2010|5744414000
BM|2011|5550771000
BM|2012|5473536000
BO|1999|8285061618.15839
BO|2000|8397858184.79382
BO|2001|8141513292.12402
BO|2002|7905485216.17852
BO|2003|8082396525.99433
BO|2004|8773451738.91129
BO|2005|9549196255.88892
BO|2006|11451845341.2441
BO|2007|13120107687.9377
BO|2008|16674276951.8438
BO|2009|17339992165.2422
BO|2010|19649724655.5819
BO|2011|23948670617.7235
BO|2012|27035110130.246
BR|1999|586862640399.442
BR|2000|644701831101.394
BR|2001|553582178386.192
BR|2002|504221228974.035
BR|2003|552469288267.793
BR|2004|663760341880.342
BR|2005|882185702547.247
BR|2006|1088916819852.94
BR|2007|1366853244424.28
BR|2008|1653538618144.8
BR|2009|1620165226993.77
BR|2010|2143035333258.24
BR|2011|2476652189879.72
BR|2012|2252664120777.39
BB|1999|3012031888.84215
BB|2000|3119500000
BB|2001|3112350000
BB|2002|3168600000
BB|2003|3271200000
BB|2004|3509700000
BB|2005|3891500000
BB|2006|4314050000
BB|2007|4513250000
BB|2008|4541550000
BB|2009|4592650000
BB|2010|4433700000
BB|2011|4368900000
BB|2012|4224850000
BN|1999|4600000000
BN|2000|6001153317.86543
BN|2001|5601090584.36122
BN|2002|5843329101.97699
BN|2003|6557333067.38606
BN|2004|7872333197.25476
BN|2005|9531402829.84859
BN|2006|11470703002.0769
BN|2007|12247627894.6321
BN|2008|14393099068.5859
BN|2009|10732435033.6862
BN|2010|12369708858.9029
BN|2011|16359795685.7116
BN|2012|16953952625.403
BT|1999|419035810.783235
BT|2000|439158233.475187
BT|2001|476360697.049551
BT|2002|537050133.254524
BT|2003|622026106.84369
BT|2004|702682018.270426
BT|2005|818869145.811526
BT|2006|897672085.755359
BT|2007|1196090841.36845
BT|2008|1257480560.88532
BT|2009|1264686356.65309
BT|2010|1585319109.1083
BT|2011|1833738375.8303
BT|2012|1779561112.28857
BW|1999|5484263050.39562
BW|2000|5788311645.24919
BW|2001|5489646902.56223
BW|2002|5438856515.10063
BW|2003|7511538764.70587
BW|2004|8957491784.92086
BW|2005|9931223496.1573
BW|2006|10126990487.9848
BW|2007|10939028155.3688
BW|2008|11113042238.1836
BW|2009|10106837286.0116
BW|2010|13746712705.5936
BW|2011|15292424757.1964
BW|2012|14504339385.9436
CF|1999|999477458.730474
CF|2000|914500331.983723
CF|2001|931833293.75345
CF|2002|991387865.044932
CF|2003|1139754771.91102
CF|2004|1270080228.23241
CF|2005|1350300947.46755
CF|2006|1473721520.69935
CF|2007|1698125679.65188
CF|2008|1985370254.96172
CF|2009|1981728179.49882
CF|2010|1986014759.19785
CF|2011|2212696611.84727
CF|2012|2184181390.99191
CA|1999|661264723699.266
CA|2000|724918860682.782
CA|2001|715423553719.008
CA|2002|734661951188.428
CA|2003|865873242452.359
CA|2004|992226099521.914
CA|2005|1133759985475.67
CA|2006|1278610846644.8
CA|2007|1424065729447.91
CA|2008|1502678437546.86
CA|2009|1337577639751.55
CA|2010|1577040082217.76
CA|2011|1777788888888.89
CA|2012|1821424139311.45
CH|1999|273548236722.807
CH|2000|256042925982.354
CH|2001|262647169329.818
CH|2002|286658255888.618
CH|2003|334574926429.049
CH|2004|374224186243.667
CH|2005|384753967478.597
CH|2006|405183914852.772
CH|2007|450528109859.46
CH|2008|524289203562.031
CH|2009|509467163036.925
CH|2010|550638974461.538
CH|2011|657417830723.595
CH|2012|631173029581.956
CL|1999|72995286764.4168
CL|2000|79328640263.7897
CL|2001|72336972322.3931
CL|2002|70984568428.5785
CL|2003|77840186384.8224
CL|2004|100630707851.859
CL|2005|124404150138.162
CL|2006|154671012210.645
CL|2007|173081288190.418
CL|2008|179626662207.089
CL|2009|171956957320.499
CL|2010|217556229881.153
CL|2011|251190792425.367
CL|2012|269869337788.189
CN|1999|1083277930359.88
CN|2000|1198474934198.78
CN|2001|1324806914358.35
CN|2002|1453827554714.01
CN|2003|1640958732775.07
CN|2004|1931644331142.47
CN|2005|2256902590825.33
CN|2006|2712950886698.27
CN|2007|3494055944791.32
CN|2008|4521827288303.98
CN|2009|4991256406734.99
CN|2010|5930529470799.17
CN|2011|7321935025069.66
CN|2012|8227102629831.48
CI|1999|12556457526.9353
CI|2000|10417060604.9044
CI|2001|10545285036.7953
CI|2002|11486664265.305
CI|2003|13737482343.3822
CI|2004|15481092596.4757
CI|2005|16363437145.2025
CI|2006|17367303155.9802
CI|2007|19795705245.3489
CI|2008|23414253327.8501
CI|2009|23041633638.2307
CI|2010|22920779597.555
CI|2011|24073812829.8934
CI|2012|24680372724.4372
CM|1999|10486456218.2642
CM|2000|9287367568.8254
CM|2001|9633109256.77677
CM|2002|10879778327.809
CM|2003|13621809574.3326
CM|2004|15775356736.7031
CM|2005|16587921220.9676
CM|2006|17953103008.559
CM|2007|20431779033.658
CM|2008|23735537026.2769
CM|2009|22165009362.7864
CM|2010|22493301699.3672
CM|2011|25486923058.8757
CM|2012|25321590401.7168
CG|1999|2353909441.70059
CG|2000|3219910666.0298
CG|2001|2794259756.13093
CG|2002|3019993723.12586
CG|2003|3495868724.65945
CG|2004|4648628839.49057
CG|2005|6087002681.74095
CG|2006|7731261168.83097
CG|2007|8394688589.03459
CG|2008|11859015180.8733
CG|2009|9593536719.0203
CG|2010|12007880067.3847
CG|2011|14425606793.3022
CG|2012|13677928883.6386
CO|1999|86186156584.3817
CO|2000|99886577575.5444
CO|2001|98203544965.2678
CO|2002|97933392356.4253
CO|2003|94684582573.3167
CO|2004|117074865515.279
CO|2005|146520136085.39
CO|2006|162773603929.706
CO|2007|207520149156.402
CO|2008|244056736297.413
CO|2009|234360070287.095
CO|2010|287000940839.272
CO|2011|336559866920.815
CO|2012|369606330701.98
KM|1999|222580461.640908
KM|2000|201899883.626713
KM|2001|220115655.294095
KM|2002|251162420.638592
KM|2003|324470868.885287
KM|2004|362420483.548684
KM|2005|387036131.685576
KM|2006|403179474.351306
KM|2007|464948879.259374
KM|2008|530131963.428658
KM|2009|535199685.948686
KM|2010|543376206.062274
KM|2011|610372697.420461
KM|2012|595900353.493894
CV|1999|675281384.08379
CV|2000|604760392.765824
CV|2001|624141912.607
CV|2002|679340246.251473
CV|2003|891375823.855505
CV|2004|1022562771.13513
CV|2005|1090445839.27445
CV|2006|1236876851.37206
CV|2007|1513934037.7149
CV|2008|1789332787.69837
CV|2009|1711816592.9548
CV|2010|1664310632.03162
CV|2011|1864823990.9938
CV|2012|1827021561.6512
CR|1999|15796567138.0566
CR|2000|15946443103.2804
CR|2001|16403602943.4123
CR|2002|16844378578.178
CR|2003|17517536016.1874
CR|2004|18596365926.8535
CR|2005|19964893807.3935
CR|2006|22526464409.0829
CR|2007|26321999607.4464
CR|2008|29831164925.0537
CR|2009|29382590137.6267
CR|2010|36298327620.413
CR|2011|41032245031.148
CR|2012|45103963693.4823
CU|1999|28365300000
CU|2000|30565200000
CU|2001|31683300000
CU|2002|33590400000
CU|2003|35901500000
CU|2004|38202800000
CU|2005|42644200000
CU|2006|52742100000
CU|2007|58603500000
CU|2008|60806200000
CU|2009|62078610000
CU|2010|64328220000
CU|2011|68233900000
CY|1999|9776223013.13328
CY|2000|9314937556.47906
CY|2001|9679304970.56184
CY|2002|10557366161.9634
CY|2003|13319544758.4518
CY|2004|15816972050.6976
CY|2005|16997801392.3755
CY|2006|18435765910.0111
CY|2007|21841815680.8803
CY|2008|25321517504.0281
CY|2009|23542650736.3156
CY|2010|23132450331.1258
CY|2011|24851264943.0081
CY|2012|22766912960
CZ|1999|62165739783.1888
CZ|2000|58807244367.8667
CZ|2001|64375288106.7769
CZ|2002|78425201660.6299
CZ|2003|95292530752.5967
CZ|2004|113976672924.834
CZ|2005|130052420701.169
CZ|2006|148345088495.575
CZ|2007|180511237062.592
CZ|2008|225448799062.683
CZ|2009|197218205666.317
CZ|2010|198475392670.157
CZ|2011|216011355932.203
CZ|2012|196446226535.564
DE|1999|2131046239079.48
DE|2000|1886401326699.83
DE|2001|1880894854586.13
DE|2002|2006587615283.27
DE|2003|2423814898419.86
DE|2004|2726341472500.05
DE|2005|2766253792966.22
DE|2006|2902748698160.05
DE|2007|3323807412152.12
DE|2008|3623686234298.9
DE|2009|3298219195018.91
DE|2010|3282894736842.11
DE|2011|3624861111111.11
DE|2012|3428130624839.29
DJ|1999|536080169.085534
DJ|2000|551230861.856505
DJ|2001|572417440.820162
DJ|2002|591122039.601398
DJ|2003|622044665.515049
DJ|2004|666072101.777505
DJ|2005|708633194.726566
DJ|2006|768873684.032838
DJ|2007|847918929.107984
DM|1999|267740736.012269
DM|2000|324463833.158651
DM|2001|330949849.71077
DM|2002|326998081.262043
DM|2003|340803912.870075
DM|2004|366976849.444881
DM|2005|361615917.777778
DM|2006|382299140.37037
DM|2007|418759930
DM|2008|462166696.296296
DM|2009|481257770.37037
DM|2010|471851098.518519
DM|2011|484137160
DM|2012|479688888.888889
DK|1999|173944697686.42
DK|2000|160082517845.876
DK|2001|160476161868.602
DK|2002|173880831443.88
DK|2003|212621855882.933
DK|2004|244727978020.584
DK|2005|257675536234.494
DK|2006|274376889678.112
DK|2007|311417601998.641
DK|2008|343881383958.432
DK|2009|310544743670.337
DK|2010|313365836298.932
DK|2011|333616014897.579
DK|2012|314887354337.505
DO|1999|21709041189.3244
DO|2000|23996656675.8335
DO|2001|24894907435.1447
DO|2002|26570402718.796
DO|2003|21268012747.2709
DO|2004|22163928096.993
DO|2005|33969724872.4638
DO|2006|35965041793.3794
DO|2007|41320700932.7124
DO|2008|45796188394.2534
DO|2009|46768400362.8292
DO|2010|51748279416.0089
DO|2011|55737254720.2693
DO|2012|59047202157.8071
DZ|1999|48640613515.0702
DZ|2000|54790058957.3718
DZ|2001|54744716706.3542
DZ|2002|56760288961.5829
DZ|2003|67863832648.2897
DZ|2004|85324997369.5015
DZ|2005|103198650297.779
DZ|2006|117026655313.743
DZ|2007|134977867931.582
DZ|2008|171000162581.484
DZ|2009|137211795394.166
DZ|2010|161207304960.455
DZ|2011|199070864637.558
DZ|2012|205788796017.176
EC|1999|19017141056.737
EC|2000|18327386415.9524
EC|2001|24468324000
EC|2002|28548945000
EC|2003|32432859000
EC|2004|36591661000
EC|2005|41507085000
EC|2006|46802044000
EC|2007|51007777000
EC|2008|61762635000
EC|2009|62519686000
EC|2010|67513698000
EC|2011|76769729000
EC|2012|84039856000
EG|1999|90710703939.4609
EG|2000|99838540997.3209
EG|2001|97632008050.9425
EG|2002|87850680572.7894
EG|2003|82923680621.5433
EG|2004|78845185709.4117
EG|2005|89685724889.1628
EG|2006|107484034648.245
EG|2007|130477817194.412
EG|2008|162818181818.182
EG|2009|188984088127.295
EG|2010|218887812549.851
EG|2011|236000735704.439
EG|2012|262831912586.538
ER|1999|688921325.712043
ER|2000|706370812.289102
ER|2001|752368494.461829
ER|2002|729321364.095048
ER|2003|870247701.706937
ER|2004|1109054002.42096
ER|2005|1098425899.89884
ER|2006|1211161879.50862
ER|2007|1317974493.40894
ER|2008|1380188800.03147
ER|2009|1856695550.46865
ER|2010|2117039510.70194
ER|2011|2607739837.39837
ER|2012|3091837398.37398
ES|1999|617879821010.015
ES|2000|580345494748.48
ES|2001|608856375838.926
ES|2002|686295878035.008
ES|2003|883839729119.639
ES|2004|1044612070303.53
ES|2005|1130798885738.45
ES|2006|1236352163544.47
ES|2007|1441426534070.22
ES|2008|1593420002197.24
ES|2009|1454336570613.31
ES|2010|1375815789473.68
ES|2011|1453231944444.44
ES|2012|1322964772435.07
EE|1999|5709010492.22246
EE|2000|5675174661.87581
EE|2001|6237914200.44743
EE|2002|7318186726.89629
EE|2003|9840743037.24605
EE|2004|12025943709.9948
EE|2005|13905561150.0771
EE|2006|16798495347.749
EE|2007|21993658963.8097
EE|2008|23781539698.9783
EE|2009|19406626721.3823
EE|2010|18909381436.8421
EE|2011|22522780937.5
EE|2012|22390242608.6398
ET|1999|7827068144.67499
ET|2000|8098332674.24419
ET|2001|8087434751.60218
ET|2002|7713652567.94733
ET|2003|8473013232.57614
ET|2004|9954110936.45253
ET|2005|12184372696.7078
ET|2006|15013683854.4699
ET|2007|18991907676.2428
ET|2008|25608626476.0357
ET|2009|28194270371.1621
ET|2010|26311310604.9888
ET|2011|29946934090.4379
ET|2012|41605361646.0594
FI|1999|130322821223.098
FI|2000|121793808734.107
FI|2001|124642505592.841
FI|2002|135183512140.034
FI|2003|164256207674.944
FI|2004|189064585622.668
FI|2005|195777993334.328
FI|2006|207949409201.133
FI|2007|246127357186.459
FI|2008|271974219064.709
FI|2009|239382754295.034
FI|2010|235163157894.737
FI|2011|262054166666.667
FI|2012|247545641553.098
FJ|1999|1942170999.18765
FJ|2000|1684109743.49338
FJ|2001|1660102345.60309
FJ|2002|1842691481.09196
FJ|2003|2315935752.71653
FJ|2004|2727507212.92556
FJ|2005|3006725014.78415
FJ|2006|3103099942.22992
FJ|2007|3405050611.68726
FJ|2008|3629936625.46276
FJ|2009|2925499821.03595
FJ|2010|3225095136.31862
FJ|2011|3753485389.24827
FJ|2012|3907563304.51103
FR|1999|1456431067547.41
FR|2000|1326334899576.19
FR|2001|1338302818791.95
FR|2002|1452030303030.3
FR|2003|1792214221218.96
FR|2004|2055678853687.46
FR|2005|2136555489230.46
FR|2006|2255705477450.04
FR|2007|2582389733356.33
FR|2008|2831794045482.84
FR|2009|2619685000757.11
FR|2010|2548315434210.53
FR|2011|2779719500000
FR|2012|2612878387760.35
FO|1999|1125684470.05533
FO|2000|1062339943.83343
FO|2001|1154899793.33878
FO|2002|1268445919.41429
FO|2003|1486861878.95624
FO|2004|1683997930.26322
FO|2005|1730894295.38595
FO|2006|1970135198.76236
FO|2007|2278229880.41222
FO|2008|2412859692.82674
FO|2009|2198138372.28824
FM|1999|220660503.948872
FM|2000|233226322.838293
FM|2001|240051900.024223
FM|2002|241543395.823377
FM|2003|244990983.604501
FM|2004|239563310.439243
FM|2005|249845592.623945
FM|2006|252991205.003248
FM|2007|255890836.379155
FM|2008|261339642.362797
FM|2009|277510922.800969
FM|2010|294117230.497109
FM|2011|310287519.271915
FM|2012|326160960.784002
GA|1999|4662991794.05396
GA|2000|5067865502.79988
GA|2001|4712849279.64923
GA|2002|4931503836.34766
GA|2003|6054883172.03912
GA|2004|7178135606.41428
GA|2005|8665736617.5506
GA|2006|9545982814.08494
GA|2007|11570860872.2274
GA|2008|15685389826.8882
GA|2009|12031268402.3877
GA|2010|14507032805.9824
GA|2011|18759558560.4601
GA|2012|18377083881.0055
GB|1999|1518173434719.3
GB|2000|1493628385534.88
GB|2001|1485147545703.18
GB|2002|1620900779376.5
GB|2003|1875141224489.8
GB|2004|2220820974770.22
GB|2005|2321359350397.64
GB|2006|2483008793218.61
GB|2007|2857080828857.96
GB|2008|2687796663762.07
GB|2009|2208002878867.89
GB|2010|2285561538461.54
GB|2011|2478930645161.29
GB|2012|2471783570300.16
GE|1999|2800024342.13492
GE|2000|3057453460.84975
GE|2001|3219487823.04872
GE|2002|3395778661.40362
GE|2003|3991374539.82055
GE|2004|5125273877.24618
GE|2005|6411147323.20169
GE|2006|7761900179.11307
GE|2007|10172260738.4907
GE|2008|12799337249.9695
GE|2009|10766836276.5639
GE|2010|11638236642.8476
GE|2011|14434619972.4072
GE|2012|15747288816.1881
GH|1999|7718110780.94815
GH|2000|4982849054.0291
GH|2001|5314871683.5223
GH|2002|6166197191.76694
GH|2003|7632720680.28119
GH|2004|8881419348.21594
GH|2005|10731883141.4457
GH|2006|20410239313.1135
GH|2007|24757608488.0145
GH|2008|28528016511.3477
GH|2009|25978563316.2976
GH|2010|32174210792.9631
GH|2011|39564970069.7821
GH|2012|40710781538.5757
GN|1999|3461282189.69643
GN|2000|2995360969.17427
GN|2001|2833442750.41891
GN|2002|2949637039.06356
GN|2003|3446442218.89829
GN|2004|3666349049.40435
GN|2005|2937072009.03751
GN|2006|2821346683.52022
GN|2007|4134173271.02524
GN|2008|4515824643.35277
GN|2009|4609923720.1802
GN|2010|4735956475.83803
GN|2011|5067360041.10885
GN|2012|5631621297.8898
GM|1999|814724059.790335
GM|2000|782913866.095892
GM|2001|687410628.644624
GM|2002|578235309.763014
GM|2003|487038678.244965
GM|2004|578785600.648136
GM|2005|624173996.312708
GM|2006|655068112.286777
GM|2007|798869805.089884
GM|2008|965771303.038565
GM|2009|900629372.999551
GM|2010|951805801.354012
GM|2011|898282865.871322
GM|2012|917292053.029626
GW|1999|224446652.141584
GW|2000|361858968.13199
GW|2001|384270399.55365
GW|2002|406669723.434693
GW|2003|465414407.988807
GW|2004|522651787.703763
GW|2005|572853553.530448
GW|2006|578517348.941903
GW|2007|690721769.225811
GW|2008|842890956.086099
GW|2009|832530156.75007
GW|2010|835390892.988319
GW|2011|967762548.677982
GW|2012|822321032.405318
GQ|1999|872016821.395879
GQ|2000|1242848857.35322
GQ|2001|1736116148.88788
GQ|2002|2146760313.95481
GQ|2003|2952359369.91398
GQ|2004|5240842261.15571
GQ|2005|8217368425.2764
GQ|2006|7765111493.54484
GQ|2007|10304490483.0189
GQ|2008|15471010922.6482
GQ|2009|10356293894.4756
GQ|2010|12261420852.3549
GQ|2011|16806886027.9694
GQ|2012|17697394251.2135
GR|1999|133187471440.326
GR|2000|124418164455.203
GR|2001|129841697351.145
GR|2002|146050256230.414
GR|2003|192850219244.135
GR|2004|227950420085.709
GR|2005|240075690332.289
GR|2006|261713232775.632
GR|2007|305431771154.799
GR|2008|341593975533.013
GR|2009|321016154721.238
GR|2010|292304602598.684
GR|2011|289627362870.833
GR|2012|249098684277.449
GD|1999|379629397.739948
GD|2000|523256354.907108
GD|2001|523279846.425211
GD|2002|544381961.645127
GD|2003|596339088.690494
GD|2004|600014340.551513
GD|2005|700431791.333632
GD|2006|704762535.923815
GD|2007|763824454.880744
GD|2008|832339701.300351
GD|2009|775507460.748489
GD|2010|783602099.124051
GD|2011|816054406.662033
GD|2012|766510727.203673
GL|1999|1131555107.04907
GL|2000|1068024993.98697
GL|2001|1086170638.72901
GL|2002|1169136691.35372
GL|2003|1426452030.10471
GL|2004|1644951892.18151
GL|2005|1702543476.55709
GL|2006|1738432116.43728
GL|2007|2121759848.4242
GL|2008|1739579593.56673
GL|2009|1267711816.12426
GT|1999|18317089473.0904
GT|2000|19290566570.0483
GT|2001|18702820735.0173
GT|2002|20776536919.9593
GT|2003|21917565499.915
GT|2004|23965280312.0871
GT|2005|27211230373.8306
GT|2006|30231130542.9832
GT|2007|34113106486.1272
GT|2008|39136286496.2176
GT|2009|37733791088.9585
GT|2010|41338161799.1082
GT|2011|47688885121.1624
GT|2012|50233749190.986
GY|1999|694754983.970153
GY|2000|712667925.076665
GY|2001|696281468.795938
GY|2002|722460911.622513
GY|2003|741929343.015696
GY|2004|785918769.749001
GY|2005|824880550.343965
GY|2006|1458449057.88559
GY|2007|1740335068.52925
GY|2008|1922597806.51498
GY|2009|2025565089.48272
GY|2010|2259288026.41972
GY|2011|2576731667.32023
GY|2012|2850572407.04501
HK|1999|165768095391.557
HK|2000|171668164082.555
HK|2001|169403241524.337
HK|2002|166349228737.386
HK|2003|161384522525.299
HK|2004|169099768875.193
HK|2005|181570082162.19
HK|2006|193536265094.364
HK|2007|211597405593.868
HK|2008|219279678430.164
HK|2009|214046415026.187
HK|2010|228695747309.89
HK|2011|248725976361.768
HK|2012|263259372904.956
HN|1999|5372543554.00697
HN|2000|7105541205.28208
HN|2001|7566501475.58875
HN|2002|7776438040.83046
HN|2003|8140284928.6804
HN|2004|8772167983.07235
HN|2005|9672095583.97918
HN|2006|10841723354.4201
HN|2007|12275493958.7643
HN|2008|13789727209.7482
HN|2009|14486137413.5391
HN|2010|15729644901.1459
HN|2011|17588097149.7523
HN|2012|18434022403.2587
HR|1999|23077661293.6429
HR|2000|21517784659.0236
HR|2001|23052044812.5637
HR|2002|26524896398.2367
HR|2003|34143409062.0433
HR|2004|41003558915.6986
HR|2005|44821408830.9352
HR|2006|49855078905.4812
HR|2007|59335976948.2105
HR|2008|69595272329.4363
HR|2009|62244202546.9806
HR|2010|58873839434.9834
HR|2011|61789184183.8732
HR|2012|59228247410.9818
HT|1999|4088703119.65814
HT|2000|3664503845.56892
HT|2001|3507981945.53618
HT|2002|3214632478.63248
HT|2003|2826481071.96147
HT|2004|3660483885.68707
HT|2005|4154289832.39201
HT|2006|4879738635.95586
HT|2007|5971284337.50737
HT|2008|6407707284.45521
HT|2009|6470254240.08231
HT|2010|6634579143.36112
HT|2011|7346156702.64438
HT|2012|7843484458.14557
HU|1999|48255011859.791
HU|2000|46385589533.8363
HU|2001|52720966883.3719
HU|2002|66389489264.3391
HU|2003|83538373060.6906
HU|2004|101925734602.027
HU|2005|110321711572.908
HU|2006|112533152716.384
HU|2007|136102020866.708
HU|2008|154233541852.268
HU|2009|126631684032.783
HU|2010|127503279792.248
HU|2011|137448696906.396
HU|2012|124600486886.062
ID|1999|140001352527.221
ID|2000|165021012261.509
ID|2001|160446947638.313
ID|2002|195660611033.849
ID|2003|234772458818.096
ID|2004|256836883304.553
ID|2005|285868610016.591
ID|2006|364570525997.054
ID|2007|432216737774.861
ID|2008|510244548959.967
ID|2009|539579959052.699
ID|2010|709190822690.739
ID|2011|846341443778.42
ID|2012|878043027881.581
IM|1999|1567465656.8505
IM|2000|1563667799.61578
IM|2001|1614595290.9182
IM|2002|1897606791.43353
IM|2003|2264911806.90354
IM|2004|2758117365.04863
IM|2005|2915710378.28299
IM|2006|3437450711.55028
IM|2007|4075664785.25458
IN|1999|466867079633.084
IN|2000|476609148198.006
IN|2001|493954333968.756
IN|2002|523968561871.528
IN|2003|618356467439.203
IN|2004|721585608172.395
IN|2005|834215013542.689
IN|2006|949116769688.063
IN|2007|1238700195724.53
IN|2008|1224095295076.86
IN|2009|1365372433271.74
IN|2010|1710908768959.8
IN|2011|1872840195945.11
IN|2012|1841709755679.17
IE|1999|96584799614.3192
IE|2000|97331522051.7782
IE|2001|105166579627.74
IE|2002|123016253872.577
IE|2003|158730360073.363
IE|2004|186281307557.443
IE|2005|202577741640.551
IE|2006|222762911715.744
IE|2007|259574153791.618
IE|2008|264034092036.474
IE|2009|225442965634.173
IE|2010|208022028243.421
IE|2011|225832965850
IE|2012|210771406835.948
IR|1999|104656040167.701
IR|2000|101286514977.457
IR|2001|115438386681.929
IR|2002|116420833373.676
IR|2003|135409681532.108
IR|2004|163226579221.096
IR|2005|192014940324.054
IR|2006|222880533511.287
IR|2007|286057933325.518
IR|2008|355988367221.614
IR|2009|362661111280.071
IR|2010|422567967404.512
IR|2011|514059508513.901
IQ|1999|17942362576.0649
IQ|2000|25857106735.7513
IQ|2001|18936094867.8072
IQ|2002|18969591211.0373
IQ|2004|25509364916.0308
IQ|2005|36743640204.0491
IQ|2006|65141035027.9406
IQ|2007|88837727881.3965
IQ|2008|131611819294.275
IQ|2009|111659988888.889
IQ|2010|135488471367.521
IQ|2011|180606795373.675
IQ|2012|210279947255.575
IS|1999|8742600398.27028
IS|2000|8697298233.82009
IS|2001|7922983042.66068
IS|2002|8907207933.02983
IS|2003|10969898924.0637
IS|2004|13251434311.4214
IS|2005|16286323127.4323
IS|2006|16651492783.5423
IS|2007|20428232684.2713
IS|2008|16832079676.5244
IS|2009|12115478892.436
IS|2010|12564891657.7225
IS|2011|14046371409.9267
IS|2012|13578943166.6464
IL|1999|110794986859.074
IL|2000|124895151203.002
IL|2001|122940533086.05
IL|2002|112974376292.794
IL|2003|118673283414.945
IL|2004|126571173583.222
IL|2005|133959001782.531
IL|2006|145479599622.963
IL|2007|167111803510.138
IL|2008|201661649944.259
IL|2009|194866363197.111
IL|2010|231674511901.578
IL|2011|258216880939.072
IT|1999|1208180354708.08
IT|2000|1104009462562.19
IT|2001|1123702691037.14
IT|2002|1225176959595.33
IT|2003|1514503536381.49
IT|2004|1735521503771.58
IT|2005|1786275014006.62
IT|2006|1872982702430.31
IT|2007|2127180496503.06
IT|2008|2307311493054.53
IT|2009|2111148008711.62
IT|2010|2041954747600
IT|2011|2195014082352.78
IT|2012|2014669579719.72
JM|1999|8830909008.27052
JM|2000|9008629729.41031
JM|2001|9104515930.20984
JM|2002|9718989516.70522
JM|2003|9430236065.12236
JM|2004|10173234921.1116
JM|2005|11075778481.0127
JM|2006|11903020643.5944
JM|2007|12820055024.6163
JM|2008|13676837630.2798
JM|2009|12043372132.4443
JM|2010|13202998397.8027
JM|2011|14402486059.4796
JM|2012|14755051129.3404
JO|1999|8147494328.76279
JO|2000|8457923945.44009
JO|2001|8972965061.21159
JO|2002|9580161951.38579
JO|2003|10193023726.2151
JO|2004|11407566660.2844
JO|2005|12582876895.2338
JO|2006|15056937190.1336
JO|2007|17110610000.1257
JO|2008|21971835255.5528
JO|2009|23820013058.6156
JO|2010|26425379366.6132
JO|2011|28840197018.7628
JO|2012|31015239496.4411
JP|1999|4432599282922.53
JP|2000|4731198760271.14
JP|2001|4159859918093.56
JP|2002|3980819536159.76
JP|2003|4302939184963.79
JP|2004|4655803055650.55
JP|2005|4571875737175.42
JP|2006|4356761451087.28
JP|2007|4356329296669.33
JP|2008|4849208099923.57
JP|2009|5035141567658.9
JP|2010|5495379357484.62
JP|2011|5896794887858.66
JP|2012|5959718262199.13
KZ|1999|16870817134.7767
KZ|2000|18291990619.137
KZ|2001|22152689129.5583
KZ|2002|24636598581.0204
KZ|2003|30833692831.3955
KZ|2004|43151647002.6096
KZ|2005|57123671733.8952
KZ|2006|81003864915.5437
KZ|2007|104849915343.555
KZ|2008|133441649221.732
KZ|2009|115308687201.97
KZ|2010|148052371903.631
KZ|2011|188049986359.296
KZ|2012|203520610287.707
KE|1999|12896010520.4958
KE|2000|12705350153.4012
KE|2001|12985991722.969
KE|2002|13147736954.17
KE|2003|14904504019.398
KE|2004|16095321630.6659
KE|2005|18737895400.78
KE|2006|22504136042.2252
KE|2007|27236739895.9373
KE|2008|30465489796.0539
KE|2009|30580367979.309
KE|2010|32198151217.2214
KE|2011|33620684015.8403
KE|2012|40697163224.2519
KG|1999|1249062025.13805
KG|2000|1369691955.02213
KG|2001|1525113501.11034
KG|2002|1605640633.42189
KG|2003|1919012780.97086
KG|2004|2211535311.62834
KG|2005|2459876151.9333
KG|2006|2834168889.42019
KG|2007|3802566170.81543
KG|2008|5139957784.91084
KG|2009|4690029460.84784
KG|2010|4794361821.20611
KG|2011|6198838460.02869
KG|2012|6474843799.06064
KH|1999|3517242477.23368
KH|2000|3654031716.27649
KH|2001|3979813387.83958
KH|2002|4284028138.34851
KH|2003|4658246906.65795
KH|2004|5337833255.9454
KH|2005|6293046162.11399
KH|2006|7274424518.56764
KH|2007|8639164917.03737
KH|2008|10351829065.6013
KH|2009|10401935531.8245
KH|2010|11242266333.9246
KH|2011|12829541141.0175
KH|2012|14038383450.1945
KI|1999|70596128.7050497
KI|2000|67512714.5176252
KI|2001|63101272.3699183
KI|2002|72259045.9632728
KI|2003|90148518.0621311
KI|2004|102220914.840418
KI|2005|106147384.4979
KI|2006|104668674.698795
KI|2007|123005089.649373
KI|2008|135044455.62825
KI|2009|127125253.470597
KI|2010|150431113.557145
KI|2011|172253739.040743
KI|2012|174984468.834127
KN|1999|305008729.111103
KN|2000|416566954.43505
KN|2001|455905601.704812
KN|2002|478067954.111618
KN|2003|461576906.469689
KN|2004|497548516.54631
KN|2005|536410666.378498
KN|2006|629511777.660199
KN|2007|689461859.082924
KN|2008|740102893.740741
KN|2009|688867558.148148
KN|2010|675553707.777778
KN|2011|699130559.62963
KN|2012|767000000
KR|1999|445399303511.045
KR|2000|533384027728.655
KR|2001|504585783003.741
KR|2002|575928909990.488
KR|2003|643762388701.001
KR|2004|721975255823.7
KR|2005|844863004335.43
KR|2006|951773478984.908
KR|2007|1049235951186.97
KR|2008|931402204981.625
KR|2009|834060441840.978
KR|2010|1014890141871.14
KR|2011|1114471962886.14
KR|2012|1129598273324.48
KW|1999|30120888963.6806
KW|2000|37718011468.5749
KW|2001|34890773740.2178
KW|2002|38138801497.2458
KW|2003|47875837662.1539
KW|2004|59440511981.7576
KW|2005|80797945205.4795
KW|2006|101561153806.389
KW|2007|114721830985.916
KW|2008|147402413798.235
KW|2009|105911338608.398
KW|2010|119934674734.616
KW|2011|160912705745.772
LA|1999|1454430642.01692
LA|2000|1731198022.45212
LA|2001|1768619058.34647
LA|2002|1758176653.07746
LA|2003|2023324407.30177
LA|2004|2366398119.88556
LA|2005|2735550176.99656
LA|2006|3452895836.27301
LA|2007|4222945529.64181
LA|2008|5443930124.55076
LA|2009|5832882921.50595
LA|2010|7181441151.89789
LA|2011|8254088066.90641
LA|2012|9417665585.95006
LB|1999|17391056436.8069
LB|2000|17260364842.4544
LB|2001|17649751243.7811
LB|2002|19152238805.9702
LB|2003|20082918739.6352
LB|2004|21789054726.3682
LB|2005|21860696517.4129
LB|2006|22438474295.1907
LB|2007|25056716417.9104
LB|2008|30079601990.0498
LB|2009|34650746268.6567
LB|2010|37124378109.4527
LB|2011|40094328358.209
LB|2012|42945273631.8408
LR|1999|441800019.378319
LR|2000|529064646.66383
LR|2001|514999999.999999
LR|2002|536000000.000001
LR|2003|409000000
LR|2004|466999999.999999
LR|2005|541999999.999999
LR|2006|604028581.80619
LR|2007|739026892.226679
LR|2008|850040458.839631
LR|2009|1155146229.786
LR|2010|1292696475.95873
LR|2011|1537753884.57502
LR|2012|1733823552.70914
LY|1999|30484399895.6472
LY|2000|33896600870.7706
LY|2001|28420321951.542
LY|2002|19842519685.0394
LY|2003|24062500000
LY|2004|33384615384.6154
LY|2005|44000000000
LY|2006|56484375000
LY|2007|71803278688.5246
LY|2008|93167701863.354
LY|2009|62360446570.9729
LC|1999|692507395.177286
LC|2000|764457723.425116
LC|2001|708290496.305954
LC|2002|723027643.082723
LC|2003|781338352.904771
LC|2004|858255380.398219
LC|2005|908558306.769096
LC|2006|1018069266.61284
LC|2007|1132407669.55652
LC|2008|1174876792.07407
LC|2009|1173930131.2963
LC|2010|1208853571.11111
LC|2011|1259078381.85185
LC|2012|1238640740.74074
LI|1999|2664105901.18863
LI|2000|2483890593.70545
LI|2001|2491800558.77674
LI|2002|2688617884.8748
LI|2003|3070803431.476
LI|2004|3454374260.73671
LI|2005|3658356377.80983
LI|2006|3988775843.87205
LI|2007|4602346923.40322
LI|2008|4929414914.73469
LI|2009|4826167676.3641
LK|1999|15656342015.855
LK|2000|16330810303.9159
LK|2001|15746224409.8
LK|2002|17102623876.2283
LK|2003|18881765437.2151
LK|2004|20662525941.2986
LK|2005|24405791044.7761
LK|2006|28267410542.5164
LK|2007|32351184234.3157
LK|2008|40715240468.9375
LK|2009|42067974595.4411
LK|2010|49567521669.9098
LK|2011|59184308582.7982
LK|2012|59423009404.3887
LS|1999|801540664.712419
LS|2000|771200632.484425
LS|2001|706430933.003007
LS|2002|656802669.110291
LS|2003|969181550.992505
LS|2004|1234197704.43821
LS|2005|1368405301.24444
LS|2006|1428842600.12112
LS|2007|1597484735.65523
LS|2008|1630667593.27628
LS|2009|1716836000.19013
LS|2010|2203835214.2935
LS|2011|2524534244.77677
LS|2012|2447573299.47777
LT|1999|10971375000
LT|2000|11434200000
LT|2001|12159225000
LT|2002|14163949141.8999
LT|2003|18608709856.5781
LT|2004|22551543054.4565
LT|2005|25962254180.8029
LT|2006|30088510798.0993
LT|2007|39103973050.6292
LT|2008|47252926428.6698
LT|2009|36846183172.3027
LT|2010|36306384146.1075
LT|2011|42872072870.904
LT|2012|42343521965.7483
LU|1999|21185382484.5515
LU|2000|20267551133.2228
LU|2001|20196868008.9485
LU|2002|22568793525.3153
LU|2003|29144582392.7765
LU|2004|34077095478.4477
LU|2005|37643013480.575
LU|2006|42544669010.8776
LU|2007|51320626630.4244
LU|2008|54742739956.7876
LU|2009|49420776474.8702
LU|2010|51713947368.4211
LU|2011|57957916666.6667
LU|2012|55178452044.2273
LV|1999|7288524472.50101
LV|2000|7833068425.39159
LV|2001|8313047743.57121
LV|2002|9314784080.02692
LV|2003|11186452600.7262
LV|2004|13761569544.9926
LV|2005|16041840426.2666
LV|2006|19935046397.2163
LV|2007|28765687041.6504
LV|2008|33669367720.4659
LV|2009|25875781250
LV|2010|24009680459.9868
LV|2011|28480338367.6157
LV|2012|28372577696.5265
MO|1999|5916957024.96919
MO|2000|6101794938.88536
MO|2001|6514271488.1434
MO|2002|7008026414.60895
MO|2003|7926373572.23623
MO|2004|10258324479.1391
MO|2005|11792570015.7933
MO|2006|14568709574.0036
MO|2007|18054684854.2242
MO|2008|20731022857.2408
MO|2009|21313263933.1019
MO|2010|28359706123.0951
MO|2011|36796998498.2098
MO|2012|43582271461.8341
MA|1999|39734023742.7921
MA|2000|37020609824.9576
MA|2001|37724674865.0801
MA|2002|40416114690.137
MA|2003|49822651701.729
MA|2004|56948015336.0397
MA|2005|59523857868.0203
MA|2006|65637107776.2619
MA|2007|75226318359.375
MA|2008|88882967741.9355
MA|2009|90908402631.2523
MA|2010|90770671431.6696
MA|2011|99211339029.2806
MA|2012|95981572517.1671
MC|1999|2906009307.6651
MC|2000|2647883820.18625
MC|2001|2671401082.76436
MC|2002|2905973022.1746
MC|2003|3588988600.70294
MC|2004|4110348444.49411
MC|2005|4280072625.97622
MC|2006|4663488363.0977
MC|2007|5974371695.95045
MC|2008|6919241412.09365
MC|2009|5557579883.30092
MC|2010|5350993377.48344
MC|2011|6074506533.22213
MD|1999|1170785047.79461
MD|2000|1288420222.94787
MD|2001|1480656884.38462
MD|2002|1661818168.4226
MD|2003|1980901553.51226
MD|2004|2598231467.43671
MD|2005|2988172424.46608
MD|2006|3408454197.89191
MD|2007|4402495921.29332
MD|2008|6054806100.84681
MD|2009|5439422031.39627
MD|2010|5811622393.98689
MD|2011|7015201445.77502
MD|2012|7252769934.44626
MG|1999|3717515282.53878
MG|2000|3877673634.58854
MG|2001|4529575232.98509
MG|2002|4397254714.88337
MG|2003|5474030227.58602
MG|2004|4363934416.54784
MG|2005|5038577519.49857
MG|2006|5515236338.4864
MG|2007|7342905883.1691
MG|2008|9394330368.35779
MG|2009|8589560142.44925
MG|2010|8837041787.49382
MG|2011|9911781296.64175
MG|2012|9975124872.405
MV|1999|589239757.009346
MV|2000|624337143.585387
MV|2001|802442810.457516
MV|2002|828240882.492352
MV|2003|949867661.833266
MV|2004|1075605492.18297
MV|2005|992473987.301945
MV|2006|1303375806.06689
MV|2007|1541978558.62324
MV|2008|1891633531.16451
MV|2009|1984639640.86858
MV|2010|2134104883.7014
MV|2011|2153636962.94601
MV|2012|2222429330.40067
MX|1999|586690161460.681
MX|2000|692177614209.703
MX|2001|733461550751.4
MX|2002|750477694898.257
MX|2003|722164975397.307
MX|2004|774800766586.23
MX|2005|870215085180.847
MX|2006|966249852838.419
MX|2007|1043459078119.64
MX|2008|1099070673263.38
MX|2009|895354565566.632
MX|2010|1047368841686.06
MX|2011|1159889566239.49
MX|2012|1178126184343.49
MH|1999|107978893.139292
MH|2000|110937729.412641
MH|2001|115152142.737309
MH|2002|124735071.905407
MH|2003|126887585.451759
MH|2004|131106365.539613
MH|2005|137556822.771548
MH|2006|143352031.172085
MH|2007|149739017.444696
MH|2008|152565763.149451
MH|2009|151560778.381533
MH|2010|163200000
MH|2011|170700000
MH|2012|182400000
MK|1999|3673288165.87004
MK|2000|3586883988.95646
MK|2001|3436961384.81241
MK|2002|3791306757.66238
MK|2003|4756221628.61111
MK|2004|5514253043.38147
MK|2005|5985809059.97008
MK|2006|6560546900.04109
MK|2007|8159825620.389
MK|2008|9834038366.88837
MK|2009|9313573964.98007
MK|2010|9338665630.76177
MK|2011|10439099881.1349
MK|2012|9612518136.34871
ML|1999|2570429654.9005
ML|2000|2422482317.56719
ML|2001|2629739067.46746
ML|2002|3342824259.82493
ML|2003|4362439886.7199
ML|2004|4874178417.19164
ML|2005|5305317554.72495
ML|2006|6122644014.78684
ML|2007|7145394015.23154
ML|2008|8737687352.70079
ML|2009|8964480570.32521
ML|2010|9422267259.9894
ML|2011|10656395534.0275
ML|2012|10308146675.9498
MT|1999|3907947937.46914
MT|2000|3957418082.79925
MT|2001|3917620727.92241
MT|2002|4296164768.28161
MT|2003|5119621569.32049
MT|2004|5643525281.93441
MT|2005|5980795755.74103
MT|2006|6390123590.13841
MT|2007|7513834699.60697
MT|2008|8554293727.08674
MT|2009|8099400960.97627
MT|2010|8163841059.60265
MT|2011|9151793160.96747
MT|2012|8721923076.92308
ME|2000|984279596.4
ME|2001|1159891560
ME|2002|1284504508.58333
ME|2003|1707662607.75
ME|2004|2073255525.20487
ME|2005|2257181942.54446
ME|2006|2696020574.58286
ME|2007|3668857103.75034
ME|2008|4519731946.68229
ME|2009|4157852771.6
ME|2010|4114780573.5
ME|2011|4501811520
ME|2012|4373170811.72835
MN|1999|1057408608.43579
MN|2000|1136896162.14218
MN|2001|1267997923.03269
MN|2002|1396555772.03794
MN|2003|1595297301.45651
MN|2004|1992066758.84423
MN|2005|2523359940.71209
MN|2006|3414053250.94549
MN|2007|4234894168.15659
MN|2008|5623236707.52471
MN|2009|4583834427.36474
MN|2010|6200357070.1148
MN|2011|8761426370.55877
MN|2012|10271393281.3833
MZ|1999|4536278939.24475
MZ|2000|4310090791.18029
MZ|2001|4075049537.3821
MZ|2002|4201332885.28416
MZ|2003|4666197195.33585
MZ|2004|5697991241.44882
MZ|2005|6578515331.19659
MZ|2006|7095910827.74363
MZ|2007|8035635713.16184
MZ|2008|9891003404.78197
MZ|2009|9674037707.314
MZ|2010|9274448731.91612
MZ|2011|12568440512.7595
MZ|2012|14243717484.4635
MR|1999|1405662577.97303
MR|2000|1293653473.22014
MR|2001|1295536829.06554
MR|2002|1324424463.41007
MR|2003|1563072653.30951
MR|2004|1833445283.01887
MR|2005|2184444848.94895
MR|2006|3040718540.58079
MR|2007|3356758533.56708
MR|2008|3790240830.66288
MR|2009|3027020111.5163
MR|2010|3671380305.41277
MR|2011|4273232647.83585
MR|2012|4199051817.05876
MU|1999|4291171395.71086
MU|2000|4582562397.94313
MU|2001|4536544699.05727
MU|2002|4767303153.04439
MU|2003|5609836353.56371
MU|2004|6385691315.22535
MU|2005|6283796155.23716
MU|2006|6731536244.19443
MU|2007|7792063566.51501
MU|2008|9641077098.19803
MU|2009|8834661042.93519
MU|2010|9718331362.63822
MU|2011|11250559552.9847
MU|2012|10486037633.994
MW|1999|1775920039.08836
MW|2000|1743506286.64581
MW|2001|1716502069.29157
MW|2002|2665158942.8967
MW|2003|2424656666.0654
MW|2004|2625127097.7198
MW|2005|2754995876.60249
MW|2006|3116789657.89251
MW|2007|3647817218.57435
MW|2008|4276769712.29181
MW|2009|5030639934.35772
MW|2010|5398616984.59149
MW|2011|5621000677.89922
MW|2012|4263794983.9006
MY|1999|79148158887.9154
MY|2000|93789473684.2105
MY|2001|92783947368.4211
MY|2002|100845526315.789
MY|2003|110202368421.053
MY|2004|124749736842.105
MY|2005|143533152129.483
MY|2006|162692467585.806
MY|2007|193552802791.702
MY|2008|230987618903.551
MY|2009|202251384991.501
MY|2010|247533525517.698
MY|2011|289258937258.632
MY|2012|305032745224.598
NA|1999|3385555872.76121
NA|2000|3908598123.34455
NA|2001|3546795054.15585
NA|2002|3361241961.35377
NA|2003|4931293712.20614
NA|2004|6606970842.65234
NA|2005|7261301442.47414
NA|2006|7978676469.77384
NA|2007|8811608766.89852
NA|2008|8829927125.40153
NA|2009|8859203056.19983
NA|2010|11065912279.3816
NA|2011|12623100410.462
NA|2012|13072278942.987
NC|1999|3056999988.09146
NC|2000|2682347064.36419
NE|1999|2018193598.24088
NE|2000|1798374532.94855
NE|2001|1945327545.88815
NE|2002|2170481497.62212
NE|2003|2731416281.32709
NE|2004|3052898685.69525
NE|2005|3405134555.29166
NE|2006|3646727993.03698
NE|2007|4291363546.82479
NE|2008|5403364453.52777
NE|2009|5397121962.02425
NE|2010|5718589550.16349
NE|2011|6411842066.31128
NE|2012|6773185511.26727
NG|1999|35870792987.9432
NG|2000|46385996027.4279
NG|2001|44138014092.2627
NG|2002|59116868249.8401
NG|2003|67655840108.1547
NG|2004|87845403978.2742
NG|2005|112248324602.677
NG|2006|145429802541.747
NG|2007|166451202370.171
NG|2008|208064724514.151
NG|2009|169481270114.984
NG|2010|229507890739.083
NG|2011|245682418219.43
NG|2012|262597405487.822
NI|1999|4855717872.17377
NI|2000|5107329009.66642
NI|2001|5323146567.74198
NI|2002|5224213018.8925
NI|2003|5322437647.57853
NI|2004|5795568202.50505
NI|2005|6322582497.35619
NI|2006|6786294613.48486
NI|2007|7446636654.71995
NI|2008|8254342299.67401
NI|2009|8156131183.33235
NI|2010|8586295846.08302
NI|2011|9635568028.48791
NI|2012|10507356837.651
NL|1999|411456424461.965
NL|2000|385074626865.672
NL|2001|400654138702.461
NL|2002|437807265198.57
NL|2003|538312641083.521
NL|2004|609889925685.869
NL|2005|638470626274.685
NL|2006|677691901432.745
NL|2007|782566743038.276
NL|2008|870811147324.862
NL|2009|796333367137.001
NL|2010|772090789473.684
NL|2011|832009722222.222
NL|2012|770555412702.494
NO|1999|159045286696.071
NO|2000|168288531891.204
NO|2001|170922851073.768
NO|2002|191927027230.141
NO|2003|224880794327.844
NO|2004|260029106207.989
NO|2005|304060069848.661
NO|2006|340041912703.697
NO|2007|393479162081.796
NO|2008|453885460992.908
NO|2009|378849392446.007
NO|2010|421236092715.232
NO|2011|491064821428.571
NO|2012|499667211001.289
NP|1999|5033642384.10596
NP|2000|5494252207.90502
NP|2001|6007061224.4898
NP|2002|6050875806.66403
NP|2003|6330476434.54937
NP|2004|7273933992.74548
NP|2005|8130258976.02985
NP|2006|9043715355.8881
NP|2007|10325618017.379
NP|2008|12545438605.3959
NP|2009|12854834975.299
NP|2010|16010389261.745
NP|2011|19123129346.3143
NP|2012|18962962962.963
NZ|1999|58141345788.5723
NZ|2000|51981385895.5781
NZ|2001|53273715302.1932
NZ|2002|65999637537.5819
NZ|2003|87418267497.2517
NZ|2004|102983802756.303
NZ|2005|113834420633.803
NZ|2006|110304429415.584
NZ|2007|135291901176.471
NZ|2008|130672262112.676
NZ|2009|118573727125
NZ|2010|143246762589.928
NZ|2011|162634645669.291
NZ|2012|167347054533.668
OM|1999|15710148340.0807
OM|2000|19867880550.2714
OM|2001|19949284974.8547
OM|2002|20049414986.065
OM|2003|21542262852.4551
OM|2004|24673602279.5173
OM|2005|30905071770.5812
OM|2006|36803641389.0006
OM|2007|41901170688.8693
OM|2008|60566970579.2556
OM|2009|46866060195.7311
OM|2010|58813004375.26
OM|2011|69971912137.5133
PK|1999|62973855718.8874
PK|2000|73952374969.7995
PK|2001|72309738921.3329
PK|2002|72306820396.2325
PK|2003|83244801092.7096
PK|2004|97977766197.6724
PK|2005|109502102510.883
PK|2006|137264061106.043
PK|2007|152385716311.916
PK|2008|170077814106.305
PK|2009|168152775283.032
PK|2010|177406854514.885
PK|2011|213853864893.914
PK|2012|225143266331.151
PA|1999|11456300000
PA|2000|11620500000
PA|2001|11807500000
PA|2002|12272400000
PA|2003|12933200000
PA|2004|14179300000
PA|2005|15464700000
PA|2006|17137000000
PA|2007|19793700000
PA|2008|23001600000
PA|2009|24162900000
PA|2010|26589600000
PA|2011|31315800000
PA|2012|36252500000
PE|1999|51509515206.3704
PE|2000|53290390318.0249
PE|2001|53935760985.2102
PE|2002|56772338815.4457
PE|2003|61346725170.0522
PE|2004|69725009964.83
PE|2005|79385073422.3301
PE|2006|92432757798.1651
PE|2007|107492226613.478
PE|2008|129537265753.425
PE|2009|130064300617.482
PE|2010|157609814184.397
PE|2011|181011064727.273
PE|2012|203790266509.653
PH|1999|82995145600.7289
PH|2000|81026294681.2438
PH|2001|76261998622.8918
PH|2002|81357657790.4137
PH|2003|83908205719.8012
PH|2004|91371236939.2189
PH|2005|103065972407.859
PH|2006|122210719245.942
PH|2007|149359920006.4
PH|2008|173602533345.577
PH|2009|168333540385.114
PH|2010|199589447424.074
PH|2011|224095219329.238
PH|2012|250182019476.324
PW|1999|113485000
PW|2000|158408810.423418
PW|2001|167182520.656761
PW|2002|168926089.456712
PW|2003|173320433.977028
PW|2004|190829015.31499
PW|2005|206328827.379497
PW|2006|210111650.861356
PW|2007|211831321.628491
PW|2008|212734858.063924
PW|2009|197525348.180376
PW|2010|196543326.079735
PW|2011|212903319.801064
PW|2012|228415735.257751
PG|1999|3477060138.33333
PG|2000|3521348154.79666
PG|2001|3081029665.98233
PG|2002|2999542369.42117
PG|2003|3536459119.8821
PG|2004|3927114456.84311
PG|2005|4901584516.12903
PG|2006|5598700444.44444
PG|2007|6329292929.29293
PG|2008|8010370370.37037
PG|2009|7914594202.89855
PG|2010|9480047958.80839
PG|2011|12393604089.4569
PG|2012|15653921367.2759
PL|1999|167801749888.458
PL|2000|171276118424.232
PL|2001|190420870074.99
PL|2002|198179425151.286
PL|2003|216800888642.044
PL|2004|252768998589.254
PL|2005|303912247950.845
PL|2006|341669943593.876
PL|2007|425321502150.576
PL|2008|529432301178.815
PL|2009|430917310342.617
PL|2010|469736810690.719
PL|2011|515666869136.802
PL|2012|489795486644.151
PR|1999|57841000000
PR|2000|61702000000
PR|2001|69208000000
PR|2002|71624000000
PR|2003|74827000000
PR|2004|79209000000
PR|2005|82809000000
PR|2006|86157000000
PR|2007|88405000000
PR|2008|92605700000
PR|2009|95369800000
PR|2010|97147300000
PR|2011|98757000000
PR|2012|101495811266
PT|1999|126423822714.681
PT|2000|117299520913.949
PT|2001|120332080536.913
PT|2002|132285714285.714
PT|2003|161931941309.255
PT|2004|185397304327.851
PT|2005|191847858528.578
PT|2006|201790398436.412
PT|2007|231741573802.622
PT|2008|251925293880.69
PT|2009|234119384365.758
PT|2010|227446710526.316
PT|2011|237675277777.778
PT|2012|212273977886.346
PY|1999|8392549938.67056
PY|2000|8195993191.26952
PY|2001|7662594856.78516
PY|2002|6325151820.2228
PY|2003|6588103956.47934
PY|2004|8033877459.1225
PY|2005|8734651353.60575
PY|2006|10662013294.3079
PY|2007|13837525590.2673
PY|2008|18504760911.426
PY|2009|15954961409.8569
PY|2010|20028375553.9077
PY|2011|26007966686.6956
PY|2012|25502060502.1181
PF|1999|3797016068.69689
PF|2000|3447543137.94149
QA|1999|12393131510.9639
QA|2000|17759889598.0531
QA|2001|17538461033.0061
QA|2002|19363735705.6767
QA|2003|23533790530.5514
QA|2004|31675273812.3988
QA|2005|43040108649.7014
QA|2006|60496701553.1987
QA|2007|79546975729.4478
QA|2008|115019776904.93
QA|2009|97583513671.1764
QA|2010|125122249141.251
QA|2011|171476093959.187
RO|1999|35592337082.8604
RO|2000|37052636395.1938
RO|2001|40180746113.1837
RO|2002|45824529874.3372
RO|2003|59507345650.253
RO|2004|75489440362.1003
RO|2005|98913392471.9673
RO|2006|122641508767.76
RO|2007|169282491900.094
RO|2008|204335225693.755
RO|2009|164345718689.535
RO|2010|164435979735.045
RO|2011|189775739203.407
RO|2012|192710684930.009
RU|1999|195905767668.562
RU|2000|259708496267.33
RU|2001|306602673980.117
RU|2002|345110438693.573
RU|2003|430347770733.155
RU|2004|591016690742.937
RU|2005|764000901160.58
RU|2006|989930542278.684
RU|2007|1299705764824.48
RU|2008|1660846387626
RU|2009|1222648134225.45
RU|2010|1524916698233.31
RU|2011|1899085300762.05
RU|2012|2014774938341.85
RW|1999|1817655191.84317
RW|2000|1734938190.27765
RW|2001|1674685125.62865
RW|2002|1677447003.07548
RW|2003|1845979351.35205
RW|2004|2089188920.75355
RW|2005|2581286406.73226
RW|2006|3111191405.55534
RW|2007|3738146668.93841
RW|2008|4711735377.43574
RW|2009|5252677064.51254
RW|2010|5624506157.41067
RW|2011|6354119344.04968
RW|2012|7103000861.20669
SA|1999|160957062621.867
SA|2000|188441864874.667
SA|2001|183012268441.6
SA|2002|188551196398.933
SA|2003|214572800000
SA|2004|258742133333.333
SA|2005|328459608764.111
SA|2006|376900133511.348
SA|2007|415909018143.01
SA|2008|519796800000
SA|2009|429097866666.667
SA|2010|526811466666.667
SA|2011|669506666666.667
SA|2012|711049600000
SD|1999|10682027626.827
SD|2000|12257299162.7402
SD|2001|13182872554.7864
SD|2002|14803423334.6043
SD|2003|17646271396.8949
SD|2004|21457886199.291
SD|2005|26524992225.3521
SD|2006|35159250984.9057
SD|2007|45456460335.1022
SD|2008|54082389392.8541
SD|2009|52839990730.8172
SD|2010|64849930757.6995
SD|2011|63997129026.7582
SD|2012|58768800832.7859
SN|1999|5144045092.86221
SN|2000|4679604921.56347
SN|2001|4877602012.42811
SN|2002|5333862343.6271
SN|2003|6858952716.5383
SN|2004|8031344239.66792
SN|2005|8707015063.75222
SN|2006|9358710763.47381
SN|2007|11284603480.5383
SN|2008|13386346542.8972
SN|2009|12812994669.9019
SN|2010|12932427724.3508
SN|2011|14440676497.9993
SN|2012|14045759802.382
SG|1999|85963561402.373
SG|2000|95922652585.622
SG|2001|91148432628.399
SG|2002|90582818233.825
SG|2003|93362870572.9047
SG|2004|109336483913.863
SG|2005|123506892267.645
SG|2006|139020876513.172
SG|2007|168705756482.337
SG|2008|178924164929.529
SG|2009|194131267854.513
SG|2010|217200123752.449
SG|2011|245024318394.339
SG|2012|274701299733.694
SB|1999|482214092.308964
SB|2000|435101217.233417
SB|2001|400464593.02552
SB|2002|341663053.747468
SB|2003|332736306.539249
SB|2004|375109694.525921
SB|2005|413909879.281265
SB|2006|456735444.86792
SB|2007|586218381.044736
SB|2008|645796657.499394
SB|2009|601299089.753921
SB|2010|678625481.686751
SB|2011|866672433.270049
SB|2012|1008424232.18251
SL|1999|669384768.87263
SL|2000|635874002.198748
SL|2001|1079478387.83576
SL|2002|1239004287.75607
SL|2003|1371442565.69701
SL|2004|1431208677.30352
SL|2005|1627853086.42403
SL|2006|1887429109.49668
SL|2007|2157944721.20791
SL|2008|2504381637.36576
SL|2009|2454531383.2699
SL|2010|2575466372.26831
SL|2011|2938747215.20983
SL|2012|3796030045.13767
SV|1999|12464700000
SV|2000|13134100000
SV|2001|13812700000
SV|2002|14306700000
SV|2003|15046700000
SV|2004|15798300000
SV|2005|17093800000
SV|2006|18550700000
SV|2007|20104900000
SV|2008|21431000000
SV|2009|20661000000
SV|2010|21418300000
SV|2011|23139000000
SV|2012|23864400000
SM|1999|853373879.731819
SM|2000|773907642.414748
SM|2001|815205233.062791
SM|2002|879957209.923907
SM|2003|1122981525.35502
SM|2004|1317357834.61634
SM|2005|1375416604.48689
SM|2006|1469075398.31891
SM|2007|1687653983.02765
SM|2008|1899809579.61037
RS|1999|17632705912.6184
RS|2000|6082791506.17659
RS|2001|11390468618.534
RS|2002|15102567924.9297
RS|2003|19550781969.0408
RS|2004|23649854234.3966
RS|2005|25234408772.9975
RS|2006|29221081586.6368
RS|2007|38952093544.4413
RS|2008|47760580365.5549
RS|2009|40249479880.3207
RS|2010|36990001283.5323
RS|2011|43291846195.8004
RS|2012|37488935009.7878
ST|2000|76709304.533641
ST|2001|76460376.9594566
ST|2002|90713303.0563938
ST|2003|97994011.6429379
ST|2004|106764253.74548
ST|2005|113808749.415253
ST|2006|124184906.73689
ST|2007|144259256.649338
ST|2008|183464986.34772
ST|2009|196473838.856079
ST|2010|201037916.583708
ST|2011|248286778.216557
ST|2012|263398378.000848
SR|1999|885444167.44186
SR|2000|892164363.636364
SR|2001|763465570.642202
SR|2002|1078402127.65957
SR|2003|1271196078.43137
SR|2004|1484092538.40527
SR|2005|1793557833.08931
SR|2006|2626093294.46064
SR|2007|2936612021.85792
SR|2008|3532969034.60838
SR|2009|3875409836.06557
SR|2010|4368007284.81569
SR|2011|4363219094.24725
SR|2012|5012121214.24757
SK|1999|29947934157.2555
SK|2000|28724041827.8976
SK|2001|30318731991.0515
SK|2002|34638306041.7843
SK|2003|45837416478.5553
SK|2004|56073225726.3472
SK|2005|61328471583.1364
SK|2006|69002095094.7184
SK|2007|84108560087.5992
SK|2008|97908891167.4235
SK|2009|87239747151.9867
SK|2010|87077443708.6093
SK|2011|95877536836.2524
SK|2012|91148717948.7179
SI|1999|22309684226.3866
SI|2000|19979467790.4398
SI|2001|20498926980.9993
SI|2002|23136352386.3753
SI|2003|29152072067.9303
SI|2004|33837749815.1716
SI|2005|35717733757.4551
SI|2006|38945146499.5315
SI|2007|47306799054.202
SI|2008|54606018255.4563
SI|2009|49056152691.0253
SI|2010|46908328071.2701
SI|2011|50250208507.4658
SI|2012|45279487179.8345
SE|1999|258813540859.799
SE|2000|247260155857.763
SE|2001|227359498891.481
SE|2002|250960758336.671
SE|2003|314713404152.703
SE|2004|362089648912.965
SE|2005|370579639747.414
SE|2006|399075661572.866
SE|2007|462512853670.12
SE|2008|486158607819.636
SE|2009|405782994635.359
SE|2010|462903051317.614
SE|2011|536293220338.983
SE|2012|523805608856.089
SZ|1999|1547888453.75789
SZ|2000|1524490159.09856
SZ|2001|1349326983.00661
SZ|2002|1224220675.06919
SZ|2003|1854020495.72254
SZ|2004|2420610578.59952
SZ|2005|2584077930.66197
SZ|2006|2947922182.75015
SZ|2007|3053823329.23844
SZ|2008|3019770679.64511
SZ|2009|3161320520.44067
SZ|2010|3691050502.68749
SZ|2011|3969078027.33547
SZ|2012|3744472287.07088
SC|1999|622975776.387828
SC|2000|614877971.233472
SC|2001|618433500.97097
SC|2002|698083344.991819
SC|2003|703096502.624651
SC|2004|839319935.206909
SC|2005|919103261.987138
SC|2006|1016419769.16068
SC|2007|1033635773.39104
SC|2008|967211974.937748
SC|2009|847424851.518855
SC|2010|969973774.818177
SC|2011|1074584859.83785
SC|2012|1128753720.62939
SY|1999|15873875968.9922
SY|2000|19325894913.1254
SY|2001|21099833783.503
SY|2002|21582248881.6592
SY|2003|21828144686.0394
SY|2004|25086930693.0693
SY|2005|28858965517.2414
SY|2006|33332844574.7801
SY|2007|40405006007.2086
SY|2008|52581913978.4946
SY|2009|53934534350.507
SY|2010|59147033451.8525
SY|2012|73672408036.1474
TD|1999|1534673503.52975
TD|2000|1385058211.51211
TD|2001|1709347776.82501
TD|2002|1987622268.76482
TD|2003|2736666450.54794
TD|2004|4414929142.23367
TD|2005|6646663021.43571
TD|2006|7422102519.56848
TD|2007|8638711756.59476
TD|2008|10351933631.6086
TD|2009|9253484289.64401
TD|2010|10657705072.3284
TD|2011|12156380062.0355
TD|2012|12887072081.6363
TG|1999|1576094484.70894
TG|2000|1294250279.68129
TG|2001|1332328986.28277
TG|2002|1474630199.41874
TG|2003|1673690389.7013
TG|2004|1937074537.93089
TG|2005|2115154090.31071
TG|2006|2202809210.74095
TG|2007|2523462648.98387
TG|2008|3159544508.84232
TG|2009|3163000590.663
TG|2010|3172945282.32304
TG|2011|3685781119.61991
TG|2012|3813834650.19521
TH|1999|122629741697.716
TH|2000|122725247705.559
TH|2001|115536405150.354
TH|2002|126876918690.024
TH|2003|142640079033.312
TH|2004|161339790594.627
TH|2005|176351948403.908
TH|2006|207088828467.346
TH|2007|246976870172.836
TH|2008|272577799257.354
TH|2009|263711244888.554
TH|2010|318907930075.712
TH|2011|345672232115.625
TH|2012|365965815820.015
TJ|1999|1086567367.91081
TJ|2000|860550294.273467
TJ|2001|1080774005.56446
TJ|2002|1221113794.72523
TJ|2003|1554125542.56223
TJ|2004|2076148710.31813
TJ|2005|2312319579.02843
TJ|2006|2830236053.84429
TJ|2007|3719497371.09659
TJ|2008|5161336170.46084
TJ|2009|4979481980.35098
TJ|2010|5642221528.67114
TJ|2011|6522590720.77739
TJ|2012|6972163026.4985
TM|1999|2450686659.778
TM|2000|2904662604.82053
TM|2001|3534771968.51189
TM|2002|4462028988.72949
TM|2003|5977440582.80171
TM|2004|6838351088.46688
TM|2005|8104355716.8784
TM|2006|10277598152.4249
TM|2007|12664165103.1895
TM|2008|19271445266.8485
TM|2009|20214456140.3509
TM|2010|22148070175.4386
TM|2011|29233333333.3333
TM|2012|35164210526.3158
TL|2000|350100000
TL|2001|429700000
TL|2002|426700000
TL|2003|436500000
TL|2004|455500000
TL|2005|479100000
TL|2006|462600000
TL|2007|558700000
TL|2008|693800000
TL|2009|826700000
TL|2010|934300000
TL|2011|1128300000
TL|2012|1293000000
TO|1999|194669501.594647
TO|2000|188623258.458914
TO|2001|167042880.071237
TO|2002|181801946.956512
TO|2003|208098551.915317
TO|2004|240794581.220982
TO|2005|264812953.795424
TO|2006|295998379.120654
TO|2007|301064027.077359
TO|2008|346850175.914555
TO|2009|318522296.093243
TO|2010|369212477.46289
TO|2011|423038016.923815
TO|2012|471575497.307237
TT|1999|6808976088.59679
TT|2000|8154315708.34826
TT|2001|8824873155.62584
TT|2002|9008273516.35786
TT|2003|11235960523.0869
TT|2004|12884712295.9948
TT|2005|16088526685.8421
TT|2006|18460905284.2745
TT|2007|21735387008.2052
TT|2008|28017710148.1706
TT|2009|19251916757.9409
TT|2010|20667611846.2508
TT|2011|23577857645.1285
TT|2012|23320256742.6171
TN|1999|22943685719.103
TN|2000|21473261837.0176
TN|2001|22066031834.2948
TN|2002|23141616604.5242
TN|2003|27453084982.5378
TN|2004|31183059012.4448
TN|2005|32282960678.4888
TN|2006|34377235161.5327
TN|2007|38848711943.7939
TN|2008|44736953169.3856
TN|2009|43607568688.4396
TN|2010|44377742070.7
TN|2011|46434616144.2086
TN|2012|45662043358.0705
TR|1999|249751470869.15
TR|2000|266567531989.763
TR|2001|196005288838.12
TR|2002|232534560774.947
TR|2003|303005302818.309
TR|2004|392166274991.231
TR|2005|482979839237.868
TR|2006|530900095204.76
TR|2007|647155133931.998
TR|2008|730337495966.193
TR|2009|614553921823.292
TR|2010|731144392556.339
TR|2011|774775177386.146
TR|2012|789257487307.029
TV|1999|13686699.5709539
TV|2000|13741846.5182024
TV|2001|13196230.2126276
TV|2002|15451294.0406177
TV|2003|18230893.0263027
TV|2004|21535706.6386182
TV|2005|21839580.5663688
TV|2006|22903319.50355
TV|2007|27030996.0274377
TV|2008|30290770.2566871
TV|2009|27101312.7916078
TV|2010|31824701.2783331
TV|2011|39313508.6934276
TV|2012|39875708.119439
TZ|1999|9697847589.16835
TZ|2000|10185786170.7327
TZ|2001|10383560997.7807
TZ|2002|10805600068.704
TZ|2003|11659129814.7433
TZ|2004|12825801916.6063
TZ|2005|14141916592.3846
TZ|2006|14331231238.9296
TZ|2007|16825547176.0324
TZ|2008|20715086118.9064
TZ|2009|21368165399.612
TZ|2010|22915004297.2183
TZ|2011|23874165047.2772
TZ|2012|28242425168.1058
UG|1999|5998563257.94659
UG|2000|6193246632.3273
UG|2001|5840503702.93999
UG|2002|6178563467.08765
UG|2003|6336696288.99935
UG|2004|7940362663.20133
UG|2005|9013834490.38208
UG|2006|9977209198.94291
UG|2007|11916019462.5072
UG|2008|14440417640.883
UG|2009|15803514642.8305
UG|2010|17197111223.1324
UG|2011|16822413295.1344
UG|2012|19881412441.2345
UA|1999|31580639053.2013
UA|2000|31261527363.144
UA|2001|38009344576.6088
UA|2002|42392896031.2394
UA|2003|50132953288.203
UA|2004|64883060725.7003
UA|2005|86142018069.3504
UA|2006|107753069306.931
UA|2007|142719009900.99
UA|2008|179992405832.321
UA|2009|117227769791.56
UA|2010|136418622767.355
UA|2011|163422495339.803
UA|2012|176308825694.203
UY|1999|23983945190.6167
UY|2000|22823255805.9664
UY|2001|20898788420.0932
UY|2002|13606494599.021
UY|2003|12045627411.0182
UY|2004|13686333821.7864
UY|2005|17362872709.7496
UY|2006|19579479147.1959
UY|2007|23410536954.8774
UY|2008|30366148247.8894
UY|2009|30229404320.5219
UY|2010|38846222984.5698
UY|2011|46434697450.8674
UY|2012|49919727146.4227
US|1999|9665700000000
US|2000|10289700000000
US|2001|10625300000000
US|2002|10980200000000
US|2003|11512200000000
US|2004|12277000000000
US|2005|13095400000000
US|2006|13857900000000
US|2007|14480300000000
US|2008|14720300000000
US|2009|14417900000000
US|2010|14958300000000
US|2011|15533800000000
US|2012|16244600000000
UZ|1999|17078465982.0282
UZ|2000|13760374487.51
UZ|2001|11401351420.1718
UZ|2002|9687951055.22541
UZ|2003|10128112401.4248
UZ|2004|12030023547.8807
UZ|2005|14307509838.8053
UZ|2006|17030896203.1963
UZ|2007|22311393927.8817
UZ|2008|27934030937.2157
UZ|2009|32816828372.9753
UZ|2010|39332771014.013
UZ|2011|45324317482.0908
UZ|2012|51112745668.7163
VC|1999|331866660.80569
VC|2000|397447006.684536
VC|2001|431017934.980541
VC|2002|462641609.607232
VC|2003|482397041.110191
VC|2004|522544701.882639
VC|2005|551431645.446551
VC|2006|611040126.245679
VC|2007|684691914.814815
VC|2008|699004420.740741
VC|2009|672342406.296296
VC|2010|674762008.518518
VC|2011|687993792.592593
VC|2012|712588888.888889
VE|1999|97974136436.6528
VE|2000|117147614565.563
VE|2001|122909734601.322
VE|2002|92889586976.1833
VE|2003|83622191418.9774
VE|2004|112451400422.982
VE|2005|145513489651.872
VE|2006|183477522123.894
VE|2007|230364012575.687
VE|2008|315600203539.823
VE|2009|329418979506.288
VE|2010|393807511437.279
VE|2011|316482190800.364
VE|2012|381286237847.667
VN|1999|28683658004.771
VN|2000|33640085727.518
VN|2001|35291349277.3143
VN|2002|37947904054.452
VN|2003|42717072777.5838
VN|2004|49424107709.8946
VN|2005|57633255739.4104
VN|2006|66371664817.0436
VN|2007|77414425532.2452
VN|2008|99130304099.1274
VN|2009|106014600963.957
VN|2010|115931749904.86
VN|2011|135539487317.008
VN|2012|155820001920.492
VU|1999|267999225.256634
VU|2000|272014693.050806
VU|2001|257926881.72043
VU|2002|262603781.799059
VU|2003|314463144.04219
VU|2004|364996869.129618
VU|2005|394962552.336108
VU|2006|437072933.899158
VU|2007|526425740.447881
VU|2008|607983815.257081
VU|2009|610075806.66568
VU|2010|700804045.16412
VU|2011|786294694.25164
VU|2012|787073459.020375
PS|1999|4168899306.51301
PS|2000|4113261232.92671
PS|2001|3332382199.49359
PS|2002|2832538290.42852
PS|2003|3144395542.913
PS|2004|3606871947.80257
PS|2005|4015865743.74699
WS|1999|230621434.542609
WS|2000|239698992.443325
WS|2001|243324190.253866
WS|2002|256677700.108988
WS|2003|301905953.023492
WS|2004|374507187.856928
WS|2005|412220560.259923
WS|2006|453082900.112909
WS|2007|490916834.706904
WS|2008|573946224.503845
WS|2009|500992499.165598
WS|2010|572160378.287853
WS|2011|630129114.003581
WS|2012|683719606.266704
YE|1999|7641101221.43876
YE|2000|9636342274.82408
YE|2001|9854042164.67463
YE|2002|10693278291.8149
YE|2003|11777768086.8693
YE|2004|13873500887.5612
YE|2005|16753787028.2859
YE|2006|18941303849.6801
YE|2007|21596088517.0427
YE|2008|26869018825.1218
YE|2009|24581907773.5827
YE|2010|31883409718.7382
YE|2011|31724633891.2004
YE|2012|35645823131.5726
ZA|1999|133183581578.205
ZA|2000|132877640157.574
ZA|2001|118478986832.603
ZA|2002|111100858130.227
ZA|2003|168219325183.617
ZA|2004|219092936699.386
ZA|2005|247051562311.219
ZA|2006|261007039378.852
ZA|2007|286171830700.042
ZA|2008|273141750192.768
ZA|2009|283985548070.365
ZA|2010|363240728680.384
ZA|2011|401802218556.36
ZA|2012|384312674445.534
CD|1999|4711259427.18182
CD|2000|4305296502.02899
CD|2001|4691816666.66667
CD|2002|5544467551.72297
CD|2003|5670128142.39407
CD|2004|6511032844.18882
CD|2005|7191141825.15134
CD|2006|8823784633.01218
CD|2007|10013852848.6836
CD|2008|11675330309.8997
CD|2009|11204008248.8673
CD|2010|13138775753.2026
CD|2011|15700470459.9222
CD|2012|17203980742.5707
ZM|1999|3131340054.42921
ZM|2000|3253551749.72453
ZM|2001|3653822711.78246
ZM|2002|3711284086.74656
ZM|2003|4341841413.82818
ZM|2004|5439176375.73615
ZM|2005|7178556336.82292
ZM|2006|10702200821.6889
ZM|2007|11541420981.4946
ZM|2008|14640792100.4893
ZM|2009|12805029521.6596
ZM|2010|16190196832.0872
ZM|2011|19204037683.5437
ZM|2012|20678025801.9103
ZW|1999|6858013062.76817
ZW|2000|6689957610.05549
ZW|2001|6777384732.66549
ZW|2002|6342116353.99126
ZW|2003|5727591778.02479
ZW|2004|5805598442.66676
ZW|2005|5755215232.33845
ZW|2006|5443896499.71994
ZW|2007|5291950101.35736
ZW|2008|4415702801.27889
ZW|2009|6133240671.86633
ZW|2010|7433314459.73933
ZW|2011|8865427917.06297
ZW|2012|9802360203.02197
