# Country Code|Year|IPs|ASNs|Cumulative IPs| Cumulative ASNs 
HK|1989|65536|0|65536|0
HK|1990|65536|0|131072|0
HK|1991|196864|0|327936|0
HK|1992|131840|0|459776|0
HK|1993|234752|0|694528|0
HK|1994|229888|0|924416|0
HK|1995|101888|27|1026304|27
HK|1996|117760|7|1144064|34
HK|1997|126976|14|1271040|48
HK|1998|147968|11|1419008|59
HK|1999|312320|20|1731328|79
HK|2000|624128|40|2355456|119
HK|2001|750115|22|3105571|141
HK|2002|929376|18|4034947|159
HK|2003|856934|12|4891881|171
HK|2004|640064|11|5531945|182
HK|2005|455968|13|5987913|195
HK|2006|460352|15|6448265|210
HK|2007|776256|20|7224521|230
HK|2008|763888|22|7988409|252
HK|2009|660544|31|8648953|283
HK|2010|1419744|43|10068697|326
HK|2011|1615803|37|11684500|363
HK|2012|85567|40|11770067|403
HN|1995|4352|1|4352|1
HN|1996|0|1|4352|2
HN|2001|0|1|4352|3
HN|2002|0|1|4352|4
HN|2003|0|1|4352|5
HN|2004|0|1|4352|6
HN|2005|4096|2|8448|8
HN|2006|34816|2|43264|10
HN|2007|16384|5|59648|15
HN|2008|30720|1|90368|16
HN|2009|560|3|90928|19
HN|2010|20480|3|111408|22
HN|2011|30064|0|141472|22
HN|2012|203312|4|344784|26
LR|2009|1024|1|1024|1
LR|2010|8192|1|9216|2
LR|2012|4096|1|13312|3
HR|1990|1024|0|1024|0
HR|1992|0|1|1024|1
HR|1993|131072|0|132096|1
HR|1995|0|1|132096|2
HR|1996|81920|1|214016|3
HR|1999|8192|2|222208|5
HR|2000|32832|2|255040|7
HR|2001|4096|1|259136|8
HR|2002|12800|6|271936|14
HR|2003|13856|5|285792|19
HR|2004|90189|3|375981|22
HR|2005|66816|13|442797|35
HR|2006|185344|5|628141|40
HR|2007|305408|11|933549|51
HR|2008|583997|10|1517546|61
HR|2009|155168|8|1672714|69
HR|2010|104032|7|1776746|76
HR|2011|254352|16|2031098|92
HR|2012|91904|11|2123002|103
HU|1984|65536|0|65536|0
HU|1991|132096|0|197632|0
HU|1992|69120|0|266752|0
HU|1993|196608|1|463360|1
HU|1994|131072|3|594432|4
HU|1995|155648|8|750080|12
HU|1996|181248|7|931328|19
HU|1997|156416|11|1087744|30
HU|1998|67072|4|1154816|34
HU|1999|49152|4|1203968|38
HU|2000|119808|11|1323776|49
HU|2001|207648|18|1531424|67
HU|2002|73984|9|1605408|76
HU|2003|209408|10|1814816|86
HU|2004|818720|13|2633536|99
HU|2005|288589|12|2922125|111
HU|2006|649792|15|3571917|126
HU|2007|401981|25|3973898|151
HU|2008|277952|19|4251850|170
HU|2009|338400|17|4590250|187
HU|2010|291456|9|4881706|196
HU|2011|448016|21|5329722|217
HU|2012|536800|14|5866522|231
HT|1997|0|1|0|1
HT|1999|0|1|0|2
HT|2000|8192|0|8192|2
HT|2004|20480|1|28672|3
HT|2005|32|4|28704|7
HT|2007|4096|0|32800|7
HT|2008|12288|0|45088|7
HT|2009|12592|1|57680|8
HT|2010|58400|2|116080|10
HT|2011|8192|0|124272|10
HT|2012|592|1|124864|11
SN|1984|256|0|256|0
SN|1994|2048|0|2304|0
SN|2005|128|0|2432|0
SN|2006|32|0|2464|0
SN|2009|90112|0|92576|0
SN|2010|131072|1|223648|1
KW|1990|65536|0|65536|0
KW|1993|70144|0|135680|0
KW|1994|76800|1|212480|1
KW|1995|16384|0|228864|1
KW|1996|8192|0|237056|1
KW|1997|8192|0|245248|1
KW|1998|8192|0|253440|1
KW|1999|16384|1|269824|2
KW|2000|139264|0|409088|2
KW|2001|4096|1|413184|3
KW|2002|8192|2|421376|5
KW|2003|38912|3|460288|8
KW|2004|10496|0|470784|8
KW|2005|8960|1|479744|9
KW|2006|146176|6|625920|15
KW|2007|91904|8|717824|23
KW|2008|242432|4|960256|27
KW|2009|48192|9|1008448|36
KW|2010|201536|5|1209984|41
KW|2011|363680|5|1573664|46
KW|2012|363613|5|1937277|51
SL|2006|8192|1|8192|1
SL|2008|1024|0|9216|1
SL|2009|1328|2|10544|3
SL|2010|2048|2|12592|5
SL|2011|2048|0|14640|5
SL|2012|35072|3|49712|8
SM|1995|8192|0|8192|0
SM|2000|0|1|8192|1
SM|2006|8192|1|16384|2
SM|2007|4096|0|20480|2
SM|2009|2048|2|22528|4
SM|2010|2048|0|24576|4
SM|2011|2384|0|26960|4
KR|1986|65536|0|65536|0
KR|1988|65536|0|131072|0
KR|1989|131328|0|262400|0
KR|1990|131072|0|393472|0
KR|1991|591872|0|985344|0
KR|1992|464640|0|1449984|0
KR|1993|955136|0|2405120|0
KR|1994|720896|0|3126016|0
KR|1995|278528|7|3404544|7
KR|1996|2883584|11|6288128|18
KR|1997|1115136|16|7403264|34
KR|1998|917504|24|8320768|58
KR|1999|3277382|114|11598150|172
KR|2000|8519785|157|20117935|329
KR|2001|4071634|101|24189569|430
KR|2002|4199516|150|28389085|580
KR|2003|3801592|14|32190677|594
KR|2004|3170720|6|35361397|600
KR|2005|8885664|1|44247061|601
KR|2006|7930674|51|52177735|652
KR|2007|7733440|110|59911175|762
KR|2008|7962592|51|67873767|813
KR|2009|10947968|50|78821735|863
KR|2010|25730880|52|104552615|915
KR|2011|7684928|100|112237543|1015
KR|2012|25200|1|112262743|1016
SK|1991|141568|0|141568|0
SK|1992|197888|0|339456|0
SK|1993|131072|0|470528|0
SK|1995|102400|0|572928|0
SK|1996|122880|6|695808|6
SK|1997|91648|4|787456|10
SK|1998|61440|2|848896|12
SK|1999|17664|2|866560|14
SK|2000|38912|1|905472|15
SK|2001|54016|11|959488|26
SK|2002|58880|6|1018368|32
SK|2003|33792|3|1052160|35
SK|2004|112240|5|1164400|40
SK|2005|253440|8|1417840|48
SK|2006|172096|5|1589936|53
SK|2007|177008|6|1766944|59
SK|2008|87616|8|1854560|67
SK|2009|276928|9|2131488|76
SK|2010|269888|10|2401376|86
SK|2011|101984|22|2503360|108
SK|2012|61069|17|2564429|125
KP|2009|1024|1|1024|1
SI|1990|3584|0|3584|0
SI|1991|65536|0|69120|0
SI|1992|132352|0|201472|0
SI|1993|131840|0|333312|0
SI|1994|16896|0|350208|0
SI|1995|8448|1|358656|1
SI|1996|98304|2|456960|3
SI|1997|24576|2|481536|5
SI|1998|16384|1|497920|6
SI|1999|57344|1|555264|7
SI|2000|21248|6|576512|13
SI|2001|25856|5|602368|18
SI|2002|46592|17|648960|35
SI|2003|53082|14|702042|49
SI|2004|78720|14|780762|63
SI|2005|120832|8|901594|71
SI|2006|263200|16|1164794|87
SI|2007|89600|22|1254394|109
SI|2008|183757|35|1438151|144
SI|2009|214663|26|1652814|170
SI|2010|369805|32|2022619|202
SI|2011|508141|40|2530760|242
SI|2012|32397|18|2563157|260
SG|1989|65536|0|65536|0
SG|1991|199424|0|264960|0
SG|1992|207360|0|472320|0
SG|1993|279296|0|751616|0
SG|1994|105728|0|857344|0
SG|1995|57856|2|915200|2
SG|1996|148480|2|1063680|4
SG|1997|49664|5|1113344|9
SG|1998|40960|3|1154304|12
SG|1999|187171|3|1341475|15
SG|2000|336384|24|1677859|39
SG|2001|229376|13|1907235|52
SG|2002|138336|11|2045571|63
SG|2003|232838|13|2278409|76
SG|2004|313344|13|2591753|89
SG|2005|247584|8|2839337|97
SG|2006|330240|10|3169577|107
SG|2007|1109280|16|4278857|123
SG|2008|455566|24|4734423|147
SG|2009|313008|27|5047431|174
SG|2010|484160|26|5531591|200
SG|2011|560809|29|6092400|229
SG|2012|45727|56|6138127|285
SD|1998|8192|0|8192|0
SD|2004|8192|0|16384|0
SD|2005|16384|0|32768|0
SD|2006|16416|0|49184|0
SD|2007|1024|2|50208|2
SD|2009|82944|1|133152|3
SD|2010|34112|4|167264|7
SD|2011|114749|0|282013|7
SD|2012|262144|0|544157|7
SE|1984|65792|0|65792|0
SE|1986|6144|0|71936|0
SE|1987|65536|0|137472|0
SE|1988|526848|0|664320|0
SE|1989|200192|0|864512|0
SE|1990|1573632|0|2438144|0
SE|1991|1257472|0|3695616|0
SE|1992|1224960|0|4920576|0
SE|1993|3051008|50|7971584|50
SE|1994|533504|14|8505088|64
SE|1995|375808|0|8880896|64
SE|1996|731136|5|9612032|69
SE|1997|279552|9|9891584|78
SE|1998|442368|14|10333952|92
SE|1999|789248|9|11123200|101
SE|2000|1343264|15|12466464|116
SE|2001|990749|22|13457213|138
SE|2002|1496144|30|14953357|168
SE|2003|580480|28|15533837|196
SE|2004|3465952|31|18999789|227
SE|2005|647712|35|19647501|262
SE|2006|2548064|50|22195565|312
SE|2007|2064669|48|24260234|360
SE|2008|463465|36|24723699|396
SE|2009|1556375|44|26280074|440
SE|2010|1781222|36|28061296|476
SE|2011|856160|52|28917456|528
SE|2012|771666|43|29689122|571
KZ|1996|16384|0|16384|0
KZ|1997|8192|1|24576|1
KZ|1998|32768|1|57344|2
KZ|1999|32768|1|90112|3
KZ|2000|32768|3|122880|6
KZ|2001|16384|3|139264|9
KZ|2002|4608|0|143872|9
KZ|2003|39168|2|183040|11
KZ|2004|29184|4|212224|15
KZ|2005|77056|5|289280|20
KZ|2006|56832|14|346112|34
KZ|2007|238336|8|584448|42
KZ|2008|292608|14|877056|56
KZ|2009|286240|6|1163296|62
KZ|2010|830240|14|1993536|76
KZ|2011|339808|13|2333344|89
KZ|2012|388704|12|2722048|101
SC|1995|65536|0|65536|0
SC|1997|65536|0|131072|0
SC|2005|3072|1|134144|1
SC|2006|4096|1|138240|2
SC|2007|5152|1|143392|3
SC|2008|2048|0|145440|3
SC|2009|1024|0|146464|3
SC|2010|9760|0|156224|3
SC|2011|1312|2|157536|5
SC|2012|166912|3|324448|8
SA|1992|3840|0|3840|0
SA|1993|140800|0|144640|0
SA|1994|256|0|144896|0
SA|1995|8448|0|153344|0
SA|1998|40960|1|194304|1
SA|1999|221184|0|415488|1
SA|2000|28672|0|444160|1
SA|2001|37120|2|481280|3
SA|2002|24576|4|505856|7
SA|2003|76093|5|581949|12
SA|2004|149504|4|731453|16
SA|2005|368128|8|1099581|24
SA|2006|406016|17|1505597|41
SA|2007|248832|12|1754429|53
SA|2008|509440|14|2263869|67
SA|2009|936032|15|3199901|82
SA|2010|551632|9|3751533|91
SA|2011|1026528|14|4778061|105
SA|2012|1553703|8|6331764|113
KG|1997|8192|1|8192|1
KG|1999|16384|1|24576|2
KG|2000|8192|1|32768|3
KG|2002|4096|1|36864|4
KG|2003|4096|1|40960|5
KG|2005|16384|1|57344|6
KG|2006|20736|3|78080|9
KG|2007|11264|0|89344|9
KG|2008|33056|4|122400|13
KG|2009|12544|3|134944|16
KG|2010|16896|3|151840|19
KG|2011|81520|5|233360|24
KG|2012|33792|4|267152|28
KE|1997|8192|0|8192|0
KE|1998|8192|0|16384|0
KE|2000|8192|1|24576|1
KE|2001|12288|2|36864|3
KE|2002|0|2|36864|5
KE|2003|8192|0|45056|5
KE|2004|16384|0|61440|5
KE|2005|22528|4|83968|9
KE|2006|40992|3|124960|12
KE|2007|65072|11|190032|23
KE|2008|61328|6|251360|29
KE|2009|146000|7|397360|36
KE|2010|1098736|14|1496096|50
KE|2011|136096|12|1632192|62
KE|2012|698256|7|2330448|69
SZ|1994|512|0|512|0
SZ|1995|256|0|768|0
SZ|2003|4096|1|4864|1
SZ|2004|0|1|4864|2
SZ|2006|8192|0|13056|2
SZ|2007|8192|0|21248|2
SZ|2008|4128|0|25376|2
SZ|2010|9216|2|34592|4
SZ|2012|2048|1|36640|5
SY|1993|2048|0|2048|0
SY|2002|0|1|2048|1
SY|2003|24576|2|26624|3
SY|2005|1024|1|27648|4
SY|2006|90112|0|117760|4
SY|2007|12288|0|130048|4
SY|2008|49152|1|179200|5
SY|2009|192512|0|371712|5
SY|2010|237632|0|609344|5
SY|2011|124928|1|734272|6
SY|2012|103456|0|837728|6
KN|1993|0|1|0|1
KN|1995|0|10|0|11
KN|1997|51456|0|51456|11
KN|2001|32|0|51488|11
KN|2005|3072|1|54560|12
KN|2006|1024|0|55584|12
KN|2007|1024|1|56608|13
KN|2008|4096|0|60704|13
KN|2010|1024|0|61728|13
KN|2011|768|0|62496|13
ST|2011|8224|0|8224|0
KM|2007|0|1|0|1
KM|2011|4096|0|4096|1
SR|1995|1024|0|1024|0
SR|2004|4096|0|5120|0
SR|2005|2048|1|7168|1
SR|2006|4096|0|11264|1
SR|2007|8192|0|19456|1
SR|2008|24576|0|44032|1
SR|2012|33856|1|77888|2
KH|2001|12288|2|12288|2
KH|2003|0|1|12288|3
KH|2004|12288|2|24576|5
KH|2005|10240|4|34816|9
KH|2006|18432|4|53248|13
KH|2007|31232|6|84480|19
KH|2008|16128|6|100608|25
KH|2009|66304|9|166912|34
KH|2010|11792|6|178704|40
KH|2011|44592|7|223296|47
KH|2012|10256|3|233552|50
KI|2002|1024|0|1024|0
ZA|1984|163840|1|163840|1
ZA|1988|256|0|164096|1
ZA|1989|65792|0|229888|1
ZA|1990|131840|0|361728|1
ZA|1991|657664|5|1019392|6
ZA|1992|1325056|0|2344448|6
ZA|1993|2771712|3|5116160|9
ZA|1994|1467648|1|6583808|10
ZA|1995|1556480|5|8140288|15
ZA|1996|529152|10|8669440|25
ZA|1997|294912|13|8964352|38
ZA|1998|40960|5|9005312|43
ZA|1999|16384|6|9021696|49
ZA|2000|49152|9|9070848|58
ZA|2001|30720|13|9101568|71
ZA|2002|30208|5|9131776|76
ZA|2003|22016|4|9153792|80
ZA|2004|42752|5|9196544|85
ZA|2005|409664|11|9606208|96
ZA|2006|1190752|6|10796960|102
ZA|2007|4038704|18|14835664|120
ZA|2008|437037|12|15272701|132
ZA|2009|1899632|14|17172333|146
ZA|2010|1478538|30|18650871|176
ZA|2011|2406458|33|21057329|209
ZA|2012|3381064|30|24438393|239
CY|1994|10240|1|10240|1
CY|1995|0|2|10240|3
CY|1996|32768|1|43008|4
CY|1997|0|1|43008|5
CY|1999|8192|1|51200|6
CY|2000|32768|3|83968|9
CY|2001|8192|3|92160|12
CY|2002|25630|4|117790|16
CY|2003|1280|7|119070|23
CY|2004|53280|3|172350|26
CY|2005|47104|2|219454|28
CY|2006|83712|4|303166|32
CY|2007|20480|2|323646|34
CY|2008|88640|3|412286|37
CY|2009|19488|5|431774|42
CY|2010|282224|9|713998|51
CY|2011|181088|9|895086|60
CY|2012|94207|9|989293|69
ZM|1996|0|1|0|1
ZM|2002|0|1|0|2
ZM|2003|8192|0|8192|2
ZM|2005|2048|1|10240|3
ZM|2006|2304|0|12544|3
ZM|2007|1024|2|13568|5
ZM|2008|21504|1|35072|6
ZM|2009|15872|3|50944|9
ZM|2010|85360|5|136304|14
ZM|2011|26816|1|163120|15
ZM|2012|147456|1|310576|16
CU|1994|512|0|512|0
CU|1995|66816|0|67328|0
CU|1997|0|1|67328|1
CU|1999|0|1|67328|2
CU|2000|0|1|67328|3
CU|2002|8192|0|75520|3
CU|2003|256|0|75776|3
CU|2004|5120|1|80896|4
CU|2005|10336|0|91232|4
CU|2006|6144|2|97376|6
CU|2007|4096|0|101472|6
CU|2008|4128|0|105600|6
CU|2009|32|0|105632|6
CU|2010|4096|0|109728|6
CU|2011|4128|0|113856|6
CU|2012|4096|0|117952|6
CR|1990|131072|0|131072|0
CR|1992|65792|0|196864|0
CR|1993|8448|1|205312|1
CR|1994|1280|1|206592|2
CR|1998|24576|0|231168|2
CR|1999|65536|1|296704|3
CR|2000|0|4|296704|7
CR|2002|16384|0|313088|7
CR|2004|24576|0|337664|7
CR|2005|1114144|0|1451808|7
CR|2006|16384|0|1468192|7
CR|2007|36896|2|1505088|9
CR|2008|139550|2|1644638|11
CR|2009|91696|4|1736334|15
CR|2010|56896|4|1793230|19
CR|2011|160523|8|1953753|27
CR|2012|352203|12|2305956|39
CN|1991|256|0|256|0
CN|1992|196864|0|197120|0
CN|1993|197888|0|395008|0
CN|1994|111616|0|506624|0
CN|1995|733952|0|1240576|0
CN|1996|1707520|14|2948096|14
CN|1997|803840|10|3751936|24
CN|1998|1654784|19|5406720|43
CN|1999|2146304|1|7553024|44
CN|2000|5705763|32|13258787|76
CN|2001|8526848|33|21785635|109
CN|2002|7688358|30|29473993|139
CN|2003|12159152|24|41633145|163
CN|2004|18693280|23|60326425|186
CN|2005|13975712|66|74302137|252
CN|2006|23543917|48|97846054|300
CN|2007|36834208|59|134680262|359
CN|2008|46429499|77|181109761|436
CN|2009|50661872|5|231771633|441
CN|2010|45073880|81|276845513|522
CN|2011|53076288|145|329921801|667
CN|2012|96699|64|330018500|731
CO|1987|12288|0|12288|0
CO|1992|65536|0|77824|0
CO|1993|16640|0|94464|0
CO|1994|135168|2|229632|2
CO|1995|58368|1|288000|3
CO|1996|10240|7|298240|10
CO|1997|0|10|298240|20
CO|1998|0|3|298240|23
CO|1999|0|3|298240|26
CO|2000|16640|7|314880|33
CO|2001|90112|9|404992|42
CO|2002|53248|5|458240|47
CO|2003|126976|4|585216|51
CO|2004|152064|6|737280|57
CO|2005|293376|3|1030656|60
CO|2006|647200|10|1677856|70
CO|2007|1292624|4|2970480|74
CO|2008|1052736|5|4023216|79
CO|2009|1129022|5|5152238|84
CO|2010|788640|5|5940878|89
CO|2011|2770581|5|8711459|94
CO|2012|2580432|9|11291891|103
CL|1987|0|1|0|1
CL|1990|256|0|256|1
CL|1991|327680|1|327936|2
CL|1992|464640|0|792576|2
CL|1993|629248|0|1421824|2
CL|1994|198656|0|1620480|2
CL|1995|42496|1|1662976|3
CL|1996|0|2|1662976|5
CL|1997|0|2|1662976|7
CL|1998|0|1|1662976|8
CL|1999|65536|6|1728512|14
CL|2000|39168|26|1767680|40
CL|2001|274432|17|2042112|57
CL|2002|139264|10|2181376|67
CL|2003|206112|7|2387488|74
CL|2004|227328|4|2614816|78
CL|2005|383040|3|2997856|81
CL|2006|502272|4|3500128|85
CL|2007|568192|15|4068320|100
CL|2008|457840|8|4526160|108
CL|2009|350304|13|4876464|121
CL|2010|801808|15|5678272|136
CL|2011|1511277|8|7189549|144
CL|2012|796992|14|7986541|158
CM|1994|256|0|256|0
CM|1997|8192|0|8448|0
CM|2000|0|2|8448|2
CM|2002|0|1|8448|3
CM|2006|17440|2|25888|5
CM|2007|16384|2|42272|7
CM|2008|5120|2|47392|9
CM|2009|41984|1|89376|10
CM|2010|27648|1|117024|11
CM|2011|19488|1|136512|12
CM|2012|2048|1|138560|13
CK|2000|8192|1|8192|1
CK|2009|32|0|8224|1
CH|1984|99328|0|99328|0
CH|1986|134144|0|233472|0
CH|1987|139776|0|373248|0
CH|1988|614400|0|987648|0
CH|1989|203264|0|1190912|0
CH|1990|732416|0|1923328|0
CH|1991|1710336|0|3633664|0
CH|1992|1643008|1|5276672|1
CH|1993|5910272|60|11186944|61
CH|1994|344832|2|11531776|63
CH|1995|350464|5|11882240|68
CH|1996|559872|9|12442112|77
CH|1997|736256|13|13178368|90
CH|1998|409856|20|13588224|110
CH|1999|303904|15|13892128|125
CH|2000|513024|31|14405152|156
CH|2001|496640|41|14901792|197
CH|2002|507821|23|15409613|220
CH|2003|452855|29|15862468|249
CH|2004|1184448|34|17046916|283
CH|2005|1093885|35|18140801|318
CH|2006|505136|57|18645937|375
CH|2007|404224|48|19050161|423
CH|2008|146472|51|19196633|474
CH|2009|816621|53|20013254|527
CH|2010|1020696|38|21033950|565
CH|2011|343840|40|21377790|605
CH|2012|274716|44|21652506|649
CI|1994|256|0|256|0
CI|2002|8192|0|8448|0
CI|2003|8192|0|16640|0
CI|2004|0|1|16640|1
CI|2006|24576|0|41216|1
CI|2007|24864|4|66080|5
CI|2008|18432|1|84512|6
CI|2009|24608|1|109120|7
CI|2010|8192|1|117312|8
CI|2011|8192|1|125504|9
CI|2012|45056|2|170560|11
CF|2006|2048|0|2048|0
CF|2007|1024|0|3072|0
CF|2008|256|0|3328|0
CF|2009|0|1|3328|1
CF|2010|1024|0|4352|1
CF|2012|2048|1|6400|2
CG|2008|1024|1|1024|1
CG|2010|7168|1|8192|2
CG|2011|4096|1|12288|3
CG|2012|1584|4|13872|7
CD|2005|2048|0|2048|0
CD|2007|1024|0|3072|0
CD|2008|4096|1|7168|1
CD|2009|9728|1|16896|2
CD|2010|2080|1|18976|3
CD|2011|32|0|19008|3
CD|2012|4656|7|23664|10
GP|1996|0|1|0|1
GP|2000|256|0|256|1
GP|2006|1024|1|1280|2
GP|2007|1024|0|2304|2
GP|2008|1024|0|3328|2
GP|2010|32|0|3360|2
GP|2011|1024|0|4384|2
CA|1984|256|0|256|0
CA|1985|68608|1|68864|1
CA|1986|131840|1|200704|2
CA|1987|328448|0|529152|2
CA|1988|1432064|1|1961216|3
CA|1989|2758656|4|4719872|7
CA|1990|4103680|253|8823552|260
CA|1991|3698688|1|12522240|261
CA|1992|8481280|2|21003520|263
CA|1993|7390976|39|28394496|302
CA|1994|2818560|32|31213056|334
CA|1995|2306048|25|33519104|359
CA|1996|2204928|29|35724032|388
CA|1997|864512|39|36588544|427
CA|1998|594688|28|37183232|455
CA|1999|1149184|38|38332416|493
CA|2000|1990944|69|40323360|562
CA|2001|1775616|80|42098976|642
CA|2002|1220672|68|43319648|710
CA|2003|617341|59|43936989|769
CA|2004|2438688|74|46375677|843
CA|2005|1163360|63|47539037|906
CA|2006|2453308|84|49992345|990
CA|2007|4036039|81|54028384|1071
CA|2008|2747481|79|56775865|1150
CA|2009|2565742|89|59341607|1239
CA|2010|2682985|96|62024592|1335
CA|2011|1160313|96|63184905|1431
CA|2012|16684628|101|79869533|1532
RO|1992|65536|0|65536|0
RO|1993|33024|1|98560|1
RO|1994|32768|1|131328|2
RO|1996|73728|3|205056|5
RO|1997|49152|2|254208|7
RO|1998|74240|10|328448|17
RO|1999|8192|20|336640|37
RO|2000|62464|27|399104|64
RO|2001|221952|35|621056|99
RO|2002|128256|31|749312|130
RO|2003|462624|30|1211936|160
RO|2004|222752|77|1434688|237
RO|2005|2436768|151|3871456|388
RO|2006|766720|205|4638176|593
RO|2007|2062080|158|6700256|751
RO|2008|1443040|171|8143296|922
RO|2009|2075360|188|10218656|1110
RO|2010|726236|138|10944892|1248
RO|2011|763581|136|11708473|1384
RO|2012|2573268|105|14281741|1489
US|1982|1280|0|1280|0
US|1983|18615040|0|18616320|0
US|1984|17967872|25|36584192|25
US|1985|1667328|21|38251520|46
US|1986|21239040|31|59490560|77
US|1987|9359872|49|68850432|126
US|1988|70398464|87|139248896|213
US|1989|94240512|266|233489408|479
US|1990|110123264|149|343612672|628
US|1991|204282368|95|547895040|723
US|1992|156076544|188|703971584|911
US|1993|74417920|381|778389504|1292
US|1994|114001920|669|892391424|1961
US|1995|58036992|1143|950428416|3104
US|1996|74572288|806|1025000704|3910
US|1997|27358976|841|1052359680|4751
US|1998|53641472|411|1106001152|5162
US|1999|20109088|737|1126110240|5899
US|2000|31184800|1232|1157295040|7131
US|2001|27506656|1330|1184801696|8461
US|2002|19273856|1107|1204075552|9568
US|2003|19755626|1154|1223831178|10722
US|2004|29637565|1176|1253468743|11898
US|2005|49558814|1026|1303027557|12924
US|2006|47494612|1242|1350522169|14166
US|2007|41216744|1330|1391738913|15496
US|2008|51543696|1400|1443282609|16896
US|2009|28850623|1233|1472133232|18129
US|2010|40164036|1209|1512297268|19338
US|2011|22348428|1298|1534645696|20636
US|2012|28257949|1280|1562903645|21916
JP|1986|768|0|768|0
JP|1987|136704|0|137472|0
JP|1988|465152|0|602624|0
JP|1989|15624192|0|16226816|0
JP|1990|662272|0|16889088|0
JP|1991|395008|0|17284096|0
JP|1992|12363008|0|29647104|0
JP|1993|6475520|0|36122624|0
JP|1994|427776|0|36550400|0
JP|1995|3148288|64|39698688|64
JP|1996|4219904|2|43918592|66
JP|1997|19841792|66|63760384|132
JP|1998|1130752|33|64891136|165
JP|1999|2408518|32|67299654|197
JP|2000|2310424|67|69610078|264
JP|2001|10335280|102|79945358|366
JP|2002|10647985|112|90593343|478
JP|2003|12387516|101|102980859|579
JP|2004|12261347|53|115242206|632
JP|2005|23310394|8|138552600|640
JP|2006|8395104|45|146947704|685
JP|2007|7006694|47|153954398|732
JP|2008|9992896|15|163947294|747
JP|2009|10979379|22|174926673|769
JP|2010|9982673|60|184909346|829
JP|2011|16873466|114|201782812|943
JP|2012|215256|51|201998068|994
RE|2008|32768|1|32768|1
JE|1998|8192|1|8192|1
JE|2000|8192|0|16384|1
JE|2003|8192|0|24576|1
JE|2005|16384|0|40960|1
JE|2006|4096|0|45056|1
JE|2007|2048|0|47104|1
JE|2008|6144|1|53248|2
JE|2009|32|1|53280|3
JE|2011|2080|1|55360|4
JE|2012|1024|0|56384|4
RU|1990|65792|0|65792|0
RU|1991|79360|0|145152|0
RU|1992|198912|0|344064|0
RU|1993|196864|10|540928|10
RU|1994|258304|12|799232|22
RU|1995|282624|21|1081856|43
RU|1996|532480|43|1614336|86
RU|1997|827392|63|2441728|149
RU|1998|753664|53|3195392|202
RU|1999|580640|45|3776032|247
RU|2000|811264|69|4587296|316
RU|2001|612128|90|5199424|406
RU|2002|895744|98|6095168|504
RU|2003|1113552|128|7208720|632
RU|2004|2100288|197|9309008|829
RU|2005|1638016|254|10947024|1083
RU|2006|2837568|278|13784592|1361
RU|2007|3105120|427|16889712|1788
RU|2008|5967360|584|22857072|2372
RU|2009|4992637|538|27849709|2910
RU|2010|6674570|553|34524279|3463
RU|2011|5690571|672|40214850|4135
RU|2012|5303984|680|45518834|4815
RW|2005|8192|0|8192|0
RW|2006|4096|1|12288|1
RW|2007|65568|1|77856|2
RW|2008|76800|2|154656|4
RW|2009|2048|1|156704|5
RW|2010|4464|2|161168|7
RW|2011|34848|1|196016|8
RW|2012|17440|2|213456|10
RS|1991|65536|0|65536|0
RS|1994|2304|0|67840|0
RS|1995|9216|0|77056|0
RS|1996|8192|2|85248|2
RS|1997|32768|2|118016|4
RS|1998|73728|3|191744|7
RS|1999|32768|1|224512|8
RS|2000|16384|4|240896|12
RS|2001|12288|1|253184|13
RS|2002|32800|3|285984|16
RS|2003|46112|5|332096|21
RS|2004|93984|7|426080|28
RS|2005|68608|5|494688|33
RS|2006|206592|11|701280|44
RS|2007|171520|15|872800|59
RS|2008|228672|9|1101472|68
RS|2009|434304|12|1535776|80
RS|2010|566173|23|2101949|103
RS|2011|73152|21|2175101|124
RS|2012|123293|15|2298394|139
IL|1984|983040|0|983040|0
IL|1990|131328|0|1114368|0
IL|1991|197120|0|1311488|0
IL|1992|1536|0|1313024|0
IL|1993|352000|1|1665024|1
IL|1994|8448|1|1673472|2
IL|1995|8192|3|1681664|5
IL|1996|49152|4|1730816|9
IL|1997|81920|4|1812736|13
IL|1998|49152|8|1861888|21
IL|1999|328704|11|2190592|32
IL|2000|225024|15|2415616|47
IL|2001|115712|22|2531328|69
IL|2002|287744|10|2819072|79
IL|2003|283424|13|3102496|92
IL|2004|847520|11|3950016|103
IL|2005|343936|21|4293952|124
IL|2006|411136|10|4705088|134
IL|2007|550192|19|5255280|153
IL|2008|305949|28|5561229|181
IL|2009|549952|27|6111181|208
IL|2010|687936|15|6799117|223
IL|2011|526944|16|7326061|239
IL|2012|204279|17|7530340|256
IM|2004|1024|0|1024|0
IM|2007|4096|2|5120|2
IM|2008|2048|0|7168|2
IM|2010|256|1|7424|3
IM|2011|2336|1|9760|4
FI|1984|210176|0|210176|0
FI|1987|4608|0|214784|0
FI|1988|327680|0|542464|0
FI|1989|477952|0|1020416|0
FI|1990|524288|0|1544704|0
FI|1991|584448|0|2129152|0
FI|1992|503808|1|2632960|1
FI|1993|1340160|1|3973120|2
FI|1994|593920|5|4567040|7
FI|1995|632320|8|5199360|15
FI|1996|576768|6|5776128|21
FI|1997|256512|1|6032640|22
FI|1998|369152|1|6401792|23
FI|1999|212992|6|6614784|29
FI|2000|353054|9|6967838|38
FI|2001|354365|13|7322203|51
FI|2002|587275|11|7909478|62
FI|2003|358320|14|8267798|76
FI|2004|1756125|6|10023923|82
FI|2005|1166080|11|11190003|93
FI|2006|973344|20|12163347|113
FI|2007|238080|12|12401427|125
FI|2008|210400|11|12611827|136
FI|2009|162464|19|12774291|155
FI|2010|265488|20|13039779|175
FI|2011|395552|10|13435331|185
FI|2012|246261|19|13681592|204
NU|2005|1024|0|1024|0
NU|2010|1072|1|2096|1
FJ|1990|65536|0|65536|0
FJ|1994|2048|0|67584|0
FJ|1995|1024|1|68608|1
FJ|1997|1024|0|69632|1
FJ|1998|512|0|70144|1
FJ|2000|4096|1|74240|2
FJ|2004|8192|0|82432|2
FJ|2005|6144|1|88576|3
FJ|2006|2048|0|90624|3
FJ|2007|592|1|91216|4
FJ|2008|19712|3|110928|7
FJ|2009|4160|1|115088|8
FJ|2010|16592|1|131680|9
FJ|2011|3136|1|134816|10
FJ|2012|2080|0|136896|10
FM|2000|0|1|0|1
FM|2006|2048|0|2048|1
FM|2009|4128|0|6176|1
FM|2010|0|2|6176|3
FM|2012|0|1|6176|4
FO|1999|8192|0|8192|0
FO|2000|0|1|8192|1
FO|2001|4096|1|12288|2
FO|2002|4096|1|16384|3
FO|2004|4096|0|20480|3
FO|2006|13312|2|33792|5
FO|2009|32|0|33824|5
FO|2010|4096|0|37920|5
FO|2011|2080|0|40000|5
FR|1984|131072|0|131072|0
FR|1986|256|0|131328|0
FR|1987|335616|0|466944|0
FR|1988|729088|0|1196032|0
FR|1989|1128704|0|2324736|0
FR|1990|1115392|0|3440128|0
FR|1991|1451520|0|4891648|0
FR|1992|1740032|0|6631680|0
FR|1993|18825472|8|25457152|8
FR|1994|338176|3|25795328|11
FR|1995|622592|8|26417920|19
FR|1996|610560|6|27028480|25
FR|1997|410880|14|27439360|39
FR|1998|381696|19|27821056|58
FR|1999|572416|35|28393472|93
FR|2000|785437|42|29178909|135
FR|2001|1417600|51|30596509|186
FR|2002|1570874|34|32167383|220
FR|2003|5025888|49|37193271|269
FR|2004|2889488|45|40082759|314
FR|2005|13024435|73|53107194|387
FR|2006|12991776|68|66098970|455
FR|2007|13381754|60|79480724|515
FR|2008|631895|89|80112619|604
FR|2009|3847550|72|83960169|676
FR|2010|3986121|93|87946290|769
FR|2011|5456335|94|93402625|863
FR|2012|2302175|81|95704800|944
YE|1996|8192|0|8192|0
YE|1999|0|1|8192|1
YE|2003|8192|1|16384|2
YE|2006|8192|0|24576|2
YE|2009|4096|0|28672|2
YE|2010|16416|0|45088|2
YE|2011|4096|0|49184|2
YE|2012|15360|0|64544|2
QA|1998|0|1|0|1
QA|1999|8192|0|8192|1
QA|2002|8192|0|16384|1
QA|2003|8192|1|24576|2
QA|2004|4128|0|28704|2
QA|2005|147456|2|176160|4
QA|2006|65536|0|241696|4
QA|2007|131328|2|373024|6
QA|2008|2048|1|375072|7
QA|2009|4096|1|379168|8
QA|2010|133120|0|512288|8
QA|2011|133120|0|645408|8
QA|2012|164896|1|810304|9
AT|1984|256|0|256|0
AT|1989|131072|0|131328|0
AT|1990|855296|0|986624|0
AT|1991|335360|0|1321984|0
AT|1992|536320|0|1858304|0
AT|1993|438016|4|2296320|4
AT|1994|192512|0|2488832|4
AT|1995|227072|6|2715904|10
AT|1996|373248|6|3089152|16
AT|1997|131328|14|3220480|30
AT|1998|227840|6|3448320|36
AT|1999|420125|16|3868445|52
AT|2000|618240|21|4486685|73
AT|2001|783421|22|5270106|95
AT|2002|284092|23|5554198|118
AT|2003|478304|30|6032502|148
AT|2004|1112976|33|7145478|181
AT|2005|756640|37|7902118|218
AT|2006|806048|36|8708166|254
AT|2007|662080|33|9370246|287
AT|2008|306592|33|9676838|320
AT|2009|485488|25|10162326|345
AT|2010|1032047|35|11194373|380
AT|2011|275708|33|11470081|413
AT|2012|217510|30|11687591|443
AU|1985|256|0|256|0
AU|1986|65536|0|65792|0
AU|1987|327680|0|393472|0
AU|1988|856320|0|1249792|0
AU|1989|1517312|0|2767104|0
AU|1990|3308288|0|6075392|0
AU|1991|3355904|0|9431296|0
AU|1992|2237696|0|11668992|0
AU|1993|1846272|0|13515264|0
AU|1994|2531072|0|16046336|0
AU|1995|796416|3|16842752|3
AU|1996|1138176|16|17980928|19
AU|1997|255488|53|18236416|72
AU|1998|271616|55|18508032|127
AU|1999|339200|58|18847232|185
AU|2000|960000|58|19807232|243
AU|2001|846883|69|20654115|312
AU|2002|535311|76|21189426|388
AU|2003|763456|60|21952882|448
AU|2004|1489716|63|23442598|511
AU|2005|1683104|87|25125702|598
AU|2006|3809100|81|28934802|679
AU|2007|2709044|84|31643846|763
AU|2008|3073803|113|34717649|876
AU|2009|2626620|122|37344269|998
AU|2010|8987573|158|46331842|1156
AU|2011|1352223|131|47684065|1287
AU|2012|114113|129|47798178|1416
IN|1990|65536|0|65536|0
IN|1992|65792|0|131328|0
IN|1993|131584|0|262912|0
IN|1994|13056|0|275968|0
IN|1995|61952|0|337920|0
IN|1996|13568|1|351488|1
IN|1997|32768|1|384256|2
IN|1998|106496|1|490752|3
IN|1999|190464|3|681216|6
IN|2000|565248|19|1246464|25
IN|2001|370688|19|1617152|44
IN|2002|589344|11|2206496|55
IN|2003|169984|10|2376480|65
IN|2004|2351456|18|4727936|83
IN|2005|1018238|27|5746174|110
IN|2006|2153056|32|7899230|142
IN|2007|5669712|35|13568942|177
IN|2008|4211904|70|17780846|247
IN|2009|1554176|97|19335022|344
IN|2010|9417804|72|28752826|416
IN|2011|5967983|71|34720809|487
IN|2012|106344|127|34827153|614
AW|1998|0|1|0|1
AW|2005|16384|0|16384|1
AW|2006|2048|1|18432|2
AW|2010|20480|1|38912|3
AW|2011|32|0|38944|3
AR|1987|16384|0|16384|0
AR|1990|65536|1|81920|1
AR|1991|65536|0|147456|1
AR|1992|65536|0|212992|1
AR|1993|198144|0|411136|1
AR|1994|406272|3|817408|4
AR|1995|159232|8|976640|12
AR|1996|26880|4|1003520|16
AR|1997|106496|19|1110016|35
AR|1998|155648|26|1265664|61
AR|1999|98304|16|1363968|77
AR|2000|200704|25|1564672|102
AR|2001|365056|24|1929728|126
AR|2002|24576|6|1954304|132
AR|2003|189216|6|2143520|138
AR|2004|409600|12|2553120|150
AR|2005|510045|8|3063165|158
AR|2006|805440|13|3868605|171
AR|2007|1233536|13|5102141|184
AR|2008|1723520|30|6825661|214
AR|2009|1962368|21|8788029|235
AR|2010|2441200|34|11229229|269
AR|2011|3154697|38|14383926|307
AR|2012|1824833|58|16208759|365
AS|1999|0|1|0|1
AS|2003|4096|1|4096|2
AS|2010|32|0|4128|2
ID|1988|256|0|256|0
ID|1990|66048|0|66304|0
ID|1991|65536|0|131840|0
ID|1992|256|0|132096|0
ID|1993|65536|0|197632|0
ID|1994|10496|1|208128|1
ID|1995|19712|0|227840|1
ID|1996|50944|6|278784|7
ID|1997|45056|2|323840|9
ID|1998|25344|4|349184|13
ID|1999|71680|3|420864|16
ID|2000|204800|12|625664|28
ID|2001|102912|23|728576|51
ID|2002|162816|21|891392|72
ID|2003|84624|25|976016|97
ID|2004|165184|23|1141200|120
ID|2005|456016|2|1597216|122
ID|2006|261056|51|1858272|173
ID|2007|820832|84|2679104|257
ID|2008|4154544|58|6833648|315
ID|2009|1577536|95|8411184|410
ID|2010|1826848|58|10238032|468
ID|2011|7094447|200|17332479|668
ID|2012|101648|14|17434127|682
IE|1988|256|0|256|0
IE|1989|131328|0|131584|0
IE|1990|131328|0|262912|0
IE|1991|275968|0|538880|0
IE|1992|8960|1|547840|1
IE|1993|265472|5|813312|6
IE|1994|90880|2|904192|8
IE|1995|50432|1|954624|9
IE|1996|24576|1|979200|10
IE|1997|8592|0|987792|10
IE|1998|26640|2|1014432|12
IE|1999|17408|2|1031840|14
IE|2000|250112|5|1281952|19
IE|2001|12832|2|1294784|21
IE|2002|57888|4|1352672|25
IE|2003|205392|11|1558064|36
IE|2004|494656|11|2052720|47
IE|2005|1812256|12|3864976|59
IE|2006|543680|16|4408656|75
IE|2007|587136|15|4995792|90
IE|2008|279488|20|5275280|110
IE|2009|439629|11|5714909|121
IE|2010|237152|7|5952061|128
IE|2011|187178|17|6139239|145
IE|2012|72299|17|6211538|162
AX|2001|8192|0|8192|0
AX|2003|8192|0|16384|0
AX|2006|0|1|16384|1
AX|2011|32|0|16416|1
AZ|1998|8192|1|8192|1
AZ|2000|20480|3|28672|4
AZ|2003|20480|4|49152|8
AZ|2004|40960|2|90112|10
AZ|2005|6144|0|96256|10
AZ|2006|32768|4|129024|14
AZ|2007|8192|2|137216|16
AZ|2008|79872|1|217088|17
AZ|2009|49152|4|266240|21
AZ|2010|61440|4|327680|25
AZ|2011|125056|3|452736|28
AZ|2012|231581|6|684317|34
AD|1996|8192|1|8192|1
AD|2005|8192|0|16384|1
AD|2006|8192|0|24576|1
AD|2009|8192|0|32768|1
AD|2011|31|0|32799|1
AD|2012|1024|0|33823|1
AE|1991|256|0|256|0
AE|1993|1536|0|1792|0
AE|1994|256|0|2048|0
AE|1995|65536|0|67584|0
AE|1997|65536|0|133120|0
AE|1998|0|5|133120|5
AE|1999|65536|0|198656|5
AE|2000|8192|1|206848|6
AE|2001|196608|0|403456|6
AE|2002|32|0|403488|6
AE|2003|37888|0|441376|6
AE|2004|133120|0|574496|6
AE|2005|419840|1|994336|7
AE|2006|264192|2|1258528|9
AE|2007|264192|0|1522720|9
AE|2008|787008|3|2309728|12
AE|2009|67584|2|2377312|14
AE|2010|269120|6|2646432|20
AE|2011|281584|14|2928016|34
AE|2012|278061|13|3206077|47
AF|1996|8192|0|8192|0
AF|1998|8192|0|16384|0
AF|2004|8192|2|24576|2
AF|2005|8192|1|32768|3
AF|2006|6208|0|38976|3
AF|2007|22528|1|61504|4
AF|2008|2304|2|63808|6
AF|2009|12288|4|76096|10
AF|2010|14336|6|90432|16
AF|2011|12096|3|102528|19
AF|2012|8224|7|110752|26
AG|1995|8192|0|8192|0
AG|2000|0|1|8192|1
AG|2003|12288|0|20480|1
AG|2004|16384|0|36864|1
AG|2007|10240|1|47104|2
AG|2009|8192|1|55296|3
AG|2010|1024|1|56320|4
AG|2011|1024|0|57344|4
AG|2012|3072|1|60416|5
GT|1992|512|0|512|0
GT|1993|256|0|768|0
GT|1994|65792|0|66560|0
GT|1995|8448|1|75008|1
GT|1996|0|2|75008|3
GT|1997|0|1|75008|4
GT|1999|8192|1|83200|5
GT|2000|0|1|83200|6
GT|2001|12288|2|95488|8
GT|2002|4096|3|99584|11
GT|2003|0|1|99584|12
GT|2004|29184|2|128768|14
GT|2005|16416|1|145184|15
GT|2006|73760|1|218944|16
GT|2007|35104|3|254048|19
GT|2008|75776|0|329824|19
GT|2009|71936|4|401760|23
GT|2010|28672|2|430432|25
GT|2011|66640|1|497072|26
GT|2012|48320|2|545392|28
AL|1993|768|0|768|0
AL|2001|8192|2|8960|2
AL|2003|12288|0|21248|2
AL|2004|8192|1|29440|3
AL|2005|16384|2|45824|5
AL|2006|8192|1|54016|6
AL|2007|76032|2|130048|8
AL|2008|39936|2|169984|10
AL|2009|16384|4|186368|14
AL|2010|86016|4|272384|18
AL|2011|37568|10|309952|28
AL|2012|9562|4|319514|32
AM|1997|8192|1|8192|1
AM|1998|8192|0|16384|1
AM|1999|8192|2|24576|3
AM|2001|8192|2|32768|5
AM|2002|4096|0|36864|5
AM|2004|24576|1|61440|6
AM|2005|16416|1|77856|7
AM|2006|12288|3|90144|10
AM|2007|9760|5|99904|15
AM|2008|33568|11|133472|26
AM|2009|40256|8|173728|34
AM|2010|327600|14|501328|48
AM|2011|19136|8|520464|56
AM|2012|63613|6|584077|62
AN|1994|4096|0|4096|0
AN|1995|0|1|4096|1
AN|1999|0|3|4096|4
AN|2002|0|5|4096|9
AN|2003|0|3|4096|12
AN|2004|12288|4|16384|16
AN|2005|12288|1|28672|17
AN|2006|49184|1|77856|18
AN|2007|81920|0|159776|18
AN|2008|4655|2|164431|20
AN|2009|6144|1|170575|21
AN|2010|11328|2|181903|23
AN|2011|15968|6|197871|29
AN|2012|4224|0|202095|29
AO|1998|0|1|0|1
AO|2000|4096|1|4096|2
AO|2004|1024|1|5120|3
AO|2005|5120|1|10240|4
AO|2006|12576|3|22816|7
AO|2007|23552|1|46368|8
AO|2008|2816|5|49184|13
AO|2009|18688|3|67872|16
AO|2010|45824|4|113696|20
AO|2011|760|4|114456|24
AO|2012|710960|5|825416|29
IQ|2004|1024|0|1024|0
IQ|2005|2048|1|3072|1
IQ|2006|8192|0|11264|1
IQ|2007|28672|1|39936|2
IQ|2008|6144|2|46080|4
IQ|2009|57600|1|103680|5
IQ|2010|38208|8|141888|13
IQ|2011|86048|9|227936|22
IQ|2012|342208|17|570144|39
IR|1994|256|0|256|0
IR|1995|65536|0|65792|0
IR|1996|0|1|65792|1
IR|1997|8192|0|73984|1
IR|1999|8192|1|82176|2
IR|2000|36864|1|119040|3
IR|2001|188416|2|307456|5
IR|2002|139264|5|446720|10
IR|2003|35904|5|482624|15
IR|2004|131136|8|613760|23
IR|2005|160320|7|774080|30
IR|2006|221184|10|995264|40
IR|2007|330304|15|1325568|55
IR|2008|493664|23|1819232|78
IR|2009|476672|28|2295904|106
IR|2010|2102144|41|4398048|147
IR|2011|639936|61|5037984|208
IR|2012|4532595|85|9570579|293
IS|1988|65536|0|65536|0
IS|1992|256|0|65792|0
IS|1993|65536|0|131328|0
IS|1995|65536|0|196864|0
IS|1996|8192|1|205056|1
IS|1998|8192|0|213248|1
IS|2000|36864|2|250112|3
IS|2001|24576|0|274688|3
IS|2002|61440|3|336128|6
IS|2003|86016|3|422144|9
IS|2004|86048|3|508192|12
IS|2005|129024|2|637216|14
IS|2006|75776|3|712992|17
IS|2007|12349|2|725341|19
IS|2008|16992|9|742333|28
IS|2009|672|1|743005|29
IS|2010|20032|8|763037|37
IS|2011|55824|3|818861|40
IS|2012|4848|4|823709|44
PA|1987|0|1|0|1
PA|1994|66048|1|66048|2
PA|1995|8192|0|74240|2
PA|1996|0|1|74240|3
PA|1997|0|2|74240|5
PA|1998|45056|2|119296|7
PA|1999|0|1|119296|8
PA|2000|0|4|119296|12
PA|2001|8192|6|127488|18
PA|2002|8192|3|135680|21
PA|2003|90112|4|225792|25
PA|2004|152576|3|378368|28
PA|2005|36896|8|415264|36
PA|2006|402944|11|818208|47
PA|2007|84736|10|902944|57
PA|2008|204544|8|1107488|65
PA|2009|174368|12|1281856|77
PA|2010|142336|10|1424192|87
PA|2011|131440|4|1555632|91
PA|2012|192700|6|1748332|97
PG|1993|8448|0|8448|0
PG|1995|4352|0|12800|0
PG|2002|32|0|12832|0
PG|2003|4096|0|16928|0
PG|2005|2048|0|18976|0
PG|2006|2048|1|21024|1
PG|2007|13312|1|34336|2
PG|2008|4096|0|38432|2
PG|2009|1056|1|39488|3
PG|2010|5408|3|44896|6
PG|2011|5184|2|50080|8
PG|2012|4352|1|54432|9
PF|1992|256|0|256|0
PF|1998|8192|1|8448|1
PF|2004|8192|0|16640|1
PF|2005|6144|0|22784|1
PF|2006|16384|0|39168|1
PF|2010|1360|2|40528|3
PF|2011|1088|0|41616|3
PE|1991|256|0|256|0
PE|1992|65536|0|65792|0
PE|1993|0|1|65792|1
PE|1994|17152|0|82944|1
PE|1995|4096|1|87040|2
PE|1996|16384|0|103424|2
PE|1997|100352|1|203776|3
PE|1999|65536|0|269312|3
PE|2000|81920|2|351232|5
PE|2001|24832|4|376064|9
PE|2002|8192|3|384256|12
PE|2003|94208|1|478464|13
PE|2004|114944|0|593408|13
PE|2005|77952|1|671360|14
PE|2006|291072|2|962432|16
PE|2007|282656|0|1245088|16
PE|2008|327712|0|1572800|16
PE|2009|139520|3|1712320|19
PE|2010|376864|1|2089184|20
PE|2011|270400|2|2359584|22
PE|2012|296224|5|2655808|27
PK|1993|256|0|256|0
PK|1994|1024|0|1280|0
PK|1995|3072|1|4352|1
PK|1996|3072|0|7424|1
PK|1997|8192|1|15616|2
PK|1998|5632|0|21248|2
PK|1999|40960|2|62208|4
PK|2000|18432|1|80640|5
PK|2001|43008|5|123648|10
PK|2002|18944|1|142592|11
PK|2003|40960|5|183552|16
PK|2004|23040|2|206592|18
PK|2005|86304|3|292896|21
PK|2006|94784|3|387680|24
PK|2007|225824|9|613504|33
PK|2008|701504|6|1315008|39
PK|2009|402272|13|1717280|52
PK|2010|1218976|11|2936256|63
PK|2011|2237792|7|5174048|70
PK|2012|19200|14|5193248|84
PH|1992|4352|0|4352|0
PH|1993|76288|0|80640|0
PH|1994|1536|0|82176|0
PH|1995|9216|1|91392|1
PH|1996|21504|2|112896|3
PH|1997|16384|4|129280|7
PH|1998|28672|5|157952|12
PH|1999|90368|4|248320|16
PH|2000|50176|7|298496|23
PH|2001|87040|8|385536|31
PH|2002|73728|15|459264|46
PH|2003|126496|17|585760|63
PH|2004|206880|15|792640|78
PH|2005|297824|18|1090464|96
PH|2006|973120|12|2063584|108
PH|2007|204064|24|2267648|132
PH|2008|612992|25|2880640|157
PH|2009|1543072|34|4423712|191
PH|2010|827984|19|5251696|210
PH|2011|120288|30|5371984|240
PH|2012|13808|28|5385792|268
PM|2009|4096|1|4096|1
PL|1990|256|0|256|0
PL|1991|262656|0|262912|0
PL|1992|135680|0|398592|0
PL|1993|262144|1|660736|1
PL|1994|69632|0|730368|1
PL|1995|90880|0|821248|1
PL|1996|286720|4|1107968|5
PL|1997|230400|14|1338368|19
PL|1998|307968|12|1646336|31
PL|1999|283904|15|1930240|46
PL|2000|675104|39|2605344|85
PL|2001|844317|59|3449661|144
PL|2002|416448|41|3866109|185
PL|2003|2536768|60|6402877|245
PL|2004|624480|86|7027357|331
PL|2005|873312|110|7900669|441
PL|2006|2745277|148|10645946|589
PL|2007|2034044|152|12679990|741
PL|2008|1248912|138|13928902|879
PL|2009|932378|130|14861280|1009
PL|2010|2073226|221|16934506|1230
PL|2011|1978267|296|18912773|1526
PL|2012|1458451|253|20371224|1779
PS|1999|8192|0|8192|0
PS|2000|8192|3|16384|3
PS|2001|20480|1|36864|4
PS|2002|8192|1|45056|5
PS|2003|61696|3|106752|8
PS|2004|49664|0|156416|8
PS|2005|17664|2|174080|10
PS|2006|67584|3|241664|13
PS|2007|0|2|241664|15
PS|2008|4096|1|245760|16
PS|2009|106240|6|352000|22
PS|2010|77856|7|429856|29
PS|2011|75872|4|505728|33
PS|2012|55248|6|560976|39
UY|1992|65792|0|65792|0
UY|1994|512|1|66304|1
UY|1995|8192|1|74496|2
UY|1996|0|1|74496|3
UY|1997|57344|0|131840|3
UY|1999|0|1|131840|4
UY|2000|0|4|131840|8
UY|2001|0|3|131840|11
UY|2002|12288|0|144128|11
UY|2003|20480|0|164608|11
UY|2004|29728|1|194336|12
UY|2005|28704|1|223040|13
UY|2006|143872|2|366912|15
UY|2007|4636|2|371548|17
UY|2008|222944|2|594492|19
UY|2009|311952|1|906444|20
UY|2010|8846|6|915290|26
UY|2011|263744|0|1179034|26
UY|2012|6276|1|1185310|27
PW|2001|0|1|0|1
PW|2002|4096|0|4096|1
PW|2008|32|0|4128|1
PW|2012|1024|0|5152|1
PT|1990|6400|0|6400|0
PT|1991|137472|0|143872|0
PT|1992|80896|1|224768|1
PT|1993|68608|0|293376|1
PT|1994|20992|3|314368|4
PT|1995|344064|0|658432|4
PT|1996|147456|4|805888|8
PT|1998|17408|4|823296|12
PT|1999|279040|6|1102336|18
PT|2000|128288|7|1230624|25
PT|2001|90112|1|1320736|26
PT|2002|164752|5|1485488|31
PT|2003|226912|4|1712400|35
PT|2004|949552|8|2661952|43
PT|2005|121120|7|2783072|50
PT|2006|660544|4|3443616|54
PT|2007|282112|7|3725728|61
PT|2008|652192|6|4377920|67
PT|2009|617824|4|4995744|71
PT|2010|428928|3|5424672|74
PT|2011|331392|1|5756064|75
PT|2012|178048|5|5934112|80
PY|1993|1024|0|1024|0
PY|1994|1024|0|2048|0
PY|2002|4096|1|6144|1
PY|2003|4096|2|10240|3
PY|2004|4128|1|14368|4
PY|2005|32768|2|47136|6
PY|2006|16384|1|63520|7
PY|2007|6144|0|69664|7
PY|2008|65536|1|135200|8
PY|2009|78112|3|213312|11
PY|2010|78080|2|291392|13
PY|2011|74144|2|365536|15
PY|2012|297664|2|663200|17
WS|1998|8192|0|8192|0
WS|2001|0|1|8192|1
WS|2007|3072|2|11264|3
WS|2008|1024|0|12288|3
WS|2009|1056|0|13344|3
WS|2010|2128|1|15472|4
WS|2011|1024|0|16496|4
WS|2012|1328|1|17824|5
DE|1984|661760|0|661760|0
DE|1986|256|0|662016|0
DE|1987|398336|0|1060352|0
DE|1988|1063680|0|2124032|0
DE|1989|2657792|0|4781824|0
DE|1990|5731840|0|10513664|0
DE|1991|1639936|0|12153600|0
DE|1992|21865216|1|34018816|1
DE|1993|3574784|28|37593600|29
DE|1994|2048000|16|39641600|45
DE|1995|1151568|11|40793168|56
DE|1996|1652664|24|42445832|80
DE|1997|2223360|37|44669192|117
DE|1998|1384064|41|46053256|158
DE|1999|2064192|93|48117448|251
DE|2000|4185949|120|52303397|371
DE|2001|5893133|111|58196530|482
DE|2002|882090|116|59078620|598
DE|2003|1110269|99|60188889|697
DE|2004|7322829|131|67511718|828
DE|2005|6536362|122|74048080|950
DE|2006|10675320|89|84723400|1039
DE|2007|9077278|99|93800678|1138
DE|2008|7268972|101|101069650|1239
DE|2009|3533515|90|104603165|1329
DE|2010|6825510|115|111428675|1444
DE|2011|4846763|104|116275438|1548
DE|2012|3411170|108|119686608|1656
IO|2000|1024|1|1024|1
IO|2006|2048|0|3072|1
DO|1994|5120|0|5120|0
DO|1995|768|0|5888|0
DO|1996|0|1|5888|1
DO|1999|0|1|5888|2
DO|2001|40960|0|46848|2
DO|2002|16384|0|63232|2
DO|2003|24608|0|87840|2
DO|2004|28672|0|116512|2
DO|2005|30784|0|147296|2
DO|2006|47104|2|194400|4
DO|2007|69632|2|264032|6
DO|2008|139264|1|403296|7
DO|2009|45056|2|448352|9
DO|2010|106800|3|555152|12
DO|2011|284192|1|839344|13
DO|2012|19808|3|859152|16
SB|1995|512|0|512|0
SB|1999|8192|0|8704|0
SB|2009|32|0|8736|0
SB|2010|0|1|8736|1
SB|2011|1024|0|9760|1
SB|2012|1824|3|11584|4
DM|1998|0|1|0|1
DM|2008|0|1|0|2
DM|2011|1024|0|1024|2
DM|2012|4096|1|5120|3
PR|1989|131328|0|131328|0
PR|1991|256|0|131584|0
PR|1992|68352|0|199936|0
PR|1993|2560|0|202496|0
PR|1994|1280|1|203776|1
PR|1995|7424|2|211200|3
PR|1996|4096|0|215296|3
PR|1997|16384|1|231680|4
PR|1998|32768|2|264448|6
PR|1999|8192|2|272640|8
PR|2000|65536|3|338176|11
PR|2001|8192|4|346368|15
PR|2002|20480|3|366848|18
PR|2003|20480|2|387328|20
PR|2004|32768|0|420096|20
PR|2005|141312|5|561408|25
PR|2006|53296|3|614704|28
PR|2007|100352|1|715056|29
PR|2008|41984|6|757040|35
PR|2009|92448|5|849488|40
PR|2010|85152|9|934640|49
PR|2011|52848|6|987488|55
PR|2012|14880|1|1002368|56
DK|1984|65536|0|65536|0
DK|1988|327680|0|393216|0
DK|1989|67072|0|460288|0
DK|1991|264448|0|724736|0
DK|1992|131328|0|856064|0
DK|1993|184832|0|1040896|0
DK|1994|81920|2|1122816|2
DK|1995|12288|2|1135104|4
DK|1996|356352|6|1491456|10
DK|1997|516096|3|2007552|13
DK|1998|430336|3|2437888|16
DK|1999|212992|5|2650880|21
DK|2000|554112|9|3204992|30
DK|2001|831133|11|4036125|41
DK|2002|522080|7|4558205|48
DK|2003|1068976|15|5627181|63
DK|2004|443776|11|6070957|74
DK|2005|1593088|16|7664045|90
DK|2006|592576|14|8256621|104
DK|2007|490912|30|8747533|134
DK|2008|1309213|22|10056746|156
DK|2009|789464|20|10846210|176
DK|2010|947565|25|11793775|201
DK|2011|448173|14|12241948|215
DK|2012|282213|31|12524161|246
DJ|2004|4096|1|4096|1
DJ|2006|32|0|4128|1
DJ|2009|8192|0|12320|1
DJ|2012|32768|0|45088|1
IT|1984|196864|0|196864|0
IT|1988|525312|0|722176|0
IT|1989|512|0|722688|0
IT|1990|730112|0|1452800|0
IT|1991|6960640|0|8413440|0
IT|1992|486912|0|8900352|0
IT|1993|1132288|23|10032640|23
IT|1994|274688|6|10307328|29
IT|1995|285952|12|10593280|41
IT|1996|730112|15|11323392|56
IT|1997|427264|13|11750656|69
IT|1998|483584|22|12234240|91
IT|1999|735232|33|12969472|124
IT|2000|1318432|57|14287904|181
IT|2001|1882624|70|16170528|251
IT|2002|1959280|33|18129808|284
IT|2003|2487933|40|20617741|324
IT|2004|2429472|38|23047213|362
IT|2005|4561594|40|27608807|402
IT|2006|778484|35|28387291|437
IT|2007|5073568|40|33460859|477
IT|2008|5846429|60|39307288|537
IT|2009|4153584|47|43460872|584
IT|2010|3776480|52|47237352|636
IT|2011|2563994|60|49801346|696
IT|2012|3315624|52|53116970|748
WF|2007|2048|0|2048|0
WF|2009|0|1|2048|1
WF|2010|1024|0|3072|1
JM|1993|3328|0|3328|0
JM|1994|1024|1|4352|1
JM|1995|4864|0|9216|1
JM|1996|24576|0|33792|1
JM|1997|0|1|33792|2
JM|2001|0|1|33792|3
JM|2003|4096|1|37888|4
JM|2005|57344|2|95232|6
JM|2006|0|1|95232|7
JM|2007|4096|0|99328|7
JM|2008|20480|0|119808|7
JM|2009|29728|0|149536|7
JM|2010|29696|0|179232|7
JM|2011|16448|2|195680|9
JM|2012|6176|0|201856|9
KY|1996|10240|1|10240|1
KY|1997|2048|0|12288|1
KY|2000|2048|0|14336|1
KY|2005|4096|0|18432|1
KY|2006|0|1|18432|2
KY|2007|9216|1|27648|3
KY|2009|4096|3|31744|6
KY|2010|4096|0|35840|6
KY|2011|64|0|35904|6
KY|2012|2080|1|37984|7
DZ|1992|256|0|256|0
DZ|1998|8192|0|8448|0
DZ|2001|12288|0|20736|0
DZ|2005|14336|3|35072|3
DZ|2006|147487|1|182559|4
DZ|2007|23808|4|206367|8
DZ|2008|1056|0|207423|8
DZ|2009|1049600|2|1257023|10
DZ|2010|791632|1|2048655|11
DZ|2011|525312|0|2573967|11
DZ|2012|7200|0|2581167|11
TL|2006|0|1|0|1
TL|2009|4096|0|4096|1
TL|2012|32|0|4128|1
EE|1994|0|2|0|2
EE|1995|90112|2|90112|4
EE|1996|8192|0|98304|4
EE|1997|32768|1|131072|5
EE|1998|16384|1|147456|6
EE|1999|32768|1|180224|7
EE|2000|4096|2|184320|9
EE|2001|57344|0|241664|9
EE|2002|57632|0|299296|9
EE|2003|73872|1|373168|10
EE|2004|103744|3|476912|13
EE|2005|230912|3|707824|16
EE|2006|242576|6|950400|22
EE|2007|36864|6|987264|28
EE|2008|26936|5|1014200|33
EE|2009|30368|3|1044568|36
EE|2010|97680|6|1142248|42
EE|2011|58720|10|1200968|52
EE|2012|63616|9|1264584|61
OM|1993|66560|0|66560|0
OM|1997|0|1|66560|1
OM|1998|8192|0|74752|1
OM|2002|8192|0|82944|1
OM|2003|81952|1|164896|2
OM|2004|65536|0|230432|2
OM|2009|67616|2|298048|4
OM|2010|18464|0|316512|4
OM|2011|139264|1|455776|5
OM|2012|443392|0|899168|5
TH|1988|256|0|256|0
TH|1991|1024|0|1280|0
TH|1992|132608|0|133888|0
TH|1993|401152|0|535040|0
TH|1994|96512|0|631552|0
TH|1995|206080|4|837632|4
TH|1996|194560|7|1032192|11
TH|1997|69632|10|1101824|21
TH|1998|46080|5|1147904|26
TH|1999|110080|10|1257984|36
TH|2000|174080|9|1432064|45
TH|2001|90112|8|1522176|53
TH|2002|74851|10|1597027|63
TH|2003|194150|17|1791177|80
TH|2004|333408|12|2124585|92
TH|2005|618784|23|2743369|115
TH|2006|479296|31|3222665|146
TH|2007|606640|26|3829305|172
TH|2008|516240|39|4345545|211
TH|2009|1088672|32|5434217|243
TH|2010|1859344|39|7293561|282
TH|2011|1250544|31|8544105|313
TH|2012|18336|19|8562441|332
GB|1983|768|0|768|0
GB|1984|852992|0|853760|0
GB|1986|256|0|854016|0
GB|1987|263936|0|1117952|0
GB|1988|686336|0|1804288|0
GB|1989|1447680|0|3251968|0
GB|1990|2513152|1|5765120|1
GB|1991|4850944|0|10616064|1
GB|1992|4321536|0|14937600|1
GB|1993|20701184|10|35638784|11
GB|1994|1711360|19|37350144|30
GB|1995|18301440|14|55651584|44
GB|1996|2133824|38|57785408|82
GB|1997|1554232|24|59339640|106
GB|1998|1482240|36|60821880|142
GB|1999|2270240|46|63092120|188
GB|2000|3893952|94|66986072|282
GB|2001|3425232|111|70411304|393
GB|2002|4438904|101|74850208|494
GB|2003|5592413|118|80442621|612
GB|2004|3409720|127|83852341|739
GB|2005|9829328|127|93681669|866
GB|2006|4438016|153|98119685|1019
GB|2007|6396029|118|104515714|1137
GB|2008|3026912|168|107542626|1305
GB|2009|4167158|136|111709784|1441
GB|2010|8019344|133|119729128|1574
GB|2011|2024907|133|121754035|1707
GB|2012|2255882|157|124009917|1864
GA|1992|1536|0|1536|0
GA|2000|4096|0|5632|0
GA|2005|1024|1|6656|1
GA|2006|16384|0|23040|1
GA|2007|0|1|23040|2
GA|2008|131072|0|154112|2
GA|2009|8192|0|162304|2
GA|2010|4096|2|166400|4
GA|2011|3072|1|169472|5
GA|2012|9216|1|178688|6
GF|2004|0|1|0|1
GF|2006|2048|1|2048|2
GF|2011|0|1|2048|3
GG|2007|0|1|0|1
GG|2011|2080|1|2080|2
GD|1994|256|0|256|0
GD|1997|0|1|256|1
GD|2008|0|1|256|2
GD|2009|2048|0|2304|2
GD|2010|2080|0|4384|2
GD|2011|4096|1|8480|3
GD|2012|32|0|8512|3
GE|1998|8192|0|8192|0
GE|1999|8192|0|16384|0
GE|2000|16384|2|32768|2
GE|2001|8192|2|40960|4
GE|2002|8192|2|49152|6
GE|2003|8192|1|57344|7
GE|2005|81920|5|139264|12
GE|2006|32768|4|172032|16
GE|2007|54528|3|226560|19
GE|2008|174592|4|401152|23
GE|2009|188928|5|590080|28
GE|2010|113728|3|703808|31
GE|2011|302688|9|1006496|40
GE|2012|151072|12|1157568|52
GH|1993|512|0|512|0
GH|1994|256|0|768|0
GH|2000|8192|1|8960|1
GH|2001|8192|1|17152|2
GH|2002|0|1|17152|3
GH|2004|8192|2|25344|5
GH|2005|24832|3|50176|8
GH|2006|24576|2|74752|10
GH|2007|33568|5|108320|15
GH|2008|15360|4|123680|19
GH|2009|47168|6|170848|25
GH|2010|78432|8|249280|33
GH|2011|91168|9|340448|42
GH|2012|13152|5|353600|47
GI|1997|16384|1|16384|1
GI|1999|8192|1|24576|2
GI|2000|8192|0|32768|2
GI|2004|4096|0|36864|2
GI|2005|10240|2|47104|4
GI|2006|1024|2|48128|6
GI|2007|512|1|48640|7
GI|2008|10272|2|58912|9
GI|2009|2560|2|61472|11
GI|2010|10496|3|71968|14
GI|2011|0|1|71968|15
GI|2012|5184|0|77152|15
GN|2003|0|1|0|1
GN|2009|1024|1|1024|2
GN|2012|19488|3|20512|5
GL|1995|8192|0|8192|0
GL|1998|0|1|8192|1
GL|2005|8192|0|16384|1
GL|2010|32|0|16416|1
GL|2012|2048|0|18464|1
GM|1998|8192|0|8192|0
GM|2005|2048|0|10240|0
GM|2007|0|1|10240|1
GM|2008|1024|0|11264|1
GM|2009|2048|0|13312|1
GM|2011|4160|2|17472|3
GM|2012|6176|2|23648|5
GR|1984|65536|0|65536|0
GR|1990|196864|0|262400|0
GR|1991|395520|0|657920|0
GR|1993|65536|0|723456|0
GR|1994|26624|1|750080|1
GR|1995|65536|4|815616|5
GR|1996|41472|3|857088|8
GR|1997|122112|8|979200|16
GR|1998|183040|11|1162240|27
GR|1999|48416|10|1210656|37
GR|2000|283136|19|1493792|56
GR|2001|243456|8|1737248|64
GR|2002|23552|7|1760800|71
GR|2003|71424|14|1832224|85
GR|2004|248320|8|2080544|93
GR|2005|242176|12|2322720|105
GR|2006|588288|16|2911008|121
GR|2007|784192|24|3695200|145
GR|2008|607597|10|4302797|155
GR|2009|348574|3|4651371|158
GR|2010|706042|10|5357413|168
GR|2011|384464|7|5741877|175
GR|2012|264730|6|6006607|181
SV|1994|65536|0|65536|0
SV|1995|768|0|66304|0
SV|1996|0|1|66304|1
SV|1999|0|2|66304|3
SV|2000|8192|4|74496|7
SV|2001|4096|1|78592|8
SV|2002|4096|1|82688|9
SV|2003|0|1|82688|10
SV|2004|49152|0|131840|10
SV|2005|24832|2|156672|12
SV|2006|110624|0|267296|12
SV|2007|4096|2|271392|14
SV|2008|77824|0|349216|14
SV|2009|17664|2|366880|16
SV|2010|32768|0|399648|16
SV|2011|108604|1|508252|17
SV|2012|38976|0|547228|17
VC|2007|2048|1|2048|1
VC|2008|4096|0|6144|1
VC|2009|4096|0|10240|1
VC|2010|4096|0|14336|1
VC|2011|3072|0|17408|1
VC|2012|1056|0|18464|1
GQ|2007|2048|0|2048|0
GQ|2010|0|1|2048|1
GQ|2011|1024|1|3072|2
GQ|2012|9280|3|12352|5
VE|1987|65536|0|65536|0
VE|1989|256|0|65792|0
VE|1991|327680|0|393472|0
VE|1992|196608|0|590080|0
VE|1993|134656|0|724736|0
VE|1994|39680|4|764416|4
VE|1995|12288|4|776704|8
VE|1996|18432|2|795136|10
VE|1997|0|9|795136|19
VE|1998|65536|2|860672|21
VE|1999|73728|4|934400|25
VE|2000|4096|7|938496|32
VE|2001|40960|7|979456|39
VE|2002|147456|2|1126912|41
VE|2003|61696|2|1188608|43
VE|2004|319520|0|1508128|43
VE|2005|360604|3|1868732|46
VE|2006|639552|4|2508284|50
VE|2007|1134880|6|3643164|56
VE|2008|141344|3|3784508|59
VE|2009|573472|1|4357980|60
VE|2010|306208|2|4664188|62
VE|2011|472072|5|5136260|67
VE|2012|707744|2|5844004|69
GW|2005|1024|0|1024|0
GW|2012|4096|0|5120|0
VG|2005|1024|1|1024|1
VG|2007|256|0|1280|1
VG|2008|1280|1|2560|2
VG|2009|7168|0|9728|2
VG|2010|2048|0|11776|2
VG|2011|3584|6|15360|8
VG|2012|4352|1|19712|9
GU|1992|256|0|256|0
GU|1993|256|0|512|0
GU|1994|73728|0|74240|0
GU|1999|8192|1|82432|1
GU|2000|16384|1|98816|2
GU|2001|4096|0|102912|2
GU|2002|0|2|102912|4
GU|2004|12288|0|115200|4
GU|2005|2048|1|117248|5
GU|2006|16384|0|133632|5
GU|2007|6144|0|139776|5
GU|2008|8192|0|147968|5
GU|2010|29824|1|177792|6
GU|2011|34816|1|212608|7
GU|2012|1056|0|213664|7
VI|1991|65536|0|65536|0
VI|1996|0|1|65536|1
VI|2000|0|1|65536|2
VI|2001|4096|0|69632|2
VI|2004|9216|1|78848|3
VI|2005|2048|0|80896|3
VI|2006|0|1|80896|4
VI|2007|2048|0|82944|4
VI|2008|4096|0|87040|4
VI|2009|32|1|87072|5
VI|2012|1024|1|88096|6
GY|2001|0|1|0|1
GY|2006|16384|0|16384|1
GY|2009|16416|0|32800|1
GY|2010|4096|1|36896|2
GY|2011|2048|0|38944|2
GY|2012|3136|0|42080|2
VN|1994|512|0|512|0
VN|1995|2048|0|2560|0
VN|1997|0|1|2560|1
VN|1998|14336|0|16896|1
VN|2001|20480|0|37376|1
VN|2002|45056|1|82432|2
VN|2003|73216|6|155648|8
VN|2004|296816|8|452464|16
VN|2005|318976|5|771440|21
VN|2006|50688|11|822128|32
VN|2007|3016256|15|3838384|47
VN|2008|2785472|30|6623856|77
VN|2009|290560|30|6914416|107
VN|2010|5722224|0|12636640|107
VN|2011|2890896|120|15527536|227
VN|2012|26272|0|15553808|227
NZ|1988|262144|0|262144|0
NZ|1989|65792|0|327936|0
NZ|1990|459520|0|787456|0
NZ|1991|592896|0|1380352|0
NZ|1992|538624|0|1918976|0
NZ|1993|396800|0|2315776|0
NZ|1994|84736|0|2400512|0
NZ|1995|175616|1|2576128|1
NZ|1996|106752|2|2682880|3
NZ|1997|69632|1|2752512|4
NZ|1998|53760|18|2806272|22
NZ|1999|169216|12|2975488|34
NZ|2000|143872|14|3119360|48
NZ|2001|89088|12|3208448|60
NZ|2002|147968|25|3356416|85
NZ|2003|163200|16|3519616|101
NZ|2004|272928|17|3792544|118
NZ|2005|305246|19|4097790|137
NZ|2006|492448|30|4590238|167
NZ|2007|461327|28|5051565|195
NZ|2008|683968|38|5735533|233
NZ|2009|180560|28|5916093|261
NZ|2010|864912|41|6781005|302
NZ|2011|108426|36|6889431|338
NZ|2012|35212|33|6924643|371
NP|1994|512|0|512|0
NP|1995|2048|1|2560|1
NP|1996|1024|0|3584|1
NP|1998|8192|0|11776|1
NP|1999|23552|0|35328|1
NP|2000|0|1|35328|2
NP|2002|4096|1|39424|3
NP|2003|0|4|39424|7
NP|2004|2048|2|41472|9
NP|2005|8192|3|49664|12
NP|2006|0|2|49664|14
NP|2007|34816|3|84480|17
NP|2008|47136|7|131616|24
NP|2009|13344|3|144960|27
NP|2010|181839|5|326799|32
NP|2011|147712|8|474511|40
NP|2012|125|1|474636|41
NR|1998|8192|0|8192|0
NR|2010|32|2|8224|2
NR|2012|256|0|8480|2
SO|2010|1024|0|1024|0
SO|2011|8224|2|9248|2
SO|2012|2080|2|11328|4
NI|1987|1536|0|1536|0
NI|1991|256|0|1792|0
NI|1993|67072|1|68864|1
NI|1995|256|0|69120|1
NI|1996|0|1|69120|2
NI|2000|0|1|69120|3
NI|2001|0|1|69120|4
NI|2002|4096|1|73216|5
NI|2004|8192|1|81408|6
NI|2005|8224|1|89632|7
NI|2006|0|1|89632|8
NI|2007|33024|1|122656|9
NI|2008|41216|1|163872|10
NI|2009|51456|2|215328|12
NI|2010|16384|2|231712|14
NI|2011|131360|1|363072|15
NI|2012|5184|1|368256|16
NL|1984|65792|0|65792|0
NL|1986|4864|0|70656|0
NL|1987|67840|0|138496|0
NL|1988|1187840|0|1326336|0
NL|1989|733952|0|2060288|0
NL|1990|1124352|0|3184640|0
NL|1991|465920|0|3650560|0
NL|1992|1252864|0|4903424|0
NL|1993|15673856|2|20577280|2
NL|1994|223488|2|20800768|4
NL|1995|315648|7|21116416|11
NL|1996|564480|6|21680896|17
NL|1997|465920|7|22146816|24
NL|1998|476672|8|22623488|32
NL|1999|1046304|19|23669792|51
NL|2000|2043424|25|25713216|76
NL|2001|1390416|38|27103632|114
NL|2002|922310|30|28025942|144
NL|2003|2717520|42|30743462|186
NL|2004|2809287|46|33552749|232
NL|2005|2140320|49|35693069|281
NL|2006|1708832|39|37401901|320
NL|2007|1875872|48|39277773|368
NL|2008|915216|44|40192989|412
NL|2009|2093574|54|42286563|466
NL|2010|1102752|58|43389315|524
NL|2011|1099963|69|44489278|593
NL|2012|857535|71|45346813|664
NO|1984|131072|0|131072|0
NO|1988|327936|0|459008|0
NO|1989|69632|0|528640|0
NO|1990|1712640|0|2241280|0
NO|1991|1773568|0|4014848|0
NO|1992|1008640|0|5023488|0
NO|1993|1416704|6|6440192|6
NO|1994|200704|0|6640896|6
NO|1995|58368|0|6699264|6
NO|1996|285696|3|6984960|9
NO|1997|606208|3|7591168|12
NO|1998|37696|2|7628864|14
NO|1999|93952|1|7722816|15
NO|2000|288512|11|8011328|26
NO|2001|480864|10|8492192|36
NO|2002|156416|5|8648608|41
NO|2003|311888|10|8960496|51
NO|2004|1163576|8|10124072|59
NO|2005|1570272|10|11694344|69
NO|2006|578336|12|12272680|81
NO|2007|440960|6|12713640|87
NO|2008|538074|22|13251714|109
NO|2009|561709|27|13813423|136
NO|2010|857017|13|14670440|149
NO|2011|435405|21|15105845|170
NO|2012|234583|22|15340428|192
NA|1994|512|0|512|0
NA|1995|8448|0|8960|0
NA|2001|8192|1|17152|1
NA|2002|4096|1|21248|2
NA|2004|1024|1|22272|3
NA|2005|8192|0|30464|3
NA|2006|9216|0|39680|3
NA|2007|256|1|39936|4
NA|2008|75824|3|115760|7
NA|2009|32768|1|148528|8
NA|2010|16896|2|165424|10
NA|2011|33792|0|199216|10
NA|2012|131120|1|330336|11
NC|1995|1024|0|1024|0
NC|1999|8192|0|9216|0
NC|2000|8192|1|17408|1
NC|2001|4096|0|21504|1
NC|2002|0|1|21504|2
NC|2003|4096|0|25600|2
NC|2005|10240|0|35840|2
NC|2006|4096|0|39936|2
NC|2007|4096|0|44032|2
NC|2008|20480|2|64512|4
NC|2009|4128|1|68640|5
NC|2010|38016|0|106656|5
NC|2011|44096|4|150752|9
NE|2008|9216|1|9216|1
NE|2009|8192|0|17408|1
NE|2010|1024|2|18432|3
NE|2011|0|1|18432|4
NE|2012|16416|2|34848|6
NG|1993|16384|0|16384|0
NG|1994|512|0|16896|0
NG|1995|512|0|17408|0
NG|2001|8704|1|26112|1
NG|2002|4096|0|30208|1
NG|2003|40960|1|71168|2
NG|2004|8192|2|79360|4
NG|2005|24576|4|103936|8
NG|2006|40480|7|144416|15
NG|2007|68608|12|213024|27
NG|2008|178176|11|391200|38
NG|2009|41504|11|432704|49
NG|2010|261344|21|694048|70
NG|2011|291803|17|985851|87
NG|2012|327424|22|1313275|109
NF|1995|1280|0|1280|0
NF|2006|0|1|1280|1
NF|2008|256|1|1536|2
NF|2011|48|0|1584|2
BY|1995|0|1|0|1
BY|1996|8192|1|8192|2
BY|1997|8192|0|16384|2
BY|1998|8192|0|24576|2
BY|1999|8192|2|32768|4
BY|2000|4096|1|36864|5
BY|2001|12288|8|49152|13
BY|2002|4096|6|53248|19
BY|2003|28672|4|81920|23
BY|2004|1536|6|83456|29
BY|2005|45568|6|129024|35
BY|2006|28672|3|157696|38
BY|2007|6144|4|163840|42
BY|2008|169984|4|333824|46
BY|2009|547872|10|881696|56
BY|2010|341136|17|1222832|73
BY|2011|206992|11|1429824|84
BY|2012|359545|8|1789369|92
BZ|1994|256|0|256|0
BZ|1997|0|1|256|1
BZ|2000|0|1|256|2
BZ|2004|8448|0|8704|2
BZ|2006|8192|0|16896|2
BZ|2007|16384|1|33280|3
BZ|2009|16416|2|49696|5
BZ|2010|2048|1|51744|6
BZ|2012|54464|3|106208|9
VU|2001|4096|0|4096|0
VU|2002|0|1|4096|1
VU|2007|256|0|4352|1
VU|2008|2048|1|6400|2
VU|2009|1056|1|7456|3
VU|2011|3104|0|10560|3
VU|2012|816|2|11376|5
BT|1999|8192|0|8192|0
BT|2001|0|1|8192|1
BT|2005|2048|1|10240|2
BT|2006|2048|1|12288|3
BT|2007|10240|1|22528|4
BT|2008|32|0|22560|4
BT|2010|32|0|22592|4
BT|2011|1024|0|23616|4
BT|2012|1056|1|24672|5
BW|2000|0|1|0|1
BW|2005|1024|4|1024|5
BW|2006|1024|0|2048|5
BW|2007|3328|1|5376|6
BW|2008|66816|2|72192|8
BW|2009|4096|0|76288|8
BW|2010|19536|1|95824|9
BW|2011|4432|3|100256|12
BW|2012|7200|1|107456|13
BJ|2005|1024|0|1024|0
BJ|2006|1024|0|2048|0
BJ|2007|32|0|2080|0
BJ|2008|2048|0|4128|0
BJ|2009|5120|2|9248|2
BJ|2010|21504|2|30752|4
BJ|2011|8192|1|38944|5
BJ|2012|1024|1|39968|6
BS|1996|0|1|0|1
BS|2000|16384|1|16384|2
BS|2002|4096|1|20480|3
BS|2003|8192|0|28672|3
BS|2004|16384|0|45056|3
BS|2006|20480|1|65536|4
BS|2007|32|0|65568|4
BS|2008|2048|0|67616|4
BS|2009|24608|0|92224|4
BS|2010|28672|0|120896|4
BS|2011|1024|1|121920|5
BS|2012|32|0|121952|5
BR|1990|327936|0|327936|0
BR|1991|721664|1|1049600|1
BR|1992|299264|1|1348864|2
BR|1993|197120|2|1545984|4
BR|1994|351744|0|1897728|4
BR|1995|8392960|3|10290688|7
BR|1996|0|11|10290688|18
BR|1997|0|24|10290688|42
BR|1998|0|24|10290688|66
BR|1999|0|27|10290688|93
BR|2000|0|41|10290688|134
BR|2001|524288|42|10814976|176
BR|2002|0|24|10814976|200
BR|2003|1048576|16|11863552|216
BR|2004|1048576|17|12912128|233
BR|2005|4194304|32|17106432|265
BR|2006|2097152|48|19203584|313
BR|2007|4194304|192|23397888|505
BR|2008|6291523|50|29689411|555
BR|2009|4194304|356|33883715|911
BR|2010|6291456|456|40175171|1367
BR|2011|6291456|204|46466627|1571
BR|2012|8388608|360|54855235|1931
BM|1992|256|0|256|0
BM|1993|2816|0|3072|0
BM|1994|17152|1|20224|1
BM|1995|2816|0|23040|1
BM|1996|16384|0|39424|1
BM|1997|0|1|39424|2
BM|1998|0|1|39424|3
BM|1999|0|1|39424|4
BM|2000|0|1|39424|5
BM|2001|4096|1|43520|6
BM|2003|4096|0|47616|6
BM|2004|16384|1|64000|7
BM|2005|8224|0|72224|7
BM|2006|0|1|72224|8
BM|2007|6144|1|78368|9
BM|2008|1024|1|79392|10
BM|2009|1024|2|80416|12
BM|2010|8224|1|88640|13
BM|2011|2080|1|90720|14
BM|2012|2048|1|92768|15
BL|2012|44|1|44|1
BO|1992|256|0|256|0
BO|1993|132096|0|132352|0
BO|1996|0|1|132352|1
BO|1998|0|1|132352|2
BO|1999|0|1|132352|3
BO|2001|4096|1|136448|4
BO|2002|45056|2|181504|6
BO|2003|40960|1|222464|7
BO|2004|28672|0|251136|7
BO|2005|12320|0|263456|7
BO|2006|51232|2|314688|9
BO|2007|24576|1|339264|10
BO|2008|55296|1|394560|11
BO|2009|34880|0|429440|11
BO|2010|96256|1|525696|12
BO|2011|20016|5|545712|17
BO|2012|65696|0|611408|17
BN|1991|65792|0|65792|0
BN|1992|65536|0|131328|0
BN|1993|256|0|131584|0
BN|1995|4096|1|135680|1
BN|1999|4096|0|139776|1
BN|2000|0|1|139776|2
BN|2001|4096|0|143872|2
BN|2004|20480|0|164352|2
BN|2005|8192|1|172544|3
BN|2007|2048|0|174592|3
BN|2008|16640|1|191232|4
BN|2009|64|0|191296|4
BN|2010|256|0|191552|4
BN|2011|1056|1|192608|5
BN|2012|1568|2|194176|7
BI|2002|0|1|0|1
BI|2005|2048|0|2048|1
BI|2006|256|0|2304|1
BI|2011|1056|1|3360|2
BI|2012|3072|2|6432|4
BH|1993|512|0|512|0
BH|1995|0|1|512|1
BH|1996|8192|1|8704|2
BH|2000|4096|0|12800|2
BH|2001|4096|0|16896|2
BH|2003|8192|0|25088|2
BH|2004|18464|1|43552|3
BH|2005|28672|9|72224|12
BH|2006|30720|2|102944|14
BH|2007|49152|3|152096|17
BH|2008|78336|3|230432|20
BH|2009|53328|0|283760|20
BH|2010|90144|3|373904|23
BH|2011|55456|1|429360|24
BH|2012|42132|3|471492|27
BD|1994|1024|0|1024|0
BD|1995|512|0|1536|0
BD|1996|1536|0|3072|0
BD|1997|512|0|3584|0
BD|1998|24064|0|27648|0
BD|2000|14336|4|41984|4
BD|2001|4608|0|46592|4
BD|2002|28160|1|74752|5
BD|2003|12288|3|87040|8
BD|2004|26624|7|113664|15
BD|2005|31232|9|144896|24
BD|2006|59424|22|204320|46
BD|2007|100448|11|304768|57
BD|2008|214384|14|519152|71
BD|2009|206656|8|725808|79
BD|2010|95344|11|821152|90
BD|2011|67904|15|889056|105
BD|2012|52176|62|941232|167
BE|1984|65792|0|65792|0
BE|1987|256|0|66048|0
BE|1988|65536|0|131584|0
BE|1989|65536|0|197120|0
BE|1990|590336|0|787456|0
BE|1991|460800|0|1248256|0
BE|1992|448256|0|1696512|0
BE|1993|468736|2|2165248|2
BE|1994|218368|0|2383616|2
BE|1995|92672|4|2476288|6
BE|1996|247808|3|2724096|9
BE|1997|221440|5|2945536|14
BE|1998|69632|3|3015168|17
BE|1999|247040|7|3262208|24
BE|2000|635424|8|3897632|32
BE|2001|403456|12|4301088|44
BE|2002|843584|12|5144672|56
BE|2003|337792|15|5482464|71
BE|2004|877344|15|6359808|86
BE|2005|544576|13|6904384|99
BE|2006|753855|24|7658239|123
BE|2007|404064|17|8062303|140
BE|2008|839232|15|8901535|155
BE|2009|1555504|15|10457039|170
BE|2010|625960|13|11082999|183
BE|2011|212458|14|11295457|197
BE|2012|276298|17|11571755|214
CZ|1989|65536|0|65536|0
CZ|1991|262400|0|327936|0
CZ|1992|328448|0|656384|0
CZ|1993|524544|3|1180928|3
CZ|1994|73984|1|1254912|4
CZ|1995|188416|3|1443328|7
CZ|1996|172032|7|1615360|14
CZ|1997|198656|2|1814016|16
CZ|1998|49152|4|1863168|20
CZ|1999|57344|2|1920512|22
CZ|2000|122880|8|2043392|30
CZ|2001|119840|11|2163232|41
CZ|2002|197120|15|2360352|56
CZ|2003|313584|14|2673936|70
CZ|2004|1048701|17|3722637|87
CZ|2005|601920|11|4324557|98
CZ|2006|1169648|23|5494205|121
CZ|2007|633568|27|6127773|148
CZ|2008|939008|57|7066781|205
CZ|2009|557247|84|7624028|289
CZ|2010|457070|85|8081098|374
CZ|2011|566603|91|8647701|465
CZ|2012|344262|66|8991963|531
BG|1991|256|0|256|0
BG|1994|768|2|1024|2
BG|1995|768|1|1792|3
BG|1996|139776|1|141568|4
BG|1997|16640|3|158208|7
BG|1998|65792|10|224000|17
BG|1999|50176|11|274176|28
BG|2000|58880|9|333056|37
BG|2001|65584|20|398640|57
BG|2002|79360|16|478000|73
BG|2003|113152|31|591152|104
BG|2004|385600|42|976752|146
BG|2005|528928|50|1505680|196
BG|2006|407552|56|1913232|252
BG|2007|612672|64|2525904|316
BG|2008|756864|49|3282768|365
BG|2009|221504|51|3504272|416
BG|2010|286704|41|3790976|457
BG|2011|284687|46|4075663|503
BG|2012|254379|52|4330042|555
BF|1992|768|0|768|0
BF|1998|8192|0|8960|0
BF|2005|4096|0|13056|0
BF|2007|0|1|13056|1
BF|2008|9216|2|22272|3
BF|2009|9216|1|31488|4
BF|2011|1056|0|32544|4
BF|2012|20816|1|53360|5
BA|1997|16384|0|16384|0
BA|1998|0|1|16384|1
BA|1999|8192|1|24576|2
BA|2000|8192|0|32768|2
BA|2001|12288|6|45056|8
BA|2002|12288|1|57344|9
BA|2003|8192|0|65536|9
BA|2004|18432|1|83968|10
BA|2005|36864|3|120832|13
BA|2006|32768|0|153600|13
BA|2007|125213|10|278813|23
BA|2008|101664|1|380477|24
BA|2009|114944|1|495421|25
BA|2010|67805|3|563226|28
BA|2011|137344|2|700570|30
BA|2012|65629|4|766199|34
BB|1994|768|0|768|0
BB|1995|16384|0|17152|0
BB|1996|4096|0|21248|0
BB|1997|0|1|21248|1
BB|1999|12288|1|33536|2
BB|2002|8192|0|41728|2
BB|2003|0|1|41728|3
BB|2005|24576|0|66304|3
BB|2006|16384|0|82688|3
BB|2007|32768|2|115456|5
BB|2008|4096|0|119552|5
BB|2009|0|1|119552|6
BB|2010|17408|1|136960|7
BB|2011|3072|0|140032|7
BB|2012|8192|1|148224|8
MP|2000|0|1|0|1
MP|2002|4096|0|4096|1
MP|2004|4096|0|8192|1
MP|2006|4096|0|12288|1
MP|2011|1024|0|13312|1
MQ|2008|2048|0|2048|0
MQ|2010|8192|0|10240|0
MR|2009|8192|0|8192|0
MR|2012|25600|2|33792|2
MS|2007|256|0|256|0
MS|2008|1024|0|1280|0
MT|1991|256|0|256|0
MT|1993|4096|0|4352|0
MT|1995|16384|0|20736|0
MT|1996|8192|1|28928|1
MT|1997|16384|1|45312|2
MT|1998|8192|0|53504|2
MT|1999|4352|1|57856|3
MT|2000|16640|2|74496|5
MT|2001|28672|3|103168|8
MT|2002|256|0|103424|8
MT|2003|24576|1|128000|9
MT|2004|16672|1|144672|10
MT|2005|61952|6|206624|16
MT|2006|2368|1|208992|17
MT|2007|108288|0|317280|17
MT|2008|82176|3|399456|20
MT|2009|2144|1|401600|21
MT|2010|110112|3|511712|24
MT|2011|35360|3|547072|27
MT|2012|16672|1|563744|28
MU|1994|256|0|256|0
MU|1995|2304|0|2560|0
MU|2000|8192|0|10752|0
MU|2002|0|1|10752|1
MU|2003|4096|0|14848|1
MU|2004|2560|3|17408|4
MU|2005|29952|3|47360|7
MU|2006|42304|1|89664|8
MU|2007|43296|1|132960|9
MU|2008|1072|1|134032|10
MU|2009|67072|1|201104|11
MU|2010|273312|2|474416|13
MU|2011|48|2|474464|15
MU|2012|16960|2|491424|17
MV|1996|1024|0|1024|0
MV|1997|0|1|1024|1
MV|2001|3072|0|4096|1
MV|2003|4096|0|8192|1
MV|2004|0|1|8192|2
MV|2005|2560|1|10752|3
MV|2006|2048|0|12800|3
MV|2007|8192|0|20992|3
MV|2008|16384|0|37376|3
MV|2010|16416|1|53792|4
MV|2011|32|0|53824|4
MV|2012|1024|0|54848|4
MW|2003|0|1|0|1
MW|2004|1536|1|1536|2
MW|2005|2048|1|3584|3
MW|2006|0|1|3584|4
MW|2007|5632|1|9216|5
MW|2008|3072|0|12288|5
MW|2009|3072|1|15360|6
MW|2010|43008|3|58368|9
MW|2011|22000|2|80368|11
MW|2012|66608|2|146976|13
MX|1987|8192|2|8192|2
MX|1988|65536|0|73728|2
MX|1989|196608|1|270336|3
MX|1990|65792|0|336128|3
MX|1991|132096|1|468224|4
MX|1992|788224|2|1256448|6
MX|1993|1120256|5|2376704|11
MX|1994|777216|9|3153920|20
MX|1995|68864|7|3222784|27
MX|1996|109568|22|3332352|49
MX|1997|86784|11|3419136|60
MX|1998|332544|7|3751680|67
MX|1999|407296|12|4158976|79
MX|2000|429856|20|4588832|99
MX|2001|312576|19|4901408|118
MX|2002|243456|9|5144864|127
MX|2003|375616|15|5520480|142
MX|2004|386080|27|5906560|169
MX|2005|3094912|17|9001472|186
MX|2006|4557632|10|13559104|196
MX|2007|4718592|14|18277696|210
MX|2008|754752|15|19032448|225
MX|2009|672144|14|19704592|239
MX|2010|995628|13|20700220|252
MX|2011|4101912|12|24802132|264
MX|2012|1699744|10|26501876|274
UA|1992|256|0|256|0
UA|1993|0|1|256|1
UA|1994|65536|4|65792|5
UA|1995|8192|3|73984|8
UA|1996|57344|7|131328|15
UA|1997|139264|10|270592|25
UA|1998|65536|7|336128|32
UA|1999|118784|25|454912|57
UA|2000|127488|46|582400|103
UA|2001|97312|62|679712|165
UA|2002|98304|101|778016|266
UA|2003|184448|110|962464|376
UA|2004|129312|106|1091776|482
UA|2005|183616|113|1275392|595
UA|2006|637728|178|1913120|773
UA|2007|752224|257|2665344|1030
UA|2008|1866304|250|4531648|1280
UA|2009|1579040|179|6110688|1459
UA|2010|1827408|226|7938096|1685
UA|2011|2430320|235|10368416|1920
UA|2012|2193884|159|12562300|2079
MZ|1995|2048|0|2048|0
MZ|2002|4096|0|6144|0
MZ|2003|5120|1|11264|1
MZ|2004|0|2|11264|3
MZ|2005|4096|1|15360|4
MZ|2006|12288|0|27648|4
MZ|2007|6144|2|33792|6
MZ|2008|9248|3|43040|9
MZ|2009|75776|5|118816|14
MZ|2010|6144|2|124960|16
MZ|2011|200704|2|325664|18
MZ|2012|89712|4|415376|22
UG|1999|8192|0|8192|0
UG|2001|0|1|8192|1
UG|2002|128|0|8320|1
UG|2003|0|5|8320|6
UG|2005|65536|1|73856|7
UG|2006|7168|1|81024|8
UG|2007|34048|3|115072|11
UG|2008|17408|3|132480|14
UG|2009|30752|6|163232|20
UG|2010|12432|5|175664|25
UG|2011|15040|2|190704|27
UG|2012|34368|2|225072|29
MA|1993|768|0|768|0
MA|1994|256|0|1024|0
MA|1995|512|0|1536|0
MA|1996|16384|0|17920|0
MA|1997|256|0|18176|0
MA|1998|32768|0|50944|0
MA|2001|32768|0|83712|0
MA|2002|65536|0|149248|0
MA|2004|16384|1|165632|1
MA|2005|135200|0|300832|1
MA|2006|270368|2|571200|3
MA|2007|16384|4|587584|7
MA|2008|32768|0|620352|7
MA|2009|369664|0|990016|7
MA|2010|270336|0|1260352|7
MA|2011|2197536|0|3457888|7
MA|2012|328016|1|3785904|8
UZ|1996|8192|0|8192|0
UZ|1997|0|2|8192|2
UZ|2002|8192|2|16384|4
UZ|2003|30208|3|46592|7
UZ|2004|24576|4|71168|11
UZ|2005|14336|3|85504|14
UZ|2006|40960|2|126464|16
UZ|2007|9216|2|135680|18
UZ|2008|39936|3|175616|21
UZ|2009|28224|7|203840|28
UZ|2010|8192|2|212032|30
UZ|2011|7424|8|219456|38
UZ|2012|8829|3|228285|41
MC|1996|8192|1|8192|1
MC|2000|8192|0|16384|1
MC|2001|4096|0|20480|1
MC|2003|8192|0|28672|1
MC|2005|26624|0|55296|1
MC|2006|1024|0|56320|1
MC|2008|1280|0|57600|1
MD|1997|16384|1|16384|1
MD|1998|16384|3|32768|4
MD|1999|0|2|32768|6
MD|2000|4096|1|36864|7
MD|2002|4096|4|40960|11
MD|2003|8704|1|49664|12
MD|2004|8704|4|58368|16
MD|2005|21760|3|80128|19
MD|2006|58112|2|138240|21
MD|2007|34592|7|172832|28
MD|2008|84992|5|257824|33
MD|2009|152192|5|410016|38
MD|2010|144960|13|554976|51
MD|2011|164736|7|719712|58
MD|2012|167504|7|887216|65
ME|1997|8192|1|8192|1
ME|2002|16384|0|24576|1
ME|2003|1024|1|25600|2
ME|2004|8192|1|33792|3
ME|2006|8192|1|41984|4
ME|2007|24576|2|66560|6
ME|2008|20736|2|87296|8
ME|2009|22528|0|109824|8
ME|2010|74240|3|184064|11
ME|2011|20576|1|204640|12
ME|2012|11264|1|215904|13
MF|2004|0|1|0|1
MF|2007|2048|0|2048|1
MF|2008|1024|0|3072|1
MF|2009|3072|0|6144|1
MF|2011|1024|0|7168|1
MG|2004|4096|0|4096|0
MG|2006|16384|0|20480|0
MG|2007|512|1|20992|1
MG|2008|17440|2|38432|3
MG|2009|1024|1|39456|4
MG|2010|16384|0|55840|4
MG|2011|6480|3|62320|7
MG|2012|49152|0|111472|7
MH|2005|0|1|0|1
MH|2007|2048|0|2048|1
MH|2010|32|0|2080|1
MK|1993|256|1|256|1
MK|1994|256|0|512|1
MK|1995|256|0|768|1
MK|1996|16384|1|17152|2
MK|1998|16384|2|33536|4
MK|1999|8192|1|41728|5
MK|2000|81920|0|123648|5
MK|2001|0|1|123648|6
MK|2005|20480|1|144128|7
MK|2006|51200|2|195328|9
MK|2007|82720|5|278048|14
MK|2008|194816|6|472864|20
MK|2009|58944|5|531808|25
MK|2010|69888|1|601696|26
MK|2011|50080|5|651776|31
MK|2012|14686|1|666462|32
ML|2000|4096|0|4096|0
ML|2004|12288|1|16384|1
ML|2005|0|1|16384|2
ML|2007|4128|1|20512|3
ML|2008|4096|0|24608|3
ML|2009|0|1|24608|4
ML|2010|12288|0|36896|4
ML|2012|16384|0|53280|4
MM|2000|8192|1|8192|1
MM|2002|4096|1|12288|2
MM|2008|0|1|12288|3
MM|2009|1024|0|13312|3
MM|2010|12320|0|25632|3
MM|2011|32|2|25664|5
MN|1993|8192|0|8192|0
MN|1995|1024|0|9216|0
MN|1998|1024|0|10240|0
MN|1999|16384|1|26624|1
MN|2000|4096|1|30720|2
MN|2001|4096|1|34816|3
MN|2002|0|1|34816|4
MN|2003|4096|1|38912|5
MN|2004|2048|1|40960|6
MN|2005|2048|1|43008|7
MN|2006|32768|8|75776|15
MN|2007|18432|2|94208|17
MN|2008|10240|6|104448|23
MN|2009|30208|4|134656|27
MN|2010|60336|6|194992|33
MN|2011|7776|6|202768|39
MN|2012|4480|4|207248|43
MO|1992|65792|0|65792|0
MO|1995|2048|1|67840|1
MO|1996|4096|0|71936|1
MO|1998|4096|0|76032|1
MO|1999|8192|0|84224|1
MO|2000|8192|0|92416|1
MO|2001|8192|0|100608|1
MO|2003|8192|0|108800|1
MO|2004|16416|0|125216|1
MO|2005|17440|1|142656|2
MO|2006|32768|0|175424|2
MO|2007|2048|1|177472|3
MO|2008|16384|0|193856|3
MO|2009|16384|1|210240|4
MO|2010|114688|0|324928|4
MO|2011|32|0|324960|4
TW|1989|65536|0|65536|0
TW|1990|1694464|0|1760000|0
TW|1992|1979904|0|3739904|0
TW|1993|512|0|3740416|0
TW|1994|327680|0|4068096|0
TW|1995|264192|1|4332288|1
TW|1996|531456|6|4863744|7
TW|1997|712704|22|5576448|29
TW|1998|196608|5|5773056|34
TW|1999|697344|10|6470400|44
TW|2000|868422|28|7338822|72
TW|2001|2777088|24|10115910|96
TW|2002|1310876|38|11426786|134
TW|2003|1561760|3|12988546|137
TW|2004|1573728|1|14562274|138
TW|2005|1626741|21|16189015|159
TW|2006|1878443|2|18067458|161
TW|2007|1673274|22|19740732|183
TW|2008|4176128|14|23916860|197
TW|2009|3133504|4|27050364|201
TW|2010|4865216|5|31915580|206
TW|2011|3467504|101|35383084|307
TW|2012|13056|1|35396140|308
TV|1999|8192|0|8192|0
TV|2011|32|0|8224|0
TT|1994|768|0|768|0
TT|1995|12288|1|13056|1
TT|1996|8192|0|21248|1
TT|1997|8192|0|29440|1
TT|1999|0|1|29440|2
TT|2000|4096|0|33536|2
TT|2002|0|1|33536|3
TT|2003|4096|1|37632|4
TT|2004|4096|0|41728|4
TT|2005|24576|2|66304|6
TT|2006|69664|0|135968|6
TT|2007|104480|1|240448|7
TT|2008|16384|0|256832|7
TT|2009|180510|1|437342|8
TT|2010|80|0|437422|8
TT|2011|32768|0|470190|8
TT|2012|32800|0|502990|8
TR|1990|131584|0|131584|0
TR|1991|65792|0|197376|0
TR|1992|65792|0|263168|0
TR|1993|0|1|263168|1
TR|1994|65536|0|328704|1
TR|1996|163840|2|492544|3
TR|1997|213248|14|705792|17
TR|1998|286720|12|992512|29
TR|1999|352512|13|1345024|42
TR|2000|555776|27|1900800|69
TR|2001|119040|15|2019840|84
TR|2002|325664|20|2345504|104
TR|2003|119328|26|2464832|130
TR|2004|1308192|29|3773024|159
TR|2005|2180352|30|5953376|189
TR|2006|134176|26|6087552|215
TR|2007|2603872|46|8691424|261
TR|2008|1674304|37|10365728|298
TR|2009|615008|31|10980736|329
TR|2010|1241632|34|12222368|363
TR|2011|2860912|32|15083280|395
TR|2012|1144161|45|16227441|440
ER|2004|4096|1|4096|1
ES|1984|65792|0|65792|0
ES|1988|65536|0|131328|0
ES|1990|131328|1|262656|1
ES|1991|725504|0|988160|1
ES|1992|795392|0|1783552|1
ES|1993|256768|2|2040320|3
ES|1994|204032|2|2244352|5
ES|1995|123136|4|2367488|9
ES|1996|466944|1|2834432|10
ES|1997|214016|5|3048448|15
ES|1998|237568|5|3286016|20
ES|1999|960512|21|4246528|41
ES|2000|1428736|36|5675264|77
ES|2001|2137376|45|7812640|122
ES|2002|1605920|29|9418560|151
ES|2003|1710800|24|11129360|175
ES|2004|4114064|28|15243424|203
ES|2005|2930272|24|18173696|227
ES|2006|2448288|28|20621984|255
ES|2007|1815680|44|22437664|299
ES|2008|1295552|37|23733216|336
ES|2009|1082879|36|24816095|372
ES|2010|1472955|38|26289050|410
ES|2011|1614363|57|27903413|467
ES|2012|763140|57|28666553|524
ET|2000|16384|0|16384|0
ET|2007|0|1|16384|1
ET|2011|16384|0|32768|1
ET|2012|65536|1|98304|2
TZ|1999|8192|1|8192|1
TZ|2001|4608|1|12800|2
TZ|2003|0|1|12800|3
TZ|2004|13312|1|26112|4
TZ|2005|4096|3|30208|7
TZ|2006|22592|3|52800|10
TZ|2007|11824|1|64624|11
TZ|2008|5408|5|70032|16
TZ|2009|44592|10|114624|26
TZ|2010|139296|4|253920|30
TZ|2011|78352|6|332272|36
TZ|2012|213952|5|546224|41
UM|2011|0|1|0|1
TG|2002|0|1|0|1
TG|2006|8192|0|8192|1
TG|2010|5120|2|13312|3
TG|2012|8192|0|21504|3
TD|2010|4096|0|4096|0
TD|2012|1024|1|5120|1
TC|2001|0|1|0|1
TC|2007|4096|0|4096|1
TC|2009|4096|1|8192|2
TC|2012|2048|0|10240|2
JO|1995|8192|0|8192|0
JO|1996|8192|0|16384|0
JO|1997|8192|1|24576|1
JO|1998|32768|4|57344|5
JO|1999|0|1|57344|6
JO|2000|12288|0|69632|6
JO|2001|16896|2|86528|8
JO|2003|4352|0|90880|8
JO|2004|20480|1|111360|9
JO|2005|39424|2|150784|11
JO|2006|14336|1|165120|12
JO|2007|41472|3|206592|15
JO|2008|69632|4|276224|19
JO|2009|90496|3|366720|22
JO|2010|80352|3|447072|25
JO|2011|155744|2|602816|27
JO|2012|62554|2|665370|29
TO|2006|4096|2|4096|2
TO|2009|32|0|4128|2
TO|2010|2048|0|6176|2
TN|1990|256|0|256|0
TN|1995|0|1|256|1
TN|2001|40960|0|41216|1
TN|2004|65536|0|106752|1
TN|2006|524288|0|631040|1
TN|2007|0|1|631040|2
TN|2008|1056|0|632096|2
TN|2009|0|1|632096|3
TN|2010|2097152|0|2729248|3
TN|2011|76|1|2729324|4
TN|2012|0|2|2729324|6
TM|2001|4096|1|4096|1
TM|2008|4096|1|8192|2
TM|2010|512|1|8704|3
EC|1991|65536|0|65536|0
EC|1992|7424|0|72960|0
EC|1993|15360|1|88320|1
EC|1994|1536|0|89856|1
EC|1995|768|0|90624|1
EC|1999|0|2|90624|3
EC|2000|8192|2|98816|5
EC|2001|0|2|98816|7
EC|2002|8192|4|107008|11
EC|2003|28672|1|135680|12
EC|2004|65536|2|201216|14
EC|2005|65792|4|267008|18
EC|2006|77344|6|344352|24
EC|2007|208928|4|553280|28
EC|2008|182352|8|735632|36
EC|2009|317624|3|1053256|39
EC|2010|259216|3|1312472|42
EC|2011|410334|6|1722806|48
EC|2012|269085|4|1991891|52
TK|2010|2080|1|2080|1
TK|2011|1216|2|3296|3
TJ|2002|1024|1|1024|1
TJ|2003|1280|0|2304|1
TJ|2004|4096|0|6400|1
TJ|2005|16384|1|22784|2
TJ|2007|8192|2|30976|4
TJ|2008|6144|0|37120|4
TJ|2009|14336|4|51456|8
TJ|2010|5120|0|56576|8
TJ|2012|7168|0|63744|8
EG|1990|8192|0|8192|0
EG|1991|256|0|8448|0
EG|1992|65536|0|73984|0
EG|1995|8448|0|82432|0
EG|1996|0|1|82432|1
EG|1997|0|1|82432|2
EG|1999|16384|0|98816|2
EG|2000|397312|0|496128|2
EG|2001|196608|0|692736|2
EG|2002|65536|1|758272|3
EG|2003|81920|0|840192|3
EG|2004|264224|1|1104416|4
EG|2005|142848|6|1247264|10
EG|2006|143680|4|1390944|14
EG|2007|755744|25|2146688|39
EG|2008|284704|4|2431392|43
EG|2009|1807904|5|4239296|48
EG|2010|1405472|9|5644768|57
EG|2011|2830160|3|8474928|60
EG|2012|918835|2|9393763|62
VA|1995|1536|0|1536|0
VA|1998|8192|0|9728|0
VA|2006|32|0|9760|0
VA|2010|8192|0|17952|0
AI|2005|2048|1|2048|1
AI|2006|2048|0|4096|1
CV|2007|4096|0|4096|0
CV|2008|4096|0|8192|0
CV|2010|4096|0|12288|0
CV|2011|5120|0|17408|0
CV|2012|0|1|17408|1
LY|2000|8192|0|8192|0
LY|2006|16384|0|24576|0
LY|2007|262144|0|286720|0
LY|2009|8192|1|294912|1
LY|2010|4096|1|299008|2
LY|2012|3165|0|302173|2
LV|1993|75008|1|75008|1
LV|1996|36864|4|111872|5
LV|1997|32768|5|144640|10
LV|1998|32768|1|177408|11
LV|1999|16896|6|194304|17
LV|2000|30720|9|225024|26
LV|2001|142336|17|367360|43
LV|2002|85504|14|452864|57
LV|2003|33792|7|486656|64
LV|2004|146784|7|633440|71
LV|2005|274688|23|908128|94
LV|2006|144640|19|1052768|113
LV|2007|204608|25|1257376|138
LV|2008|108480|27|1365856|165
LV|2009|77936|20|1443792|185
LV|2010|103888|22|1547680|207
LV|2011|69936|28|1617616|235
LV|2012|77933|25|1695549|260
LU|1989|256|0|256|0
LU|1991|197376|0|197632|0
LU|1992|404224|0|601856|0
LU|1993|1536|1|603392|1
LU|1994|5888|0|609280|1
LU|1995|27136|0|636416|1
LU|1996|81920|1|718336|2
LU|1997|24576|1|742912|3
LU|1998|8192|2|751104|5
LU|1999|17664|2|768768|7
LU|2000|12544|3|781312|10
LU|2001|25856|4|807168|14
LU|2002|23101|5|830269|19
LU|2003|3168|1|833437|20
LU|2004|130048|0|963485|20
LU|2005|57344|3|1020829|23
LU|2006|3072|2|1023901|25
LU|2007|61984|4|1085885|29
LU|2008|76448|4|1162333|33
LU|2009|106608|5|1268941|38
LU|2010|33696|7|1302637|45
LU|2011|13296|10|1315933|55
LU|2012|12352|2|1328285|57
LT|1992|65536|0|65536|0
LT|1993|1024|1|66560|1
LT|1994|17152|0|83712|1
LT|1995|8448|2|92160|3
LT|1996|40960|4|133120|7
LT|1997|90112|3|223232|10
LT|1998|8192|3|231424|13
LT|1999|16384|4|247808|17
LT|2000|17152|5|264960|22
LT|2001|16672|5|281632|27
LT|2002|70144|12|351776|39
LT|2003|74496|5|426272|44
LT|2004|213536|10|639808|54
LT|2005|433408|7|1073216|61
LT|2006|294400|5|1367616|66
LT|2007|651824|13|2019440|79
LT|2008|42528|11|2061968|90
LT|2009|95264|7|2157232|97
LT|2010|25376|7|2182608|104
LT|2011|46560|7|2229168|111
LT|2012|79197|5|2308365|116
LS|2002|4096|1|4096|1
LS|2005|2048|2|6144|3
LS|2006|256|0|6400|3
LS|2008|6144|1|12544|4
LS|2009|2048|0|14592|4
LS|2010|32|0|14624|4
LS|2011|24944|2|39568|6
LS|2012|5408|2|44976|8
ZW|1994|256|0|256|0
ZW|1996|2048|0|2304|0
ZW|1998|0|1|2304|1
ZW|1999|0|1|2304|2
ZW|2000|0|1|2304|3
ZW|2001|0|1|2304|4
ZW|2003|4096|1|6400|5
ZW|2005|8192|0|14592|5
ZW|2006|8192|0|22784|5
ZW|2007|6432|1|29216|6
ZW|2008|8192|0|37408|6
ZW|2009|6144|1|43552|7
ZW|2010|12576|4|56128|11
ZW|2011|28048|9|84176|20
ZW|2012|23648|5|107824|25
LK|1995|1024|0|1024|0
LK|1997|1024|0|2048|0
LK|1999|24576|0|26624|0
LK|2000|4096|0|30720|0
LK|2001|28672|3|59392|3
LK|2002|8192|2|67584|5
LK|2003|16384|1|83968|6
LK|2004|20480|0|104448|6
LK|2006|84224|3|188672|9
LK|2007|57376|0|246048|9
LK|2008|14928|5|260976|14
LK|2009|147488|1|408464|15
LK|2010|114848|0|523312|15
LK|2011|10400|3|533712|18
LK|2012|2112|2|535824|20
LI|1993|7680|0|7680|0
LI|1995|4096|0|11776|0
LI|1999|8192|0|19968|0
LI|2001|12288|2|32256|2
LI|2002|256|0|32512|2
LI|2003|32|0|32544|2
LI|2004|9472|0|42016|2
LI|2005|19968|3|61984|5
LI|2006|6912|0|68896|5
LI|2007|0|3|68896|8
LI|2008|832|0|69728|8
LI|2009|768|1|70496|9
LI|2010|2048|1|72544|10
LI|2011|6464|3|79008|13
LI|2012|3872|1|82880|14
MY|1990|65536|0|65536|0
MY|1992|137472|0|203008|0
MY|1993|512|0|203520|0
MY|1994|67072|0|270592|0
MY|1995|220928|0|491520|0
MY|1996|163840|1|655360|1
MY|1997|50176|0|705536|1
MY|1998|49152|0|754688|1
MY|1999|45056|1|799744|2
MY|2000|204800|9|1004544|11
MY|2001|311331|7|1315875|18
MY|2002|274566|3|1590441|21
MY|2003|221216|4|1811657|25
MY|2004|504128|9|2315785|34
MY|2005|228960|6|2544745|40
MY|2006|250464|11|2795209|51
MY|2007|425568|3|3220777|54
MY|2008|844176|17|4064953|71
MY|2009|472944|13|4537897|84
MY|2010|1194528|20|5732425|104
MY|2011|581248|24|6313673|128
MY|2012|29168|23|6342841|151
LC|1995|256|0|256|0
LB|1993|1024|0|1024|0
LB|1994|512|0|1536|0
LB|1995|8704|0|10240|0
LB|1996|8192|0|18432|0
LB|1997|10240|0|28672|0
LB|1998|16384|1|45056|1
LB|1999|0|2|45056|3
LB|2000|16384|0|61440|3
LB|2001|8192|1|69632|4
LB|2002|0|1|69632|5
LB|2003|9216|2|78848|7
LB|2004|16384|3|95232|10
LB|2005|28672|7|123904|17
LB|2006|65536|8|189440|25
LB|2007|39168|6|228608|31
LB|2008|78592|5|307200|36
LB|2009|29136|3|336336|39
LB|2010|107040|8|443376|47
LB|2011|21408|4|464784|51
LB|2012|23962|10|488746|61
LA|1999|8192|0|8192|0
LA|2000|0|1|8192|1
LA|2002|4096|0|12288|1
LA|2003|4096|1|16384|2
LA|2005|4096|2|20480|4
LA|2006|2048|1|22528|5
LA|2007|0|1|22528|6
LA|2008|18432|0|40960|6
LA|2009|9216|2|50176|8
LA|2010|2704|2|52880|10
LA|2011|2048|0|54928|10
LA|2012|1088|2|56016|12
World|1982|1280|0|1280|0
World|1983|18615808|0|18617088|0
World|1984|21858560|26|40475648|26
World|1985|1736192|22|42211840|48
World|1986|21648640|32|63860480|80
World|1987|11532544|53|75393024|133
World|1988|80059648|88|155452672|221
World|1989|122308864|271|277761536|492
World|1990|139610112|405|417371648|897
World|1991|240570112|104|657941760|1001
World|1992|224414464|199|882356224|1200
World|1993|173977344|659|1056333568|1859
World|1994|133199872|832|1189533440|2691
World|1995|101243216|1466|1290776656|4157
World|1996|100685048|1228|1391461704|5385
World|1997|62852552|1497|1454314256|6882
World|1998|68601040|1053|1522915296|7935
World|1999|45082060|1655|1567997356|9590
World|2000|77428642|2784|1645425998|12374
World|2001|84296153|3020|1729722151|15394
World|2002|67623912|2721|1797346063|18115
World|2003|84922786|2694|1882268849|20809
World|2004|122281183|2906|2004550032|23715
World|2005|176976803|3112|2181526835|26827
World|2006|169592973|3748|2351119808|30575
World|2007|195232627|4461|2546352435|35036
World|2008|199733630|4653|2746086065|39689
World|2009|178149381|4661|2924235446|44350
World|2010|240076926|5086|3164312372|49436
World|2011|201398072|5724|3365710444|55160
World|2012|111819176|5212|3477529620|60372
