GY|2011|2048|0
GY|2010|4096|1
GY|2012|3136|0
GY|2009|16416|0
GY|2006|16384|0
GY|2001|0|1
GR|1999|48416|10
GR|1998|183040|11
GR|1990|196864|0
GR|2012|264730|6
GR|2008|607597|10
GR|2009|348574|3
GR|1991|395520|0
GR|2007|784192|24
GR|1993|65536|0
GR|2005|242176|12
GR|2002|23552|7
GR|1994|26624|1
GR|1997|122112|8
GR|2001|243456|8
GR|2011|384464|7
GR|1984|65536|0
GR|2010|706042|10
GR|1995|65536|4
GR|2004|248320|8
GR|2003|71424|14
GR|2000|283136|19
GR|1996|41472|3
GR|2006|588288|16
GQ|2011|1024|1
GQ|2007|2048|0
GQ|2012|9280|3
GQ|2010|0|1
GP|2011|1024|0
GP|2010|32|0
GP|2008|1024|0
GP|2006|1024|1
GP|2007|1024|0
GP|2000|256|0
GP|1996|0|1
GW|2005|1024|0
GW|2012|4096|0
GU|1999|8192|1
GU|1992|256|0
GU|2004|12288|0
GU|2011|34816|1
GU|2010|29824|1
GU|2012|1056|0
GU|2008|8192|0
GU|2006|16384|0
GU|2007|6144|0
GU|1993|256|0
GU|2005|2048|1
GU|2002|0|2
GU|1994|73728|0
GU|2000|16384|1
GU|2001|4096|0
GT|1999|8192|1
GT|1992|512|0
GT|1995|8448|1
GT|1993|256|0
GT|2001|12288|2
GT|2003|0|1
GT|2011|66640|1
GT|2010|28672|2
GT|2012|48320|2
GT|1997|0|1
GT|2008|75776|0
GT|2009|71936|4
GT|2006|73760|1
GT|2007|35104|3
GT|2004|29184|2
GT|2005|16416|1
GT|2002|4096|3
GT|1994|65792|0
GT|2000|0|1
GT|1996|0|2
GI|1999|8192|1
GI|2011|0|1
GI|2010|10496|3
GI|2012|5184|0
GI|1997|16384|1
GI|2008|10272|2
GI|2009|2560|2
GI|2006|1024|2
GI|2007|512|1
GI|2004|4096|0
GI|2005|10240|2
GI|2000|8192|0
GH|1993|512|0
GH|2011|91168|9
GH|2010|78432|8
GH|2012|13152|5
GH|2008|15360|4
GH|2009|47168|6
GH|2006|24576|2
GH|2007|33568|5
GH|2004|8192|2
GH|2005|24832|3
GH|2002|0|1
GH|1994|256|0
GH|2000|8192|1
GH|2001|8192|1
AG|2011|1024|0
AG|2010|1024|1
AG|2012|3072|1
AG|2009|8192|1
AG|2007|10240|1
AG|2004|16384|0
AG|1995|8192|0
AG|2003|12288|0
AG|2000|0|1
GM|2011|4160|2
GM|1998|8192|0
GM|2012|6176|2
GM|2008|1024|0
GM|2009|2048|0
GM|2007|0|1
GM|2005|2048|0
GL|2010|32|0
GL|2012|2048|0
GL|1995|8192|0
GL|2005|8192|0
GL|1998|0|1
GB|1987|263936|0
GB|1999|2270240|46
GB|2010|8019344|133
GB|1990|2513152|1
GB|2012|2255882|157
GB|2008|3026912|168
GB|2009|4167158|136
GB|1991|4850944|0
GB|2007|6396029|118
GB|2004|3409720|127
GB|1992|4321536|0
GB|1995|18301440|14
GB|1994|1711360|19
GB|1997|1554232|24
GB|1996|2133824|38
GB|1986|256|0
GB|2011|2024907|133
GB|1984|852992|0
GB|2005|9829328|127
GB|1983|768|0
GB|1998|1482240|36
GB|2002|4438904|101
GB|1988|686336|0
GB|2003|5592413|118
GB|1993|20701184|10
GB|1989|1447680|0
GB|2000|3893952|94
GB|2001|3425232|111
GB|2006|4438016|153
GA|2011|3072|1
GA|2010|4096|2
GA|2012|9216|1
GA|2008|131072|0
GA|2009|8192|0
GA|2006|16384|0
GA|2007|0|1
GA|2005|1024|1
GA|1992|1536|0
GA|2000|4096|0
GG|2011|2080|1
GG|2007|0|1
GF|2011|0|1
GF|2006|2048|1
GF|2004|0|1
GE|1999|8192|0
GE|1998|8192|0
GE|2011|302688|9
GE|2010|113728|3
GE|2012|151072|12
GE|2008|174592|4
GE|2009|188928|5
GE|2006|32768|4
GE|2007|54528|3
GE|2005|81920|5
GE|2002|8192|2
GE|2003|8192|1
GE|2000|16384|2
GE|2001|8192|2
GD|2011|4096|1
GD|2010|2080|0
GD|2012|32|0
GD|2008|0|1
GD|2009|2048|0
GD|1994|256|0
GD|1997|0|1
DM|2011|1024|0
DM|1998|0|1
DM|2012|4096|1
DM|2008|0|1
RE|2008|32768|1
CF|2010|1024|0
CF|2012|2048|1
CF|2008|256|0
CF|2009|0|1
CF|2006|2048|0
CF|2007|1024|0
PL|1994|69632|0
PL|1999|283904|15
PL|1998|307968|12
PL|1990|256|0
PL|2012|1458451|253
PL|2008|1248912|138
PL|2009|932378|130
PL|1991|262656|0
PL|2007|2034044|152
PL|1993|262144|1
PL|1992|135680|0
PL|1995|90880|0
PL|2004|624480|86
PL|1997|230400|14
PL|1996|286720|4
PL|2011|1978267|296
PL|2005|873312|110
PL|2010|2073226|221
PL|2002|416448|41
PL|2003|2536768|60
PL|2000|675104|39
PL|2001|844317|59
PL|2006|2745277|148
MO|1999|8192|0
MO|2005|17440|1
MO|1996|4096|0
MO|1998|4096|0
MO|2011|32|0
MO|2010|114688|0
MO|2008|16384|0
MO|2009|16384|1
MO|2006|32768|0
MO|2007|2048|1
MO|2004|16416|0
MO|1992|65792|0
MO|1995|2048|1
MO|2003|8192|0
MO|2000|8192|0
MO|2001|8192|0
OM|2011|139264|1
OM|2010|18464|0
OM|1998|8192|0
OM|2012|443392|0
OM|2009|67616|2
OM|2004|65536|0
OM|1993|66560|0
OM|2002|8192|0
OM|2003|81952|1
OM|1997|0|1
RO|1999|8192|20
RO|1992|65536|0
RO|1998|74240|10
RO|1993|33024|1
RO|2001|221952|35
RO|1994|32768|1
RO|2011|763581|136
RO|2010|726236|138
RO|2012|2573268|105
RO|1997|49152|2
RO|2008|1443040|171
RO|2009|2075360|188
RO|2006|766720|205
RO|2007|2062080|158
RO|2004|222752|77
RO|2005|2436768|151
RO|2002|128256|31
RO|2003|462624|30
RO|2000|62464|27
RO|1996|73728|3
TK|2011|1216|2
TK|2010|2080|1
RS|1999|32768|1
RS|1996|8192|2
RS|1998|73728|3
RS|1995|9216|0
RS|1994|2304|0
RS|2011|73152|21
RS|2010|566173|23
RS|2012|123293|15
RS|1991|65536|0
RS|1997|32768|2
RS|2008|228672|9
RS|2009|434304|12
RS|2006|206592|11
RS|2007|171520|15
RS|2004|93984|7
RS|2005|68608|5
RS|2002|32800|3
RS|2003|46112|5
RS|2000|16384|4
RS|2001|12288|1
RU|1999|580640|45
RU|1998|753664|53
RU|1990|65792|0
RU|2012|5303984|680
RU|2008|5967360|584
RU|2009|4992637|538
RU|2006|2837568|278
RU|2007|3105120|427
RU|1993|196864|10
RU|1992|198912|0
RU|1995|282624|21
RU|2003|1113552|128
RU|1997|827392|63
RU|2001|612128|90
RU|2011|5690571|672
RU|2005|1638016|254
RU|2010|6674570|553
RU|2002|895744|98
RU|2004|2100288|197
RU|1994|258304|12
RU|1991|79360|0
RU|2000|811264|69
RU|1996|532480|43
RW|2011|34848|1
RW|2010|4464|2
RW|2012|17440|2
RW|2008|76800|2
RW|2009|2048|1
RW|2006|4096|1
RW|2007|65568|1
RW|2005|8192|0
TR|1999|352512|13
TR|1998|286720|12
TR|2012|1144161|45
TR|2008|1674304|37
TR|2009|615008|31
TR|1991|65792|0
TR|1990|131584|0
TR|2004|1308192|29
TR|1992|65792|0
TR|2006|134176|26
TR|1994|65536|0
TR|1997|213248|14
TR|1996|163840|2
TR|2011|2860912|32
TR|2005|2180352|30
TR|2010|1241632|34
TR|2002|325664|20
TR|2003|119328|26
TR|1993|0|1
TR|2000|555776|27
TR|2007|2603872|46
TR|2001|119040|15
ZW|1999|0|1
ZW|1998|0|1
ZW|2001|0|1
ZW|2003|4096|1
ZW|2011|28048|9
ZW|2010|12576|4
ZW|2012|23648|5
ZW|2008|8192|0
ZW|2009|6144|1
ZW|2006|8192|0
ZW|2007|6432|1
ZW|2005|8192|0
ZW|1994|256|0
ZW|2000|0|1
ZW|1996|2048|0
CV|2011|5120|0
CV|2007|4096|0
CV|2012|0|1
CV|2008|4096|0
CV|2010|4096|0
BR|2011|6291456|204
BR|2010|6291456|456
BR|1990|327936|0
BR|2012|8388608|360
BR|2008|6291523|50
BR|2009|4194304|356
BR|1991|721664|1
BR|2007|4194304|192
BR|2004|1048576|17
BR|1992|299264|1
BR|2006|2097152|48
BR|1994|351744|0
BR|2000|0|41
BR|1996|0|11
BR|1999|0|27
BR|2005|4194304|32
BR|1998|0|24
BR|2002|0|24
BR|1995|8392960|3
BR|2003|1048576|16
BR|1993|197120|2
BR|1997|0|24
BR|2001|524288|42
BS|2011|1024|1
BS|2010|28672|0
BS|2012|32|0
BS|2008|2048|0
BS|2009|24608|0
BS|2006|20480|1
BS|2007|32|0
BS|2004|16384|0
BS|2002|4096|1
BS|2003|8192|0
BS|2000|16384|1
BS|1996|0|1
BT|2011|1024|0
BT|1999|8192|0
BT|2012|1056|1
BT|2008|32|0
BT|2010|32|0
BT|2006|2048|1
BT|2007|10240|1
BT|2005|2048|1
BT|2001|0|1
ZM|2011|26816|1
ZM|2010|85360|5
ZM|2012|147456|1
ZM|2008|21504|1
ZM|2009|15872|3
ZM|2006|2304|0
ZM|2007|1024|2
ZM|2005|2048|1
ZM|2002|0|1
ZM|2003|8192|0
ZM|1996|0|1
BW|2011|4432|3
BW|2010|19536|1
BW|2012|7200|1
BW|2008|66816|2
BW|2009|4096|0
BW|2006|1024|0
BW|2007|3328|1
BW|2005|1024|4
BW|2000|0|1
ZA|1999|16384|6
ZA|2010|1478538|30
ZA|1990|131840|0
ZA|2012|3381064|30
ZA|2008|437037|12
ZA|2009|1899632|14
ZA|1991|657664|5
ZA|2007|4038704|18
ZA|2004|42752|5
ZA|2005|409664|11
ZA|2002|30208|5
ZA|1993|2771712|3
ZA|1997|294912|13
ZA|1996|529152|10
ZA|2011|2406458|33
ZA|1984|163840|1
ZA|1992|1325056|0
ZA|1998|40960|5
ZA|1995|1556480|5
ZA|1988|256|0
ZA|1994|1467648|1
ZA|1989|65792|0
ZA|2003|22016|4
ZA|2000|49152|9
ZA|2001|30720|13
ZA|2006|1190752|6
BZ|2010|2048|1
BZ|2012|54464|3
BZ|1997|0|1
BZ|2009|16416|2
BZ|2006|8192|0
BZ|2007|16384|1
BZ|2004|8448|0
BZ|1994|256|0
BZ|2000|0|1
PM|2009|4096|1
NF|2006|0|1
NF|2011|48|0
NF|1995|1280|0
NF|2008|256|1
BA|1999|8192|1
BA|1998|0|1
BA|2011|137344|2
BA|2010|67805|3
BA|2012|65629|4
BA|2000|8192|0
BA|2008|101664|1
BA|2009|114944|1
BA|2006|32768|0
BA|2007|125213|10
BA|2004|18432|1
BA|2005|36864|3
BA|2002|12288|1
BA|2003|8192|0
BA|1997|16384|0
BA|2001|12288|6
BB|2011|3072|0
BB|2002|8192|0
BB|2003|0|1
BB|1999|12288|1
BB|2010|17408|1
BB|2012|8192|1
BB|2008|4096|0
BB|2009|0|1
BB|2006|16384|0
BB|2007|32768|2
BB|2005|24576|0
BB|1995|16384|0
BB|1994|768|0
BB|1997|0|1
BB|1996|4096|0
BD|1996|1536|0
BD|1998|24064|0
BD|1995|512|0
BD|1994|1024|0
BD|2011|67904|15
BD|2010|95344|11
BD|2012|52176|62
BD|1997|512|0
BD|2008|214384|14
BD|2009|206656|8
BD|2006|59424|22
BD|2007|100448|11
BD|2004|26624|7
BD|2005|31232|9
BD|2002|28160|1
BD|2003|12288|3
BD|2000|14336|4
BD|2001|4608|0
BE|1987|256|0
BE|1999|247040|7
BE|1998|69632|3
BE|2012|276298|17
BE|2008|839232|15
BE|2009|1555504|15
BE|1991|460800|0
BE|1990|590336|0
BE|1993|468736|2
BE|1992|448256|0
BE|2006|753855|24
BE|2003|337792|15
BE|2000|635424|8
BE|2001|403456|12
BE|2011|212458|14
BE|1984|65792|0
BE|2005|544576|13
BE|2010|625960|13
BE|2002|843584|12
BE|2004|877344|15
BE|1995|92672|4
BE|1988|65536|0
BE|1994|218368|0
BE|1989|65536|0
BE|1997|221440|5
BE|2007|404064|17
BE|1996|247808|3
BF|2011|1056|0
BF|1998|8192|0
BF|2012|20816|1
BF|2008|9216|2
BF|2009|9216|1
BF|2007|0|1
BF|1992|768|0
BF|2005|4096|0
BG|1999|50176|11
BG|1996|139776|1
BG|1998|65792|10
BG|1995|768|1
BG|1994|768|2
BG|2011|284687|46
BG|2010|286704|41
BG|2012|254379|52
BG|1991|256|0
BG|2000|58880|9
BG|2008|756864|49
BG|2009|221504|51
BG|2006|407552|56
BG|2007|612672|64
BG|2004|385600|42
BG|2005|528928|50
BG|2002|79360|16
BG|2003|113152|31
BG|1997|16640|3
BG|2001|65584|20
BH|2001|4096|0
BH|2003|8192|0
BH|2011|55456|1
BH|2010|90144|3
BH|2012|42132|3
BH|2008|78336|3
BH|2009|53328|0
BH|2006|30720|2
BH|2007|49152|3
BH|2004|18464|1
BH|2005|28672|9
BH|1995|0|1
BH|1993|512|0
BH|2000|4096|0
BH|1996|8192|1
BI|2011|1056|1
BI|2006|256|0
BI|2012|3072|2
BI|2002|0|1
BI|2005|2048|0
BJ|2011|8192|1
BJ|2010|21504|2
BJ|2012|1024|1
BJ|2008|2048|0
BJ|2009|5120|2
BJ|2006|1024|0
BJ|2007|32|0
BJ|2005|1024|0
BL|2012|44|1
BM|1999|0|1
BM|1992|256|0
BM|1996|16384|0
BM|1998|0|1
BM|1994|17152|1
BM|2011|2080|1
BM|2010|8224|1
BM|2003|4096|0
BM|2012|2048|1
BM|2000|0|1
BM|2008|1024|1
BM|2009|1024|2
BM|2006|0|1
BM|2007|6144|1
BM|2004|16384|1
BM|2005|8224|0
BM|1995|2816|0
BM|1993|2816|0
BM|1997|0|1
BM|2001|4096|1
BN|1999|4096|0
BN|2005|8192|1
BN|2011|1056|1
BN|2010|256|0
BN|2012|1568|2
BN|2008|16640|1
BN|2009|64|0
BN|1991|65792|0
BN|2007|2048|0
BN|2004|20480|0
BN|1992|65536|0
BN|1995|4096|1
BN|1993|256|0
BN|2000|0|1
BN|2001|4096|0
BO|1999|0|1
BO|1992|256|0
BO|2010|96256|1
BO|2001|4096|1
BO|2003|40960|1
BO|2011|20016|5
BO|1998|0|1
BO|2012|65696|0
BO|2008|55296|1
BO|2009|34880|0
BO|2006|51232|2
BO|2007|24576|1
BO|2004|28672|0
BO|2005|12320|0
BO|2002|45056|2
BO|1993|132096|0
BO|1996|0|1
MF|2011|1024|0
MF|2007|2048|0
MF|2004|0|1
MF|2008|1024|0
MF|2009|3072|0
JP|1994|427776|0
JP|1999|2408518|32
JP|1998|1130752|33
JP|1990|662272|0
JP|2012|215256|51
JP|2008|9992896|15
JP|2009|10979379|22
JP|2006|8395104|45
JP|2007|7006694|47
JP|2011|16873466|114
JP|1992|12363008|0
JP|1995|3148288|64
JP|2003|12387516|101
JP|2000|2310424|67
JP|2001|10335280|102
JP|1986|768|0
JP|1987|136704|0
JP|2005|23310394|8
JP|2010|9982673|60
JP|2002|10647985|112
JP|2004|12261347|53
JP|1988|465152|0
JP|1989|15624192|0
JP|1993|6475520|0
JP|1991|395008|0
JP|1997|19841792|66
JP|1996|4219904|2
AU|1987|327680|0
AU|1985|256|0
AU|1999|339200|58
AU|2010|8987573|158
AU|1990|3308288|0
AU|2012|114113|129
AU|2008|3073803|113
AU|2009|2626620|122
AU|2006|3809100|81
AU|2007|2709044|84
AU|2004|1489716|63
AU|2005|1683104|87
AU|1995|796416|3
AU|2003|763456|60
AU|1997|255488|53
AU|1996|1138176|16
AU|1986|65536|0
AU|2011|1352223|131
AU|1992|2237696|0
AU|1998|271616|55
AU|2002|535311|76
AU|1988|856320|0
AU|1994|2531072|0
AU|1993|1846272|0
AU|1989|1517312|0
AU|1991|3355904|0
AU|2000|960000|58
AU|2001|846883|69
IL|2011|526944|16
IL|1998|49152|8
IL|2012|204279|17
IL|2008|305949|28
IL|2009|549952|27
IL|1991|197120|0
IL|1990|131328|0
IL|1993|352000|1
IL|2005|343936|21
IL|1995|8192|3
IL|1994|8448|1
IL|1997|81920|4
IL|2001|115712|22
IL|1999|328704|11
IL|1984|983040|0
IL|1992|1536|0
IL|2010|687936|15
IL|2002|287744|10
IL|2004|847520|11
IL|2003|283424|13
IL|2000|225024|15
IL|2007|550192|19
IL|1996|49152|4
IL|2006|411136|10
UM|2011|0|1
JM|2005|57344|2
JM|2003|4096|1
JM|2011|16448|2
JM|2010|29696|0
JM|2012|6176|0
JM|2008|20480|0
JM|2009|29728|0
JM|2006|0|1
JM|2007|4096|0
JM|1993|3328|0
JM|2001|0|1
JM|1995|4864|0
JM|1994|1024|1
JM|1997|0|1
JM|1996|24576|0
JO|1999|0|1
JO|1996|8192|0
JO|1998|32768|4
JO|2011|155744|2
JO|2010|80352|3
JO|2012|62554|2
JO|1997|8192|1
JO|2008|69632|4
JO|2009|90496|3
JO|2006|14336|1
JO|2007|41472|3
JO|2004|20480|1
JO|2005|39424|2
JO|1995|8192|0
JO|2003|4352|0
JO|2000|12288|0
JO|2001|16896|2
QA|1999|8192|0
QA|1998|0|1
QA|2011|133120|0
QA|2010|133120|0
QA|2012|164896|1
QA|2008|2048|1
QA|2009|4096|1
QA|2006|65536|0
QA|2007|131328|2
QA|2004|4128|0
QA|2005|147456|2
QA|2002|8192|0
QA|2003|8192|1
JE|2011|2080|1
JE|1998|8192|1
JE|2012|1024|0
JE|2008|6144|1
JE|2009|32|1
JE|2006|4096|0
JE|2007|2048|0
JE|2005|16384|0
JE|2003|8192|0
JE|2000|8192|0
GN|2012|19488|3
GN|2003|0|1
GN|2009|1024|1
YE|1999|0|1
YE|2010|16416|0
YE|2012|15360|0
YE|2009|4096|0
YE|2006|8192|0
YE|2011|4096|0
YE|2003|8192|1
YE|1996|8192|0
ER|2004|4096|1
IQ|2011|86048|9
IQ|2010|38208|8
IQ|2012|342208|17
IQ|2008|6144|2
IQ|2009|57600|1
IQ|2006|8192|0
IQ|2007|28672|1
IQ|2004|1024|0
IQ|2005|2048|1
TG|2006|8192|0
TG|2010|5120|2
TG|2012|8192|0
TG|2002|0|1
IS|1992|256|0
IS|1998|8192|0
IS|1995|65536|0
IS|2001|24576|0
IS|2003|86016|3
IS|2011|55824|3
IS|2010|20032|8
IS|2012|4848|4
IS|1988|65536|0
IS|2008|16992|9
IS|2009|672|1
IS|2006|75776|3
IS|2007|12349|2
IS|1993|65536|0
IS|2005|129024|2
IS|2002|61440|3
IS|2004|86048|3
IS|2000|36864|2
IS|1996|8192|1
IR|1999|8192|1
IR|1996|0|1
IR|1995|65536|0
IR|1994|256|0
IR|2011|639936|61
IR|2010|2102144|41
IR|2012|4532595|85
IR|1997|8192|0
IR|2008|493664|23
IR|2009|476672|28
IR|2006|221184|10
IR|2007|330304|15
IR|2004|131136|8
IR|2005|160320|7
IR|2002|139264|5
IR|2003|35904|5
IR|2000|36864|1
IR|2001|188416|2
AM|1999|8192|2
AM|1998|8192|0
AM|2011|19136|8
AM|2010|327600|14
AM|2012|63613|6
AM|2008|33568|11
AM|2009|40256|8
AM|2006|12288|3
AM|2007|9760|5
AM|2004|24576|1
AM|2005|16416|1
AM|2002|4096|0
AM|1997|8192|1
AM|2001|8192|2
IT|2011|2563994|60
IT|2010|3776480|52
IT|1990|730112|0
IT|2012|3315624|52
IT|2008|5846429|60
IT|2009|4153584|47
IT|2006|778484|35
IT|2007|5073568|40
IT|1993|1132288|23
IT|2005|4561594|40
IT|2002|1959280|33
IT|2003|2487933|40
IT|1997|427264|13
IT|2001|1882624|70
IT|1999|735232|33
IT|1984|196864|0
IT|1992|486912|0
IT|1998|483584|22
IT|1995|285952|12
IT|2004|2429472|38
IT|1988|525312|0
IT|1994|274688|6
IT|1989|512|0
IT|1991|6960640|0
IT|2000|1318432|57
IT|1996|730112|15
AO|2011|760|4
AO|2010|45824|4
AO|1998|0|1
AO|2012|710960|5
AO|2008|2816|5
AO|2009|18688|3
AO|2006|12576|3
AO|2007|23552|1
AO|2004|1024|1
AO|2005|5120|1
AO|2000|4096|1
AN|2011|15968|6
AN|1995|0|1
AN|1994|4096|0
AN|1999|0|3
AN|2010|11328|2
AN|2012|4224|0
AN|2008|4655|2
AN|2009|6144|1
AN|2006|49184|1
AN|2007|81920|0
AN|2004|12288|4
AN|2005|12288|1
AN|2002|0|5
AN|2003|0|3
TN|2011|76|1
TN|2010|2097152|0
TN|2012|0|2
TN|2008|1056|0
TN|1990|256|0
TN|2006|524288|0
TN|2007|0|1
TN|2004|65536|0
TN|2009|0|1
TN|1995|0|1
TN|2001|40960|0
TO|2006|4096|2
TO|2010|2048|0
TO|2009|32|0
TL|2006|0|1
TL|2012|32|0
TL|2009|4096|0
TM|2010|512|1
TM|2008|4096|1
TM|2001|4096|1
TJ|2010|5120|0
TJ|2012|7168|0
TJ|2008|6144|0
TJ|2009|14336|4
TJ|2007|8192|2
TJ|2004|4096|0
TJ|2005|16384|1
TJ|2002|1024|1
TJ|2003|1280|0
AD|2011|31|0
AD|2012|1024|0
AD|2009|8192|0
AD|2006|8192|0
AD|2005|8192|0
AD|1996|8192|1
TH|2011|1250544|31
TH|2010|1859344|39
TH|2012|18336|19
TH|2008|516240|39
TH|2009|1088672|32
TH|2006|479296|31
TH|2007|606640|26
TH|2004|333408|12
TH|1992|132608|0
TH|1995|206080|4
TH|1994|96512|0
TH|1997|69632|10
TH|1996|194560|7
TH|1999|110080|10
TH|2005|618784|23
TH|1998|46080|5
TH|2002|74851|10
TH|1988|256|0
TH|2003|194150|17
TH|1993|401152|0
TH|1991|1024|0
TH|2000|174080|9
TH|2001|90112|8
AF|2011|12096|3
AF|2010|14336|6
AF|1998|8192|0
AF|2012|8224|7
AF|2008|2304|2
AF|2009|12288|4
AF|2006|6208|0
AF|2007|22528|1
AF|2004|8192|2
AF|2005|8192|1
AF|1996|8192|0
TV|2011|32|0
TV|1999|8192|0
TW|1994|327680|0
TW|2011|3467504|101
TW|2010|4865216|5
TW|2012|13056|1
TW|2008|4176128|14
TW|2009|3133504|4
TW|2006|1878443|2
TW|1990|1694464|0
TW|1993|512|0
TW|1992|1979904|0
TW|2002|1310876|38
TW|2004|1573728|1
TW|2000|868422|28
TW|1996|531456|6
TW|1999|697344|10
TW|2005|1626741|21
TW|1998|196608|5
TW|1995|264192|1
TW|2003|1561760|3
TW|1989|65536|0
TW|1997|712704|22
TW|2007|1673274|22
TW|2001|2777088|24
TT|2011|32768|0
TT|2002|0|1
TT|2003|4096|1
TT|1999|0|1
TT|2010|80|0
TT|2012|32800|0
TT|1997|8192|0
TT|2008|16384|0
TT|2009|180510|1
TT|2006|69664|0
TT|2007|104480|1
TT|2004|4096|0
TT|2005|24576|2
TT|1995|12288|1
TT|1994|768|0
TT|2000|4096|0
TT|1996|8192|0
AZ|1998|8192|1
AZ|2011|125056|3
AZ|2010|61440|4
AZ|2012|231581|6
AZ|2008|79872|1
AZ|2009|49152|4
AZ|2006|32768|4
AZ|2007|8192|2
AZ|2004|40960|2
AZ|2005|6144|0
AZ|2003|20480|4
AZ|2000|20480|3
IE|1999|17408|2
IE|1998|26640|2
IE|2012|72299|17
IE|2002|57888|4
IE|2008|279488|20
IE|2009|439629|11
IE|1991|275968|0
IE|1990|131328|0
IE|1993|265472|5
IE|1992|8960|1
IE|2006|543680|16
IE|1994|90880|2
IE|1997|8592|0
IE|2001|12832|2
IE|2011|187178|17
IE|2005|1812256|12
IE|2010|237152|7
IE|1995|50432|1
IE|2004|494656|11
IE|1988|256|0
IE|2003|205392|11
IE|1989|131328|0
IE|2000|250112|5
IE|2007|587136|15
IE|1996|24576|1
ID|1999|71680|3
ID|1998|25344|4
ID|1990|66048|0
ID|2012|101648|14
ID|2008|4154544|58
ID|2009|1577536|95
ID|1991|65536|0
ID|2007|820832|84
ID|1993|65536|0
ID|2005|456016|2
ID|1995|19712|0
ID|1994|10496|1
ID|1997|45056|2
ID|1996|50944|6
ID|2011|7094447|200
ID|1992|256|0
ID|2010|1826848|58
ID|2002|162816|21
ID|2004|165184|23
ID|1988|256|0
ID|2003|84624|25
ID|2000|204800|12
ID|2001|102912|23
ID|2006|261056|51
AS|1999|0|1
AS|2010|32|0
AS|2003|4096|1
AR|1987|16384|0
AR|1999|98304|16
AR|1998|155648|26
AR|2012|1824833|58
AR|2008|1723520|30
AR|2009|1962368|21
AR|2006|805440|13
AR|1990|65536|1
AR|1993|198144|0
AR|2005|510045|8
AR|2002|24576|6
AR|1994|406272|3
AR|1997|106496|19
AR|1996|26880|4
AR|2011|3154697|38
AR|1992|65536|0
AR|2010|2441200|34
AR|1995|159232|8
AR|2004|409600|12
AR|2003|189216|6
AR|1991|65536|0
AR|2000|200704|25
AR|2007|1233536|13
AR|2001|365056|24
TZ|2011|78352|6
TZ|1999|8192|1
TZ|2010|139296|4
TZ|2012|213952|5
TZ|2008|5408|5
TZ|2009|44592|10
TZ|2006|22592|3
TZ|2007|11824|1
TZ|2004|13312|1
TZ|2005|4096|3
TZ|2003|0|1
TZ|2001|4608|1
AT|1999|420125|16
AT|1998|227840|6
AT|2012|217510|30
AT|2008|306592|33
AT|2009|485488|25
AT|2006|806048|36
AT|1990|855296|0
AT|1993|438016|4
AT|1992|536320|0
AT|1995|227072|6
AT|2003|478304|30
AT|1997|131328|14
AT|2001|783421|22
AT|2011|275708|33
AT|1984|256|0
AT|2005|756640|37
AT|2010|1032047|35
AT|2002|284092|23
AT|2004|1112976|33
AT|1994|192512|0
AT|1989|131072|0
AT|1991|335360|0
AT|2000|618240|21
AT|2007|662080|33
AT|1996|373248|6
AW|2006|2048|1
AW|2010|20480|1
AW|2011|32|0
AW|2005|16384|0
AW|1998|0|1
IN|1999|190464|3
IN|1998|106496|1
IN|2012|106344|127
IN|2008|4211904|70
IN|2009|1554176|97
IN|2006|2153056|32
IN|1990|65536|0
IN|1993|131584|0
IN|1992|65792|0
IN|2002|589344|11
IN|1994|13056|0
IN|1997|32768|1
IN|2001|370688|19
IN|2011|5967983|71
IN|2005|1018238|27
IN|2010|9417804|72
IN|1995|61952|0
IN|2004|2351456|18
IN|2003|169984|10
IN|2000|565248|19
IN|2007|5669712|35
IN|1996|13568|1
KW|1999|16384|1
KW|2005|8960|1
KW|1998|8192|0
KW|1995|16384|0
KW|1993|70144|0
KW|1994|76800|1
KW|2011|363680|5
KW|2010|201536|5
KW|1990|65536|0
KW|2012|363613|5
KW|1997|8192|0
KW|2008|242432|4
KW|2009|48192|9
KW|2006|146176|6
KW|2007|91904|8
KW|2004|10496|0
KW|2001|4096|1
KW|2002|8192|2
KW|2003|38912|3
KW|2000|139264|0
KW|1996|8192|0
AE|1999|65536|0
AE|1998|0|5
AE|2002|32|0
AE|1993|1536|0
AE|1994|256|0
AE|2011|281584|14
AE|2010|269120|6
AE|2012|278061|13
AE|1991|256|0
AE|1997|65536|0
AE|2008|787008|3
AE|2009|67584|2
AE|2006|264192|2
AE|2007|264192|0
AE|2004|133120|0
AE|2005|419840|1
AE|1995|65536|0
AE|2003|37888|0
AE|2000|8192|1
AE|2001|196608|0
NR|1998|8192|0
NR|2012|256|0
NR|2010|32|2
DZ|2011|525312|0
DZ|1998|8192|0
DZ|2012|7200|0
DZ|2008|1056|0
DZ|2010|791632|1
DZ|2006|147487|1
DZ|2007|23808|4
DZ|2005|14336|3
DZ|1992|256|0
DZ|2009|1049600|2
DZ|2001|12288|0
CM|2011|19488|1
CM|2010|27648|1
CM|2012|2048|1
CM|2000|0|2
CM|2008|5120|2
CM|2009|41984|1
CM|2006|17440|2
CM|2007|16384|2
CM|2002|0|1
CM|1994|256|0
CM|1997|8192|0
DE|1987|398336|0
DE|1984|661760|0
DE|2011|4846763|104
DE|1991|1639936|0
DE|2012|3411170|108
DE|2008|7268972|101
DE|2009|3533515|90
DE|2006|10675320|89
DE|1990|5731840|0
DE|1993|3574784|28
DE|1992|21865216|1
DE|2002|882090|116
DE|1994|2048000|16
DE|2000|4185949|120
DE|1996|1652664|24
DE|1986|256|0
DE|1999|2064192|93
DE|1998|1384064|41
DE|2005|6536362|122
DE|2010|6825510|115
DE|1995|1151568|11
DE|2004|7322829|131
DE|1988|1063680|0
DE|1989|2657792|0
DE|2003|1110269|99
DE|1997|2223360|37
DE|2007|9077278|99
DE|2001|5893133|111
DO|1999|0|1
DO|1996|0|1
DO|1995|768|0
DO|2003|24608|0
DO|2011|284192|1
DO|2010|106800|3
DO|2012|19808|3
DO|2008|139264|1
DO|2009|45056|2
DO|2006|47104|2
DO|2007|69632|2
DO|2004|28672|0
DO|2005|30784|0
DO|2002|16384|0
DO|1994|5120|0
DO|2001|40960|0
PF|2011|1088|0
PF|2010|1360|2
PF|2005|6144|0
PF|1998|8192|1
PF|2006|16384|0
PF|2004|8192|0
PF|1992|256|0
DJ|2006|32|0
DJ|2004|4096|1
DJ|2012|32768|0
DJ|2009|8192|0
DK|1999|212992|5
DK|2010|947565|25
DK|2012|282213|31
DK|2008|1309213|22
DK|2009|789464|20
DK|2006|592576|14
DK|2007|490912|30
DK|2004|443776|11
DK|2005|1593088|16
DK|2002|522080|7
DK|1994|81920|2
DK|1997|516096|3
DK|1996|356352|6
DK|2011|448173|14
DK|1984|65536|0
DK|1992|131328|0
DK|1998|430336|3
DK|1995|12288|2
DK|1988|327680|0
DK|1989|67072|0
DK|1993|184832|0
DK|2003|1068976|15
DK|1991|264448|0
DK|2000|554112|9
DK|2001|831133|11
VI|2006|0|1
VI|2012|1024|1
VI|2008|4096|0
VI|2009|32|1
VI|1991|65536|0
VI|2007|2048|0
VI|2004|9216|1
VI|2001|4096|0
VI|2005|2048|0
VI|2000|0|1
VI|1996|0|1
SZ|2010|9216|2
SZ|2012|2048|1
SZ|2008|4128|0
SZ|2006|8192|0
SZ|2007|8192|0
SZ|2004|0|1
SZ|1995|256|0
SZ|1994|512|0
SZ|2003|4096|1
SY|2011|124928|1
SY|2010|237632|0
SY|2012|103456|0
SY|2008|49152|1
SY|2009|192512|0
SY|2006|90112|0
SY|2007|12288|0
SY|1993|2048|0
SY|2005|1024|1
SY|2002|0|1
SY|2003|24576|2
LY|2010|4096|1
LY|2012|3165|0
LY|2009|8192|1
LY|2006|16384|0
LY|2007|262144|0
LY|2000|8192|0
LV|1999|16896|6
LV|1996|36864|4
LV|1998|32768|1
LV|1993|75008|1
LV|2011|69936|28
LV|2010|103888|22
LV|2012|77933|25
LV|2000|30720|9
LV|2008|108480|27
LV|2009|77936|20
LV|2006|144640|19
LV|2007|204608|25
LV|2004|146784|7
LV|2005|274688|23
LV|2002|85504|14
LV|2003|33792|7
LV|1997|32768|5
LV|2001|142336|17
SV|1999|0|2
SV|1996|0|1
SV|1995|768|0
SV|1994|65536|0
SV|2011|108604|1
SV|2010|32768|0
SV|2012|38976|0
SV|2008|77824|0
SV|2009|17664|2
SV|2006|110624|0
SV|2007|4096|2
SV|2004|49152|0
SV|2005|24832|2
SV|2002|4096|1
SV|2003|0|1
SV|2000|8192|4
SV|2001|4096|1
LT|1999|16384|4
LT|1992|65536|0
LT|1998|8192|3
LT|1995|8448|2
LT|1993|1024|1
LT|2001|16672|5
LT|1994|17152|0
LT|2011|46560|7
LT|2010|25376|7
LT|2012|79197|5
LT|2000|17152|5
LT|2008|42528|11
LT|2009|95264|7
LT|2006|294400|5
LT|2007|651824|13
LT|2004|213536|10
LT|2005|433408|7
LT|2002|70144|12
LT|2003|74496|5
LT|1997|90112|3
LT|1996|40960|4
ST|2011|8224|0
LR|2010|8192|1
LR|2012|4096|1
LR|2009|1024|1
SR|2012|33856|1
SR|2008|24576|0
SR|2006|4096|0
SR|2007|8192|0
SR|2004|4096|0
SR|2005|2048|1
SR|1995|1024|0
SO|2011|8224|2
SO|2010|1024|0
SO|2012|2080|2
SN|2010|131072|1
SN|1984|256|0
SN|2009|90112|0
SN|2006|32|0
SN|2005|128|0
SN|1994|2048|0
SM|2011|2384|0
SM|2010|2048|0
SM|2009|2048|2
SM|2006|8192|1
SM|2007|4096|0
SM|1995|8192|0
SM|2000|0|1
SL|2011|2048|0
SL|2010|2048|2
SL|2012|35072|3
SL|2008|1024|0
SL|2009|1328|2
SL|2006|8192|1
SK|1999|17664|2
SK|2005|253440|8
SK|2010|269888|10
SK|2002|58880|6
SK|1993|131072|0
SK|2001|54016|11
SK|2011|101984|22
SK|1998|61440|2
SK|2012|61069|17
SK|1991|141568|0
SK|1997|91648|4
SK|2008|87616|8
SK|2009|276928|9
SK|2006|172096|5
SK|2007|177008|6
SK|2004|112240|5
SK|1992|197888|0
SK|1995|102400|0
SK|2003|33792|3
SK|2000|38912|1
SK|1996|122880|6
LK|2011|10400|3
LK|1995|1024|0
LK|1999|24576|0
LK|2010|114848|0
LK|2012|2112|2
LK|1997|1024|0
LK|2008|14928|5
LK|2009|147488|1
LK|2006|84224|3
LK|2007|57376|0
LK|2004|20480|0
LK|2002|8192|2
LK|2003|16384|1
LK|2000|4096|0
LK|2001|28672|3
SI|1999|57344|1
SI|1998|16384|1
SI|2012|32397|18
SI|2008|183757|35
SI|2009|214663|26
SI|1991|65536|0
SI|1990|3584|0
SI|2004|78720|14
SI|1992|132352|0
SI|2006|263200|16
SI|1994|16896|0
SI|1997|24576|2
SI|2001|25856|5
SI|2011|508141|40
SI|2005|120832|8
SI|2010|369805|32
SI|2002|46592|17
SI|1995|8448|1
SI|2003|53082|14
SI|1993|131840|0
SI|2000|21248|6
SI|2007|89600|22
SI|1996|98304|2
LI|1999|8192|0
LI|2002|256|0
LI|2003|32|0
LI|2011|6464|3
LI|2010|2048|1
LI|2012|3872|1
LI|2008|832|0
LI|2009|768|1
LI|2006|6912|0
LI|2007|0|3
LI|2004|9472|0
LI|2005|19968|3
LI|1995|4096|0
LI|1993|7680|0
LI|2001|12288|2
SG|1999|187171|3
SG|1998|40960|3
SG|2012|45727|56
SG|2008|455566|24
SG|2009|313008|27
SG|2006|330240|10
SG|2007|1109280|16
SG|1993|279296|0
SG|1992|207360|0
SG|1995|57856|2
SG|1994|105728|0
SG|1997|49664|5
SG|2001|229376|13
SG|2011|560809|29
SG|2005|247584|8
SG|2010|484160|26
SG|2002|138336|11
SG|2004|313344|13
SG|1989|65536|0
SG|2003|232838|13
SG|1991|199424|0
SG|2000|336384|24
SG|1996|148480|2
SE|1987|65536|0
SE|1999|789248|9
SE|1998|442368|14
SE|1990|1573632|0
SE|2012|771666|43
SE|2008|463465|36
SE|2009|1556375|44
SE|1991|1257472|0
SE|2007|2064669|48
SE|1993|3051008|50
SE|1992|1224960|0
SE|2006|2548064|50
SE|1994|533504|14
SE|2000|1343264|15
SE|2001|990749|22
SE|1986|6144|0
SE|2011|856160|52
SE|1984|65792|0
SE|2005|647712|35
SE|2010|1781222|36
SE|2002|1496144|30
SE|2004|3465952|31
SE|1995|375808|0
SE|1988|526848|0
SE|1989|200192|0
SE|2003|580480|28
SE|1997|279552|9
SE|1996|731136|5
SD|2011|114749|0
SD|1998|8192|0
SD|2012|262144|0
SD|2010|34112|4
SD|2006|16416|0
SD|2007|1024|2
SD|2004|8192|0
SD|2005|16384|0
SD|2009|82944|1
LB|2011|21408|4
LB|1998|16384|1
LB|2002|0|1
LB|1994|512|0
LB|2001|8192|1
LB|2003|9216|2
LB|1999|0|2
LB|2010|107040|8
LB|2012|23962|10
LB|1997|10240|0
LB|2008|78592|5
LB|2009|29136|3
LB|2006|65536|8
LB|2007|39168|6
LB|1993|1024|0
LB|2005|28672|7
LB|1995|8704|0
LB|2004|16384|3
LB|2000|16384|0
LB|1996|8192|0
SB|1999|8192|0
SB|2010|0|1
SB|2012|1824|3
SB|2009|32|0
SB|2011|1024|0
SB|1995|512|0
SA|1999|221184|0
SA|1992|3840|0
SA|2010|551632|9
SA|1995|8448|0
SA|1993|140800|0
SA|1994|256|0
SA|2011|1026528|14
SA|1998|40960|1
SA|2012|1553703|8
SA|2008|509440|14
SA|2009|936032|15
SA|2006|406016|17
SA|2007|248832|12
SA|2004|149504|4
SA|2005|368128|8
SA|2002|24576|4
SA|2003|76093|5
SA|2000|28672|0
SA|2001|37120|2
LA|1999|8192|0
LA|2011|2048|0
LA|2010|2704|2
LA|2012|1088|2
LA|2008|18432|0
LA|2009|9216|2
LA|2006|2048|1
LA|2007|0|1
LA|2005|4096|2
LA|2002|4096|0
LA|2003|4096|1
LA|2000|0|1
CD|2011|32|0
CD|2010|2080|1
CD|2012|4656|7
CD|2008|4096|1
CD|2009|9728|1
CD|2007|1024|0
CD|2005|2048|0
VA|2006|32|0
VA|2010|8192|0
VA|1995|1536|0
VA|1998|8192|0
KY|2011|64|0
KY|2010|4096|0
KY|2012|2080|1
KY|2000|2048|0
KY|2009|4096|3
KY|2006|0|1
KY|2007|9216|1
KY|2005|4096|0
KY|1997|2048|0
KY|1996|10240|1
PW|2012|1024|0
PW|2002|4096|0
PW|2008|32|0
PW|2001|0|1
CO|1987|12288|0
CO|1999|0|3
CO|1998|0|3
CO|2012|2580432|9
CO|2008|1052736|5
CO|2009|1129022|5
CO|2006|647200|10
CO|2007|1292624|4
CO|1993|16640|0
CO|1992|65536|0
CO|2002|53248|5
CO|1994|135168|2
CO|1997|0|10
CO|1996|10240|7
CO|2011|2770581|5
CO|2005|293376|3
CO|2010|788640|5
CO|1995|58368|1
CO|2004|152064|6
CO|2003|126976|4
CO|2000|16640|7
CO|2001|90112|9
CN|1999|2146304|1
CN|1998|1654784|19
CN|2012|96699|64
CN|2008|46429499|77
CN|2009|50661872|5
CN|2006|23543917|48
CN|2007|36834208|59
CN|1993|197888|0
CN|1992|196864|0
CN|2002|7688358|30
CN|1994|111616|0
CN|2000|5705763|32
CN|1996|1707520|14
CN|2011|53076288|145
CN|2005|13975712|66
CN|2010|45073880|81
CN|1995|733952|0
CN|2004|18693280|23
CN|2003|12159152|24
CN|1991|256|0
CN|1997|803840|10
CN|2001|8526848|33
VN|1998|14336|0
VN|1995|2048|0
VN|1994|512|0
VN|2011|2890896|120
VN|2010|5722224|0
VN|2012|26272|0
VN|2008|2785472|30
VN|2009|290560|30
VN|2006|50688|11
VN|2007|3016256|15
VN|2004|296816|8
VN|2005|318976|5
VN|2002|45056|1
VN|2003|73216|6
VN|1997|0|1
VN|2001|20480|0
CL|1999|65536|6
CL|2010|801808|15
CL|1990|256|0
CL|2012|796992|14
CL|2008|457840|8
CL|2009|350304|13
CL|1991|327680|1
CL|2007|568192|15
CL|2011|1511277|8
CL|1992|464640|0
CL|2002|139264|10
CL|1994|198656|0
CL|2000|39168|26
CL|1996|0|2
CL|1987|0|1
CL|2005|383040|3
CL|1998|0|1
CL|1995|42496|1
CL|2004|227328|4
CL|2003|206112|7
CL|1993|629248|0
CL|1997|0|2
CL|2001|274432|17
CL|2006|502272|4
CK|2000|8192|1
CK|2009|32|0
KR|1999|3277382|114
KR|1998|917504|24
KR|1990|131072|0
KR|2012|25200|1
KR|2008|7962592|51
KR|2009|10947968|50
KR|1991|591872|0
KR|2007|7733440|110
KR|1993|955136|0
KR|2005|8885664|1
KR|1995|278528|7
KR|1994|720896|0
KR|2000|8519785|157
KR|2001|4071634|101
KR|1986|65536|0
KR|2011|7684928|100
KR|1992|464640|0
KR|2010|25730880|52
KR|2002|4199516|150
KR|2004|3170720|6
KR|1988|65536|0
KR|1989|131328|0
KR|2003|3801592|14
KR|1997|1115136|16
KR|1996|2883584|11
KR|2006|7930674|51
CI|2011|8192|1
CI|2010|8192|1
CI|2012|45056|2
CI|2008|18432|1
CI|2009|24608|1
CI|2006|24576|0
CI|2007|24864|4
CI|2004|0|1
CI|2002|8192|0
CI|2003|8192|0
CI|1994|256|0
CH|1999|303904|15
CH|2010|1020696|38
CH|2012|274716|44
CH|2008|146472|51
CH|2009|816621|53
CH|2006|505136|57
CH|1990|732416|0
CH|2011|343840|40
CH|2005|1093885|35
CH|2002|507821|23
CH|1994|344832|2
CH|1997|736256|13
CH|1996|559872|9
CH|1986|134144|0
CH|1987|139776|0
CH|1984|99328|0
CH|1992|1643008|1
CH|1998|409856|20
CH|1995|350464|5
CH|2004|1184448|34
CH|1988|614400|0
CH|2003|452855|29
CH|1993|5910272|60
CH|1989|203264|0
CH|1991|1710336|0
CH|2000|513024|31
CH|2007|404224|48
CH|2001|496640|41
CG|2011|4096|1
CG|2010|7168|1
CG|2012|1584|4
CG|2008|1024|1
VE|1999|73728|4
VE|2011|472072|5
VE|2010|306208|2
VE|2012|707744|2
VE|2008|141344|3
VE|2009|573472|1
VE|1991|327680|0
VE|2007|1134880|6
VE|2004|319520|0
VE|1992|196608|0
VE|1995|12288|4
VE|1994|39680|4
VE|1997|0|9
VE|2001|40960|7
VE|1987|65536|0
VE|2005|360604|3
VE|1998|65536|2
VE|2002|147456|2
VE|2003|61696|2
VE|1993|134656|0
VE|1989|256|0
VE|2000|4096|7
VE|1996|18432|2
VE|2006|639552|4
VG|2011|3584|6
VG|2010|2048|0
VG|2012|4352|1
VG|2008|1280|1
VG|2009|7168|0
VG|2007|256|0
VG|2005|1024|1
KZ|1999|32768|1
KZ|1996|16384|0
KZ|1998|32768|1
KZ|2011|339808|13
KZ|2010|830240|14
KZ|2012|388704|12
KZ|1997|8192|1
KZ|2008|292608|14
KZ|2009|286240|6
KZ|2006|56832|14
KZ|2007|238336|8
KZ|2004|29184|4
KZ|2005|77056|5
KZ|2002|4608|0
KZ|2003|39168|2
KZ|2000|32768|3
KZ|2001|16384|3
CA|1987|328448|0
CA|1985|68608|1
CA|1999|1149184|38
CA|2010|2682985|96
CA|2012|16684628|101
CA|2008|2747481|79
CA|2009|2565742|89
CA|2006|2453308|84
CA|1990|4103680|253
CA|2004|2438688|74
CA|1992|8481280|2
CA|2002|1220672|68
CA|1993|7390976|39
CA|2000|1990944|69
CA|1996|2204928|29
CA|1986|131840|1
CA|2011|1160313|96
CA|1984|256|0
CA|2005|1163360|63
CA|1998|594688|28
CA|1995|2306048|25
CA|1988|1432064|1
CA|1994|2818560|32
CA|1989|2758656|4
CA|2003|617341|59
CA|1991|3698688|1
CA|1997|864512|39
CA|2007|4036039|81
CA|2001|1775616|80
VC|2011|3072|0
VC|2010|4096|0
VC|2012|1056|0
VC|2008|4096|0
VC|2009|4096|0
VC|2007|2048|1
KG|1999|16384|1
KG|2011|81520|5
KG|2010|16896|3
KG|2012|33792|4
KG|2000|8192|1
KG|2008|33056|4
KG|2009|12544|3
KG|2006|20736|3
KG|2007|11264|0
KG|2005|16384|1
KG|2002|4096|1
KG|2003|4096|1
KG|1997|8192|1
KE|1998|8192|0
KE|2011|136096|12
KE|2010|1098736|14
KE|2012|698256|7
KE|1997|8192|0
KE|2008|61328|6
KE|2009|146000|7
KE|2006|40992|3
KE|2007|65072|11
KE|2004|16384|0
KE|2005|22528|4
KE|2002|0|2
KE|2003|8192|0
KE|2000|8192|1
KE|2001|12288|2
CZ|1994|73984|1
CZ|1999|57344|2
CZ|1998|49152|4
CZ|2012|344262|66
CZ|2008|939008|57
CZ|2009|557247|84
CZ|1991|262400|0
CZ|2007|633568|27
CZ|2004|1048701|17
CZ|1992|328448|0
CZ|1995|188416|3
CZ|1993|524544|3
CZ|2000|122880|8
CZ|1996|172032|7
CZ|2011|566603|91
CZ|2005|601920|11
CZ|2010|457070|85
CZ|2002|197120|15
CZ|2003|313584|14
CZ|1989|65536|0
CZ|1997|198656|2
CZ|2001|119840|11
CZ|2006|1169648|23
CY|1999|8192|1
CY|1996|32768|1
CY|1995|0|2
CY|1994|10240|1
CY|2011|181088|9
CY|2010|282224|9
CY|2012|94207|9
CY|1997|0|1
CY|2008|88640|3
CY|2009|19488|5
CY|2006|83712|4
CY|2007|20480|2
CY|2004|53280|3
CY|2005|47104|2
CY|2002|25630|4
CY|2003|1280|7
CY|2000|32768|3
CY|2001|8192|3
KN|2011|768|0
KN|2010|1024|0
KN|2008|4096|0
KN|2006|1024|0
KN|2007|1024|1
KN|1993|0|1
KN|2005|3072|1
KN|1995|0|10
KN|1997|51456|0
KN|2001|32|0
CU|1999|0|1
CU|1995|66816|0
CU|2003|256|0
CU|2011|4128|0
CU|2010|4096|0
CU|2012|4096|0
CU|1997|0|1
CU|2008|4128|0
CU|2009|32|0
CU|2006|6144|2
CU|2007|4096|0
CU|2004|5120|1
CU|2005|10336|0
CU|2002|8192|0
CU|1994|512|0
CU|2000|0|1
CR|1999|65536|1
CR|1992|65792|0
CR|1998|24576|0
CR|2004|24576|0
CR|1994|1280|1
CR|2011|160523|8
CR|2010|56896|4
CR|2012|352203|12
CR|2008|139550|2
CR|2009|91696|4
CR|2006|16384|0
CR|1990|131072|0
CR|2007|36896|2
CR|2005|1114144|0
CR|2002|16384|0
CR|1993|8448|1
CR|2000|0|4
KI|2002|1024|0
KH|2011|44592|7
KH|2010|11792|6
KH|2012|10256|3
KH|2008|16128|6
KH|2009|66304|9
KH|2006|18432|4
KH|2007|31232|6
KH|2004|12288|2
KH|2005|10240|4
KH|2003|0|1
KH|2001|12288|2
TC|2007|4096|0
TC|2012|2048|0
TC|2001|0|1
TC|2009|4096|1
FR|1999|572416|35
FR|2011|5456335|94
FR|2010|3986121|93
FR|1990|1115392|0
FR|2012|2302175|81
FR|2008|631895|89
FR|2009|3847550|72
FR|2006|12991776|68
FR|2007|13381754|60
FR|2004|2889488|45
FR|1992|1740032|0
FR|1995|622592|8
FR|2003|5025888|49
FR|2000|785437|42
FR|1996|610560|6
FR|1986|256|0
FR|1987|335616|0
FR|1984|131072|0
FR|2005|13024435|73
FR|1998|381696|19
FR|2002|1570874|34
FR|1988|729088|0
FR|1994|338176|3
FR|1993|18825472|8
FR|1989|1128704|0
FR|1991|1451520|0
FR|1997|410880|14
FR|2001|1417600|51
FM|2006|2048|0
FM|2010|0|2
FM|2012|0|1
FM|2000|0|1
FM|2009|4128|0
FO|2011|2080|0
FO|2010|4096|0
FO|1999|8192|0
FO|2009|32|0
FO|2006|13312|2
FO|2004|4096|0
FO|2002|4096|1
FO|2000|0|1
FO|2001|4096|1
FI|2011|395552|10
FI|1999|212992|6
FI|1998|369152|1
FI|1990|524288|0
FI|2012|246261|19
FI|2008|210400|11
FI|2009|162464|19
FI|1991|584448|0
FI|2007|238080|12
FI|1993|1340160|1
FI|2005|1166080|11
FI|1995|632320|8
FI|1994|593920|5
FI|2000|353054|9
FI|1996|576768|6
FI|1987|4608|0
FI|1984|210176|0
FI|1992|503808|1
FI|2010|265488|20
FI|2002|587275|11
FI|2004|1756125|6
FI|1988|327680|0
FI|2003|358320|14
FI|1989|477952|0
FI|1997|256512|1
FI|2001|354365|13
FI|2006|973344|20
FJ|2010|16592|1
FJ|2011|3136|1
FJ|1998|512|0
FJ|1990|65536|0
FJ|2012|2080|0
FJ|2000|4096|1
FJ|2008|19712|3
FJ|2009|4160|1
FJ|2006|2048|0
FJ|2007|592|1
FJ|2004|8192|0
FJ|2005|6144|1
FJ|1995|1024|1
FJ|1994|2048|0
FJ|1997|1024|0
VU|2011|3104|0
VU|2012|816|2
VU|2008|2048|1
VU|2009|1056|1
VU|2007|256|0
VU|2002|0|1
VU|2001|4096|0
KM|2011|4096|0
KM|2007|0|1
NE|2011|0|1
NE|2010|1024|2
NE|2012|16416|2
NE|2008|9216|1
NE|2009|8192|0
UG|1999|8192|0
UG|2011|15040|2
UG|2010|12432|5
UG|2012|34368|2
UG|2008|17408|3
UG|2009|30752|6
UG|2006|7168|1
UG|2007|34048|3
UG|2005|65536|1
UG|2002|128|0
UG|2003|0|5
UG|2001|0|1
NG|1995|512|0
NG|1993|16384|0
NG|2003|40960|1
NG|2011|291803|17
NG|2010|261344|21
NG|2012|327424|22
NG|2008|178176|11
NG|2009|41504|11
NG|2006|40480|7
NG|2007|68608|12
NG|2004|8192|2
NG|2005|24576|4
NG|2002|4096|0
NG|1994|512|0
NG|2001|8704|1
UA|1999|118784|25
UA|1992|256|0
UA|1996|57344|7
UA|1998|65536|7
UA|1995|8192|3
UA|1993|0|1
UA|1994|65536|4
UA|2011|2430320|235
UA|2010|1827408|226
UA|2012|2193884|159
UA|1997|139264|10
UA|2008|1866304|250
UA|2009|1579040|179
UA|2006|637728|178
UA|2007|752224|257
UA|2004|129312|106
UA|2005|183616|113
UA|2002|98304|101
UA|2003|184448|110
UA|2000|127488|46
UA|2001|97312|62
NA|2002|4096|1
NA|2011|33792|0
NA|2010|16896|2
NA|2012|131120|1
NA|2008|75824|3
NA|2009|32768|1
NA|2006|9216|0
NA|2007|256|1
NA|2004|1024|1
NA|2005|8192|0
NA|1995|8448|0
NA|1994|512|0
NA|2001|8192|1
NC|1999|8192|0
NC|1995|1024|0
NC|2011|44096|4
NC|2010|38016|0
NC|2008|20480|2
NC|2009|4128|1
NC|2006|4096|0
NC|2007|4096|0
NC|2005|10240|0
NC|2002|0|1
NC|2003|4096|0
NC|2000|8192|1
NC|2001|4096|0
NL|1987|67840|0
NL|1994|223488|2
NL|2011|1099963|69
NL|2010|1102752|58
NL|1990|1124352|0
NL|2012|857535|71
NL|2008|915216|44
NL|2009|2093574|54
NL|1991|465920|0
NL|2007|1875872|48
NL|1993|15673856|2
NL|1992|1252864|0
NL|1995|315648|7
NL|2003|2717520|42
NL|1997|465920|7
NL|2001|1390416|38
NL|1986|4864|0
NL|1999|1046304|19
NL|1984|65792|0
NL|2005|2140320|49
NL|1998|476672|8
NL|2002|922310|30
NL|2004|2809287|46
NL|1988|1187840|0
NL|1989|733952|0
NL|2000|2043424|25
NL|1996|564480|6
NL|2006|1708832|39
NO|1999|93952|1
NO|1998|37696|2
NO|1990|1712640|0
NO|2012|234583|22
NO|2008|538074|22
NO|2009|561709|27
NO|2006|578336|12
NO|2007|440960|6
NO|1993|1416704|6
NO|2005|1570272|10
NO|2002|156416|5
NO|1994|200704|0
NO|2000|288512|11
NO|2001|480864|10
NO|2011|435405|21
NO|1984|131072|0
NO|1992|1008640|0
NO|2010|857017|13
NO|1995|58368|0
NO|2004|1163576|8
NO|1988|327936|0
NO|2003|311888|10
NO|1989|69632|0
NO|1991|1773568|0
NO|1997|606208|3
NO|1996|285696|3
NI|1987|1536|0
NI|1996|0|1
NI|2002|4096|1
NI|2006|0|1
NI|2011|131360|1
NI|2010|16384|2
NI|2012|5184|1
NI|2008|41216|1
NI|2009|51456|2
NI|1991|256|0
NI|2007|33024|1
NI|2004|8192|1
NI|2005|8224|1
NI|1995|256|0
NI|1993|67072|1
NI|2000|0|1
NI|2001|0|1
NU|2010|1072|1
NU|2005|1024|0
NP|1999|23552|0
NP|1998|8192|0
NP|2002|4096|1
NP|1994|512|0
NP|2011|147712|8
NP|2010|181839|5
NP|2012|125|1
NP|2008|47136|7
NP|2009|13344|3
NP|2006|0|2
NP|2007|34816|3
NP|2004|2048|2
NP|2005|8192|3
NP|1995|2048|1
NP|2003|0|4
NP|2000|0|1
NP|1996|1024|0
US|1987|9359872|49
US|1985|1667328|21
US|2011|22348428|1298
US|2010|40164036|1209
US|1990|110123264|149
US|2012|28257949|1280
US|2008|51543696|1400
US|2009|28850623|1233
US|1991|204282368|95
US|2007|41216744|1330
US|1993|74417920|381
US|1992|156076544|188
US|2002|19273856|1107
US|1994|114001920|669
US|2000|31184800|1232
US|2001|27506656|1330
US|1986|21239040|31
US|1999|20109088|737
US|1984|17967872|25
US|2005|49558814|1026
US|1982|1280|0
US|1983|18615040|0
US|1998|53641472|411
US|1995|58036992|1143
US|2004|29637565|1176
US|1988|70398464|87
US|1989|94240512|266
US|2003|19755626|1154
US|1997|27358976|841
US|1996|74572288|806
US|2006|47494612|1242
UY|1999|0|1
UY|2005|28704|1
UY|1996|0|1
UY|2002|12288|0
UY|1994|512|1
UY|2011|263744|0
UY|2010|8846|6
UY|2012|6276|1
UY|2000|0|4
UY|2008|222944|2
UY|2009|311952|1
UY|2006|143872|2
UY|2007|4636|2
UY|2004|29728|1
UY|1992|65792|0
UY|1995|8192|1
UY|2003|20480|0
UY|1997|57344|0
UY|2001|0|3
NZ|1999|169216|12
NZ|1998|53760|18
NZ|1990|459520|0
NZ|2012|35212|33
NZ|2008|683968|38
NZ|2009|180560|28
NZ|2006|492448|30
NZ|2007|461327|28
NZ|2004|272928|17
NZ|2005|305246|19
NZ|2002|147968|25
NZ|1994|84736|0
NZ|1997|69632|1
NZ|2001|89088|12
NZ|2011|108426|36
NZ|1992|538624|0
NZ|2010|864912|41
NZ|1995|175616|1
NZ|1988|262144|0
NZ|2003|163200|16
NZ|1993|396800|0
NZ|1989|65792|0
NZ|1991|592896|0
NZ|2000|143872|14
NZ|1996|106752|2
UZ|2011|7424|8
UZ|2010|8192|2
UZ|2012|8829|3
UZ|2008|39936|3
UZ|2009|28224|7
UZ|2006|40960|2
UZ|2007|9216|2
UZ|2004|24576|4
UZ|2005|14336|3
UZ|2002|8192|2
UZ|2003|30208|3
UZ|1997|0|2
UZ|1996|8192|0
ET|2011|16384|0
ET|2007|0|1
ET|2012|65536|1
ET|2000|16384|0
LU|1999|17664|2
LU|2010|33696|7
LU|2012|12352|2
LU|2002|23101|5
LU|2008|76448|4
LU|2009|106608|5
LU|1991|197376|0
LU|2007|61984|4
LU|1993|1536|1
LU|2005|57344|3
LU|2006|3072|2
LU|1994|5888|0
LU|1997|24576|1
LU|2001|25856|4
LU|2011|13296|10
LU|1992|404224|0
LU|1998|8192|2
LU|1995|27136|0
LU|2004|130048|0
LU|1989|256|0
LU|2003|3168|1
LU|2000|12544|3
LU|1996|81920|1
ES|1994|204032|2
ES|2011|1614363|57
ES|2010|1472955|38
ES|2012|763140|57
ES|2008|1295552|37
ES|2009|1082879|36
ES|1991|725504|0
ES|1990|131328|1
ES|1993|256768|2
ES|1992|795392|0
ES|2002|1605920|29
ES|2004|4114064|28
ES|1997|214016|5
ES|2001|2137376|45
ES|1999|960512|21
ES|1984|65792|0
ES|2005|2930272|24
ES|1998|237568|5
ES|1995|123136|4
ES|1988|65536|0
ES|2003|1710800|24
ES|2000|1428736|36
ES|2007|1815680|44
ES|1996|466944|1
ES|2006|2448288|28
MS|2007|256|0
MS|2008|1024|0
LS|2011|24944|2
LS|2010|32|0
LS|2012|5408|2
LS|2008|6144|1
LS|2009|2048|0
LS|2006|256|0
LS|2005|2048|2
LS|2002|4096|1
EE|1999|32768|1
EE|1996|8192|0
EE|1998|16384|1
EE|2002|57632|0
EE|1994|0|2
EE|2011|58720|10
EE|2010|97680|6
EE|2012|63616|9
EE|1997|32768|1
EE|2008|26936|5
EE|2009|30368|3
EE|2006|242576|6
EE|2007|36864|6
EE|2004|103744|3
EE|2005|230912|3
EE|1995|90112|2
EE|2003|73872|1
EE|2000|4096|2
EE|2001|57344|0
EG|1999|16384|0
EG|1992|65536|0
EG|1996|0|1
EG|1995|8448|0
EG|2011|2830160|3
EG|2010|1405472|9
EG|1990|8192|0
EG|2012|918835|2
EG|1991|256|0
EG|1997|0|1
EG|2008|284704|4
EG|2009|1807904|5
EG|2006|143680|4
EG|2007|755744|25
EG|2004|264224|1
EG|2005|142848|6
EG|2002|65536|1
EG|2003|81920|0
EG|2000|397312|0
EG|2001|196608|0
AX|2011|32|0
AX|2006|0|1
AX|2003|8192|0
AX|2001|8192|0
EC|1999|0|2
EC|1992|7424|0
EC|1995|768|0
EC|1994|1536|0
EC|2003|28672|1
EC|2011|410334|6
EC|2010|259216|3
EC|2012|269085|4
EC|1991|65536|0
EC|2008|182352|8
EC|2009|317624|3
EC|2006|77344|6
EC|2007|208928|4
EC|2004|65536|2
EC|2005|65792|4
EC|2002|8192|4
EC|1993|15360|1
EC|2000|8192|2
EC|2001|0|2
PY|1994|1024|0
PY|2003|4096|2
PY|2011|74144|2
PY|2010|78080|2
PY|2012|297664|2
PY|2008|65536|1
PY|2009|78112|3
PY|2006|16384|1
PY|2007|6144|0
PY|2004|4128|1
PY|2005|32768|2
PY|2002|4096|1
PY|1993|1024|0
MY|2011|581248|24
MY|1998|49152|0
MY|2012|29168|23
MY|2008|844176|17
MY|2009|472944|13
MY|2006|250464|11
MY|1990|65536|0
MY|1993|512|0
MY|1992|137472|0
MY|2002|274566|3
MY|2003|221216|4
MY|1997|50176|0
MY|1996|163840|1
MY|1999|45056|1
MY|2005|228960|6
MY|2010|1194528|20
MY|1995|220928|0
MY|2004|504128|9
MY|1994|67072|0
MY|2000|204800|9
MY|2007|425568|3
MY|2001|311331|7
MX|1987|8192|2
MX|2011|4101912|12
MX|1998|332544|7
MX|1990|65792|0
MX|2012|1699744|10
MX|2008|754752|15
MX|2009|672144|14
MX|2006|4557632|10
MX|2007|4718592|14
MX|2004|386080|27
MX|1992|788224|2
MX|2002|243456|9
MX|1994|777216|9
MX|2000|429856|20
MX|2001|312576|19
MX|1999|407296|12
MX|2005|3094912|17
MX|2010|995628|13
MX|1995|68864|7
MX|1988|65536|0
MX|2003|375616|15
MX|1993|1120256|5
MX|1989|196608|1
MX|1991|132096|1
MX|1997|86784|11
MX|1996|109568|22
MZ|1995|2048|0
MZ|2011|200704|2
MZ|2010|6144|2
MZ|2012|89712|4
MZ|2008|9248|3
MZ|2009|75776|5
MZ|2006|12288|0
MZ|2007|6144|2
MZ|2004|0|2
MZ|2005|4096|1
MZ|2002|4096|0
MZ|2003|5120|1
PR|2011|52848|6
PR|1998|32768|2
PR|2012|14880|1
PR|2008|41984|6
PR|2009|92448|5
PR|1991|256|0
PR|2007|100352|1
PR|2004|32768|0
PR|1992|68352|0
PR|2002|20480|3
PR|1994|1280|1
PR|2000|65536|3
PR|1996|4096|0
PR|1999|8192|2
PR|2005|141312|5
PR|2010|85152|9
PR|1995|7424|2
PR|1989|131328|0
PR|1993|2560|0
PR|2003|20480|2
PR|1997|16384|1
PR|2001|8192|4
PR|2006|53296|3
MT|2011|35360|3
MT|1996|8192|1
MT|1998|8192|0
MT|2002|256|0
MT|1993|4096|0
MT|1999|4352|1
MT|2010|110112|3
MT|2012|16672|1
MT|1991|256|0
MT|1997|16384|1
MT|2008|82176|3
MT|2009|2144|1
MT|2006|2368|1
MT|2007|108288|0
MT|2004|16672|1
MT|2005|61952|6
MT|1995|16384|0
MT|2003|24576|1
MT|2000|16640|2
MT|2001|28672|3
MW|2011|22000|2
MW|2010|43008|3
MW|2012|66608|2
MW|2008|3072|0
MW|2009|3072|1
MW|2006|0|1
MW|2007|5632|1
MW|2004|1536|1
MW|2005|2048|1
MW|2003|0|1
MV|1996|1024|0
MV|2011|32|0
MV|2010|16416|1
MV|2012|1024|0
MV|2008|16384|0
MV|2006|2048|0
MV|2007|8192|0
MV|2004|0|1
MV|2005|2560|1
MV|2003|4096|0
MV|1997|0|1
MV|2001|3072|0
MQ|2010|8192|0
MQ|2008|2048|0
MP|2011|1024|0
MP|2006|4096|0
MP|2004|4096|0
MP|2002|4096|0
MP|2000|0|1
PT|1999|279040|6
PT|2010|428928|3
PT|1990|6400|0
PT|2012|178048|5
PT|2008|652192|6
PT|2009|617824|4
PT|1991|137472|0
PT|2007|282112|7
PT|1993|68608|0
PT|1992|80896|1
PT|2002|164752|5
PT|1994|20992|3
PT|2000|128288|7
PT|1996|147456|4
PT|2011|331392|1
PT|2005|121120|7
PT|1998|17408|4
PT|1995|344064|0
PT|2004|949552|8
PT|2003|226912|4
PT|2001|90112|1
PT|2006|660544|4
MR|2012|25600|2
MR|2009|8192|0
MM|2011|32|2
MM|2010|12320|0
MM|2008|0|1
MM|2009|1024|0
MM|2002|4096|1
MM|2000|8192|1
PK|1999|40960|2
PK|1996|3072|0
PK|1998|5632|0
PK|1995|3072|1
PK|1993|256|0
PK|1994|1024|0
PK|2011|2237792|7
PK|2010|1218976|11
PK|2012|19200|14
PK|2000|18432|1
PK|2008|701504|6
PK|2009|402272|13
PK|2006|94784|3
PK|2007|225824|9
PK|2004|23040|2
PK|2005|86304|3
PK|2002|18944|1
PK|2003|40960|5
PK|1997|8192|1
PK|2001|43008|5
PH|2011|120288|30
PH|1992|4352|0
PH|1996|21504|2
PH|1998|28672|5
PH|1995|9216|1
PH|1994|1536|0
PH|2003|126496|17
PH|1999|90368|4
PH|2010|827984|19
PH|2012|13808|28
PH|1997|16384|4
PH|2008|612992|25
PH|2009|1543072|34
PH|2006|973120|12
PH|2007|204064|24
PH|2004|206880|15
PH|2005|297824|18
PH|2002|73728|15
PH|1993|76288|0
PH|2000|50176|7
PH|2001|87040|8
MN|1999|16384|1
MN|1998|1024|0
MN|1995|1024|0
MN|1993|8192|0
MN|2011|7776|6
MN|2010|60336|6
MN|2012|4480|4
MN|2008|10240|6
MN|2009|30208|4
MN|2006|32768|8
MN|2007|18432|2
MN|2004|2048|1
MN|2005|2048|1
MN|2002|0|1
MN|2003|4096|1
MN|2000|4096|1
MN|2001|4096|1
MH|2010|32|0
MH|2005|0|1
MH|2007|2048|0
MK|1999|8192|1
MK|2010|69888|1
MK|2001|0|1
MK|2011|50080|5
MK|1998|16384|2
MK|2012|14686|1
MK|2008|194816|6
MK|2009|58944|5
MK|2006|51200|2
MK|2007|82720|5
MK|1993|256|1
MK|2005|20480|1
MK|1995|256|0
MK|1994|256|0
MK|2000|81920|0
MK|1996|16384|1
BY|1999|8192|2
BY|1996|8192|1
BY|1998|8192|0
BY|2002|4096|6
BY|2011|206992|11
BY|2010|341136|17
BY|2012|359545|8
BY|1997|8192|0
BY|2008|169984|4
BY|2009|547872|10
BY|2006|28672|3
BY|2007|6144|4
BY|2004|1536|6
BY|2005|45568|6
BY|1995|0|1
BY|2003|28672|4
BY|2000|4096|1
BY|2001|12288|8
ME|2011|20576|1
ME|2010|74240|3
ME|2012|11264|1
ME|2008|20736|2
ME|2009|22528|0
ME|2006|8192|1
ME|2007|24576|2
ME|2004|8192|1
ME|2002|16384|0
ME|2003|1024|1
ME|1997|8192|1
MD|1999|0|2
MD|2010|144960|13
MD|2011|164736|7
MD|1998|16384|3
MD|2012|167504|7
MD|1997|16384|1
MD|2008|84992|5
MD|2009|152192|5
MD|2006|58112|2
MD|2007|34592|7
MD|2004|8704|4
MD|2005|21760|3
MD|2002|4096|4
MD|2003|8704|1
MD|2000|4096|1
MG|2011|6480|3
MG|2010|16384|0
MG|2012|49152|0
MG|2008|17440|2
MG|2009|1024|1
MG|2006|16384|0
MG|2007|512|1
MG|2004|4096|0
PA|1999|0|1
PA|1996|0|1
PA|1998|45056|2
PA|2002|8192|3
PA|1987|0|1
PA|1994|66048|1
PA|2011|131440|4
PA|2010|142336|10
PA|2012|192700|6
PA|2000|0|4
PA|2008|204544|8
PA|2009|174368|12
PA|2006|402944|11
PA|2007|84736|10
PA|2004|152576|3
PA|2005|36896|8
PA|1995|8192|0
PA|2003|90112|4
PA|1997|0|2
PA|2001|8192|6
MA|2010|270336|0
MA|2002|65536|0
MA|2001|32768|0
MA|1994|256|0
MA|2011|2197536|0
MA|1998|32768|0
MA|2012|328016|1
MA|2008|32768|0
MA|2009|369664|0
MA|2006|270368|2
MA|2007|16384|4
MA|2004|16384|1
MA|2005|135200|0
MA|1995|512|0
MA|1993|768|0
MA|1997|256|0
MA|1996|16384|0
PG|2002|32|0
PG|2011|5184|2
PG|2010|5408|3
PG|2012|4352|1
PG|2008|4096|0
PG|2009|1056|1
PG|2006|2048|1
PG|2007|13312|1
PG|1993|8448|0
PG|2005|2048|0
PG|1995|4352|0
PG|2003|4096|0
MC|2008|1280|0
MC|2006|1024|0
MC|2001|4096|0
MC|2005|26624|0
MC|2003|8192|0
MC|2000|8192|0
MC|1996|8192|1
PE|1999|65536|0
PE|1992|65536|0
PE|1996|16384|0
PE|2002|8192|3
PE|1993|0|1
PE|1994|17152|0
PE|2011|270400|2
PE|2010|376864|1
PE|2012|296224|5
PE|1991|256|0
PE|1997|100352|1
PE|2008|327712|0
PE|2009|139520|3
PE|2006|291072|2
PE|2007|282656|0
PE|2004|114944|0
PE|2005|77952|1
PE|1995|4096|1
PE|2003|94208|1
PE|2000|81920|2
PE|2001|24832|4
AI|2006|2048|0
AI|2005|2048|1
KP|2009|1024|1
TD|2010|4096|0
TD|2012|1024|1
IM|2011|2336|1
IM|2007|4096|2
IM|2004|1024|0
IM|2008|2048|0
IM|2010|256|1
IO|2006|2048|0
IO|2000|1024|1
AL|2004|8192|1
AL|2011|37568|10
AL|2010|86016|4
AL|2012|9562|4
AL|2008|39936|2
AL|2009|16384|4
AL|2006|8192|1
AL|2007|76032|2
AL|1993|768|0
AL|2005|16384|2
AL|2003|12288|0
AL|2001|8192|2
HR|1999|8192|2
HR|1992|0|1
HR|1995|0|1
HR|2004|90189|3
HR|2001|4096|1
HR|2011|254352|16
HR|2010|104032|7
HR|1990|1024|0
HR|2012|91904|11
HR|2008|583997|10
HR|2009|155168|8
HR|2006|185344|5
HR|2007|305408|11
HR|1993|131072|0
HR|2005|66816|13
HR|2002|12800|6
HR|2003|13856|5
HR|2000|32832|2
HR|1996|81920|1
ML|2010|12288|0
ML|2012|16384|0
ML|2008|4096|0
ML|2009|0|1
ML|2007|4128|1
ML|2004|12288|1
ML|2005|0|1
ML|2000|4096|0
HT|1999|0|1
HT|2010|58400|2
HT|2012|592|1
HT|2000|8192|0
HT|2008|12288|0
HT|2009|12592|1
HT|2007|4096|0
HT|2011|8192|0
HT|2005|32|4
HT|2004|20480|1
HT|1997|0|1
HU|1999|49152|4
HU|2010|291456|9
HU|2012|536800|14
HU|2008|277952|19
HU|2009|338400|17
HU|1991|132096|0
HU|2007|401981|25
HU|2004|818720|13
HU|1992|69120|0
HU|2002|73984|9
HU|1994|131072|3
HU|2000|119808|11
HU|2001|207648|18
HU|2011|448016|21
HU|1984|65536|0
HU|2005|288589|12
HU|1998|67072|4
HU|1995|155648|8
HU|2003|209408|10
HU|1993|196608|1
HU|1997|156416|11
HU|1996|181248|7
HU|2006|649792|15
SC|2011|1312|2
SC|2010|9760|0
SC|2012|166912|3
SC|2008|2048|0
SC|2009|1024|0
SC|2006|4096|1
SC|2007|5152|1
SC|2005|3072|1
SC|1995|65536|0
SC|1997|65536|0
WF|2010|1024|0
WF|2009|0|1
WF|2007|2048|0
LC|1995|256|0
MU|2002|0|1
MU|2003|4096|0
MU|2011|48|2
MU|2010|273312|2
MU|2012|16960|2
MU|2008|1072|1
MU|2009|67072|1
MU|2006|42304|1
MU|2007|43296|1
MU|2004|2560|3
MU|2005|29952|3
MU|1995|2304|0
MU|1994|256|0
MU|2000|8192|0
PS|1999|8192|0
PS|2011|75872|4
PS|2010|77856|7
PS|2012|55248|6
PS|2008|4096|1
PS|2009|106240|6
PS|2006|67584|3
PS|2007|0|2
PS|2004|49664|0
PS|2005|17664|2
PS|2002|8192|1
PS|2003|61696|3
PS|2000|8192|3
PS|2001|20480|1
WS|2011|1024|0
WS|2010|2128|1
WS|2012|1328|1
WS|2008|1024|0
WS|1998|8192|0
WS|2007|3072|2
WS|2009|1056|0
WS|2001|0|1
HK|1999|312320|20
HK|2010|1419744|43
HK|2012|85567|40
HK|2008|763888|22
HK|2009|660544|31
HK|2006|460352|15
HK|1990|65536|0
HK|2004|640064|11
HK|1992|131840|0
HK|2002|929376|18
HK|1994|229888|0
HK|1997|126976|14
HK|1996|117760|7
HK|2011|1615803|37
HK|2005|455968|13
HK|1998|147968|11
HK|1995|101888|27
HK|2003|856934|12
HK|1993|234752|0
HK|1989|65536|0
HK|1991|196864|0
HK|2000|624128|40
HK|2007|776256|20
HK|2001|750115|22
HN|1996|0|1
HN|2002|0|1
HN|2011|30064|0
HN|2010|20480|3
HN|2012|203312|4
HN|2008|30720|1
HN|2009|560|3
HN|2006|34816|2
HN|2007|16384|5
HN|2004|0|1
HN|2005|4096|2
HN|1995|4352|1
HN|2003|0|1
HN|2001|0|1
World|1987|11532544|53
World|1985|1736192|22
World|1999|45082060|1655
World|1998|68601040|1053
World|2012|111819176|5212
World|2008|199733630|4653
World|2009|178149381|4661
World|2006|169592973|3748
World|1990|139610112|405
World|1993|173977344|659
World|2005|176976803|3112
World|1995|101243216|1466
World|1994|133199872|832
World|1997|62852552|1497
World|2001|84296153|3020
World|1986|21648640|32
World|2011|201398072|5724
World|1984|21858560|26
World|1992|224414464|199
World|1982|1280|0
World|1983|18615808|0
World|2010|240076926|5086
World|2002|67623912|2721
World|2004|122281183|2906
World|1988|80059648|88
World|2003|84922786|2694
World|1989|122308864|271
World|1991|240570112|104
World|2000|77428642|2784
World|2007|195232627|4461
World|1996|100685048|1228
