Country Name,Country Code,1999,2000,2001,2002,2003,2004,2005,2006,2007,2008,2009,2010,2011,2012,2013
Aruba,ABW,1722798882.68156,1873452513.96648,1920262569.8324,1941094972.06704,2021301675.97765,2228279329.60894,2331005586.59218,2421474860.3352,2623726256.98324,2791960893.85475,2498932960.89385,2467703910.61453,2584463687.15084,,
Andorra,AND,1239840265.63345,1133644294.5425,1264760246.44075,1456198796.29382,1917948475.27513,2322163502.26295,2539759285.92747,2823503852.62328,3245411583.7197,3712034266.50674,,,,,
Afghanistan,AFG,,,2461666314.78366,4128818042.61749,4583648921.74369,5285461998.97866,6275076015.72254,7057597615.29559,9843851008.65578,10190534636.4958,12486950468.7364,15936784436.1811,17870159081.5143,20496777409.458,
Angola,AGO,6152922942.98032,9129594818.60749,8936079252.77131,12497346042.8261,14188949239.8095,19640862549.6511,28233699240.3249,41789494461.5461,60448890972.4218,84178086998.6708,75492417649.3276,82470894868.3337,104115863405.183,114147030253.231,
Albania,ALB,3434402453.41057,3686649387.03405,4091020249.36656,4449373455.56632,5652325081.59963,7464446950.02559,8376483740.48289,9132562332.43024,10704661570.5584,12968652890.9091,12118580597.0542,11858166294.8409,12959563902.4015,12648095824.4086,
Arab World,ARB,628182600846.002,723694306542.266,703915275298.082,713804289586.116,804100804249.573,946643582228.887,1158762407500.52,1396469740105.35,1631880343193.5,2073805224439.72,1807824851146.26,2103058392938.17,2555354699725.03,,
United Arab Emirates,ARE,84445475523.1267,104337375342.526,103311643522.893,109816204634.494,124346361618.639,147824374542.517,180617023539.137,222105928740.596,258150041410.76,314844665222.197,270334929437.512,287421927883.393,348594972517.105,,
Argentina,ARG,283523000000,284203750000,268696750000,102040286874.385,129597154256.313,153129509710.176,183193418481.532,214066154250.003,260768703249.434,326582808527.135,307155148184.324,368736062143.669,446044143596.268,475501675472.598,
Armenia,ARM,1845482181.48539,1911563665.39006,2118467913.37873,2376335048.39976,2807061008.69084,3576615240.41616,4900436758.50466,6384457744.44765,9206277478.95229,11662017844.8868,8648015304.9989,9260297329.12273,10142408118.3387,9950522732.78837,
American Samoa,ASM,,,,,,,,,,,,,,,
Antigua and Barbuda,ATG,651851840.339733,787693391.348092,778311556.513781,806505874.275111,849234753.890862,905113766.533633,1001970945.08233,1141418339.6196,1295824296.3001,1354616665.25926,1259082071.48148,1161528615.92593,1094862187.77778,1134159259.25926,
Australia,AUS,388867652588.044,415208189411.543,378642266824.085,394442235244.872,466663366336.634,613161189358.372,693662607126.748,747463312368.973,853854910889.534,1055506156996.89,926710311519.414,1141793593834.25,1386889147177.31,1532407884934.19,
Austria,AUT,212301777114.852,192070749953.934,191678678299.776,207537336721.25,253945776523.702,291430382497.377,304983601949.958,324954402044.306,375041784029.848,414171069689.091,383733743330.143,375217439473.684,415611711111.111,394707863203.908,
Azerbaijan,AZE,4581222442.45783,5272617196.04517,5707618246.56848,6236024951.20423,7275766111.24309,8680511918.49357,13245421880.834,20982270733.2484,33049380917.6985,48852482960.0779,44291490420.5026,52905998878.7143,65952763948.839,66604589419.4634,
Burundi,BDI,808077223.365746,870486065.858218,876794723.02267,825394484.361648,784654423.603171,915257323.428255,1117254387.10035,1273180655.19805,1356078300.12373,1611634286.34081,1739781535.88738,2026864414.46871,2355652063.58605,2472384864.13151,
Belgium,BEL,254503515874.707,232672747374.24,232485906040.268,252795031055.901,311689616252.822,361683211959.795,377350395463.364,399965627160.063,459618853659.405,507379060314.205,473254584680.271,468078947368.421,512859722222.222,483261763949.601,
Benin,BEN,2488892429.47577,2359122302.67027,2499269391.11713,2807657386.40991,3557229701.87707,4050869967.79893,4358015992.89839,4705087452.19196,5506275948.35799,6633561835.2379,6585134688.09549,6558416322.12,7294900430.89438,7557286829.00186,
Burkina Faso,BFA,3014665572.20835,2610959139.40963,2812845486.44196,3205592273.18693,4205691121.78985,4838551014.48553,5462709054.77989,5844669738.11104,6755823932.79857,8350710389.31231,8348156389.07694,9209288383.08711,10395757480.2301,10441012681.1037,
Bangladesh,BGD,45694072379.3677,47124925462.1348,46987842846.553,47571130071.3913,51913661485.3195,56560744012.2303,60277560975.6098,61901116736.1525,68415421372.7194,79554350677.7438,89359767441.8605,100357022443.833,111879121730.817,116355057337.05,
Bulgaria,BGR,13228374466.2635,12903546765.0859,13868600709.9324,15979194511.3144,20668176833.8431,25283228366.4529,28895083539.8005,33209188738.5365,42113656147.2255,51824892678.1841,48568714011.5163,47727325908.633,53544649409.8962,50972109856.598,
Bahrain,BHR,6621186419.41611,7970690894.22308,7928934209.57661,8491183200.55491,9747599583.42221,11235671061.4371,13460198289.6975,15854942950.6104,18473097688.7683,21902892583.9637,19318822540.6653,25713571420.9726,29044457919.7651,,
"Bahamas, The",BHS,6019972000,6327552000,6516651000,6957996000,6949317000,7094413000,7706222000,7965588000,8318996000,8246650000,7820420000,7888087000,7872584000,8149004000,
Bosnia and Herzegovina,BIH,4685729742.91939,5505984455.95855,5748990554.79945,6651226179.01829,8370020196.19158,10022840634.9206,10948051122.2738,12400102623.3083,15280615815.2554,18543289394.8472,17082889409.7592,16775469777.6516,18252421794.7156,17465958605.6645,
Belarus,BLR,12138485328.6267,12736856485.1068,12354820143.8849,14594925392.9691,17825436034.5366,23141587717.7633,30210091836.8294,36961918858.7385,45275711995.825,60763483146.0674,49271267252.1957,55220932613.958,64271575245.4325,63267017440.3121,
Belize,BLZ,732607993.768985,831750000,871840755.396765,932676403.181055,990350000,1057850000,1114200000,1217450000,1290550000,1369600000,1338500000,1397900000,1493100000,,
Bermuda,BMU,3324433000,3480219000,3680483000,3937228000,4186525000,4484703000,4868136000,5414299000,5895048000,6109928000,5806378000,5744414000,5550771000,5473536000,
Bolivia,BOL,8285061618.15839,8397858184.79382,8141513292.12402,7905485216.17852,8082396525.99433,8773451738.91129,9549196255.88892,11451845341.2441,13120107687.9377,16674276951.8438,17339992165.2422,19649724655.5819,23948670617.7235,27035110130.246,
Brazil,BRA,586862640399.442,644701831101.394,553582178386.192,504221228974.035,552469288267.793,663760341880.342,882185702547.247,1088916819852.94,1366853244424.28,1653538618144.8,1620165226993.77,2143035333258.24,2476652189879.72,2252664120777.39,
Barbados,BRB,3012031888.84215,3119500000,3112350000,3168600000,3271200000,3509700000,3891500000,4314050000,4513250000,4541550000,4592650000,4433700000,4368900000,4224850000,
Brunei Darussalam,BRN,4600000000,6001153317.86543,5601090584.36122,5843329101.97699,6557333067.38606,7872333197.25476,9531402829.84859,11470703002.0769,12247627894.6321,14393099068.5859,10732435033.6862,12369708858.9029,16359795685.7116,16953952625.403,
Bhutan,BTN,419035810.783235,439158233.475187,476360697.049551,537050133.254524,622026106.84369,702682018.270426,818869145.811526,897672085.755359,1196090841.36845,1257480560.88532,1264686356.65309,1585319109.1083,1833738375.8303,1779561112.28857,
Botswana,BWA,5484263050.39562,5788311645.24919,5489646902.56223,5438856515.10063,7511538764.70587,8957491784.92086,9931223496.1573,10126990487.9848,10939028155.3688,11113042238.1836,10106837286.0116,13746712705.5936,15292424757.1964,14504339385.9436,
Sub-Saharan Africa (IFC classification),CAA,,,,,,,,,,,,,,,
Central African Republic,CAF,999477458.730474,914500331.983723,931833293.75345,991387865.044932,1139754771.91102,1270080228.23241,1350300947.46755,1473721520.69935,1698125679.65188,1985370254.96172,1981728179.49882,1986014759.19785,2212696611.84727,2184181390.99191,
Canada,CAN,661264723699.266,724918860682.782,715423553719.008,734661951188.428,865873242452.359,992226099521.914,1133759985475.67,1278610846644.8,1424065729447.91,1502678437546.86,1337577639751.55,1577040082217.76,1777788888888.89,1821424139311.45,
East Asia and the Pacific (IFC classification),CEA,,,,,,,,,,,,,,,
Europe and Central Asia (IFC classification),CEU,,,,,,,,,,,,,,,
Switzerland,CHE,273548236722.807,256042925982.354,262647169329.818,286658255888.618,334574926429.049,374224186243.667,384753967478.597,405183914852.772,450528109859.46,524289203562.031,509467163036.925,550638974461.538,657417830723.595,631173029581.956,
Channel Islands,CHI,6262740656.85164,6439703434.71024,6232906290.4851,6663669064.7482,7332244897.95918,8553643354.08275,8827272727.27273,9676172953.08188,11514605842.3369,,,,,,
Chile,CHL,72995286764.4168,79328640263.7897,72336972322.3931,70984568428.5785,77840186384.8224,100630707851.859,124404150138.162,154671012210.645,173081288190.418,179626662207.089,171956957320.499,217556229881.153,251190792425.367,269869337788.189,
China,CHN,1083277930359.88,1198474934198.78,1324806914358.35,1453827554714.01,1640958732775.07,1931644331142.47,2256902590825.33,2712950886698.27,3494055944791.32,4521827288303.98,4991256406734.99,5930529470799.17,7321935025069.66,8227102629831.48,
Cote d'Ivoire,CIV,12556457526.9353,10417060604.9044,10545285036.7953,11486664265.305,13737482343.3822,15481092596.4757,16363437145.2025,17367303155.9802,19795705245.3489,23414253327.8501,23041633638.2307,22920779597.555,24073812829.8934,24680372724.4372,
Latin America and the Caribbean (IFC classification),CLA,,,,,,,,,,,,,,,
Middle East and North Africa (IFC classification),CME,,,,,,,,,,,,,,,
Cameroon,CMR,10486456218.2642,9287367568.8254,9633109256.77677,10879778327.809,13621809574.3326,15775356736.7031,16587921220.9676,17953103008.559,20431779033.658,23735537026.2769,22165009362.7864,22493301699.3672,25486923058.8757,25321590401.7168,
"Congo, Rep.",COG,2353909441.70059,3219910666.0298,2794259756.13093,3019993723.12586,3495868724.65945,4648628839.49057,6087002681.74095,7731261168.83097,8394688589.03459,11859015180.8733,9593536719.0203,12007880067.3847,14425606793.3022,13677928883.6386,
Colombia,COL,86186156584.3817,99886577575.5444,98203544965.2678,97933392356.4253,94684582573.3167,117074865515.279,146520136085.39,162773603929.706,207520149156.402,244056736297.413,234360070287.095,287000940839.272,336559866920.815,369606330701.98,
Comoros,COM,222580461.640908,201899883.626713,220115655.294095,251162420.638592,324470868.885287,362420483.548684,387036131.685576,403179474.351306,464948879.259374,530131963.428658,535199685.948686,543376206.062274,610372697.420461,595900353.493894,
Cape Verde,CPV,675281384.08379,604760392.765824,624141912.607,679340246.251473,891375823.855505,1022562771.13513,1090445839.27445,1236876851.37206,1513934037.7149,1789332787.69837,1711816592.9548,1664310632.03162,1864823990.9938,1827021561.6512,
Costa Rica,CRI,15796567138.0566,15946443103.2804,16403602943.4123,16844378578.178,17517536016.1874,18596365926.8535,19964893807.3935,22526464409.0829,26321999607.4464,29831164925.0537,29382590137.6267,36298327620.413,41032245031.148,45103963693.4823,
South Asia (IFC classification),CSA,,,,,,,,,,,,,,,
Caribbean small states,CSS,29613300890.0765,32260464990.4301,33117733166.3116,34929021599.5101,37401879065.5924,40740375080.6179,46555084823.0759,52432657466.6477,58340155247.8437,66571021788.9852,55998821214.2746,59193743656.2648,63696134954.6894,64932526224.649,
Cuba,CUB,28365300000,30565200000,31683300000,33590400000,35901500000,38202800000,42644200000,52742100000,58603500000,60806200000,62078610000,64328220000,68233900000,,
Curacao,CUW,,,,,,,,,,,,,,,
Cayman Islands,CYM,,,,,,,,,,,,,,,
Cyprus,CYP,9776223013.13328,9314937556.47906,9679304970.56184,10557366161.9634,13319544758.4518,15816972050.6976,16997801392.3755,18435765910.0111,21841815680.8803,25321517504.0281,23542650736.3156,23132450331.1258,24851264943.0081,22766912960,
Czech Republic,CZE,62165739783.1888,58807244367.8667,64375288106.7769,78425201660.6299,95292530752.5967,113976672924.834,130052420701.169,148345088495.575,180511237062.592,225448799062.683,197218205666.317,198475392670.157,216011355932.203,196446226535.564,
Germany,DEU,2131046239079.48,1886401326699.83,1880894854586.13,2006587615283.27,2423814898419.86,2726341472500.05,2766253792966.22,2902748698160.05,3323807412152.12,3623686234298.9,3298219195018.91,3282894736842.11,3624861111111.11,3428130624839.29,
Djibouti,DJI,536080169.085534,551230861.856505,572417440.820162,591122039.601398,622044665.515049,666072101.777505,708633194.726566,768873684.032838,847918929.107984,,,,,,
Dominica,DMA,267740736.012269,324463833.158651,330949849.71077,326998081.262043,340803912.870075,366976849.444881,361615917.777778,382299140.37037,418759930,462166696.296296,481257770.37037,471851098.518519,484137160,479688888.888889,
Denmark,DNK,173944697686.42,160082517845.876,160476161868.602,173880831443.88,212621855882.933,244727978020.584,257675536234.494,274376889678.112,311417601998.641,343881383958.432,310544743670.337,313365836298.932,333616014897.579,314887354337.505,
Dominican Republic,DOM,21709041189.3244,23996656675.8335,24894907435.1447,26570402718.796,21268012747.2709,22163928096.993,33969724872.4638,35965041793.3794,41320700932.7124,45796188394.2534,46768400362.8292,51748279416.0089,55737254720.2693,59047202157.8071,
Algeria,DZA,48640613515.0702,54790058957.3718,54744716706.3542,56760288961.5829,67863832648.2897,85324997369.5015,103198650297.779,117026655313.743,134977867931.582,171000162581.484,137211795394.166,161207304960.455,199070864637.558,205788796017.176,
East Asia & Pacific (developing only),EAP,1563684578670.69,1723331027476.91,1834800286207.77,2028376388454.26,2291329269709.6,2657120503491.92,3071986458870.19,3693409076726.33,4663846413843.65,5895919127378.94,6361285653433.08,7628872739282.86,9293696379833.94,10329684161087.2,
East Asia & Pacific (all income levels),EAS,7468396483838.4,8079343750295.35,7512606988331.33,7630356373356.28,8386861477495.24,9403408683790.36,10002138446365.1,10606438006372,11870900280893.1,13701778731459.2,14096676032746.5,16340490351951,18862899658956.3,20185399787693.4,
Europe & Central Asia (developing only),ECA,471906895744.898,477320798054.707,433723364156.797,506980291604.394,644537169638.04,821542250665.207,1005860099754.73,1160441270987.2,1468335469058.96,1751201874812.26,1456311523672.03,1646864368058.39,1852193840043.92,1887950236693.94,
Europe & Central Asia (all income levels),ECS,10216593379622.1,9610784084972.94,9713944535476.13,10633848582609.8,12969413734175,15123291592267.9,16108955756440.4,17438714276917.3,20393504316993.5,22403491458114.4,19675981648316.8,20094714343235.8,22245452803216.7,21394001022965.3,
Ecuador,ECU,19017141056.737,18327386415.9524,24468324000,28548945000,32432859000,36591661000,41507085000,46802044000,51007777000,61762635000,62519686000,67513698000,76769729000,84039856000,
"Egypt, Arab Rep.",EGY,90710703939.4609,99838540997.3209,97632008050.9425,87850680572.7894,82923680621.5433,78845185709.4117,89685724889.1628,107484034648.245,130477817194.412,162818181818.182,188984088127.295,218887812549.851,236000735704.439,262831912586.538,
Euro area,EMU,6871154297099.95,6255670914988.29,6347407693285.21,6907281295058.99,8528503127605.98,9771325550061.92,10142540466584.9,10756733219803.9,12368991707861.3,13543015633186.3,12393437084001.1,12063209775681.1,13089109067681,12192343850981.6,
Eritrea,ERI,688921325.712043,706370812.289102,752368494.461829,729321364.095048,870247701.706937,1109054002.42096,1098425899.89884,1211161879.50862,1317974493.40894,1380188800.03147,1856695550.46865,2117039510.70194,2607739837.39837,3091837398.37398,
Spain,ESP,617879821010.015,580345494748.48,608856375838.926,686295878035.008,883839729119.639,1044612070303.53,1130798885738.45,1236352163544.47,1441426534070.22,1593420002197.24,1454336570613.31,1375815789473.68,1453231944444.44,1322964772435.07,
Estonia,EST,5709010492.22246,5675174661.87581,6237914200.44743,7318186726.89629,9840743037.24605,12025943709.9948,13905561150.0771,16798495347.749,21993658963.8097,23781539698.9783,19406626721.3823,18909381436.8421,22522780937.5,22390242608.6398,
Ethiopia,ETH,7827068144.67499,8098332674.24419,8087434751.60218,7713652567.94733,8473013232.57614,9954110936.45253,12184372696.7078,15013683854.4699,18991907676.2428,25608626476.0357,28194270371.1621,26311310604.9888,29946934090.4379,41605361646.0594,
European Union,EUU,9190466744212.17,8523852162797.44,8625481689192.87,9407825134298.11,11470725498590.2,13245724898125.5,13851075352639.1,14771472082686.4,17080539537555.7,18376644615670.7,16410415500886.8,16252108894597.1,17683537854090,16687289726401,
Finland,FIN,130322821223.098,121793808734.107,124642505592.841,135183512140.034,164256207674.944,189064585622.668,195777993334.328,207949409201.133,246127357186.459,271974219064.709,239382754295.034,235163157894.737,262054166666.667,247545641553.098,
Fiji,FJI,1942170999.18765,1684109743.49338,1660102345.60309,1842691481.09196,2315935752.71653,2727507212.92556,3006725014.78415,3103099942.22992,3405050611.68726,3629936625.46276,2925499821.03595,3225095136.31862,3753485389.24827,3907563304.51103,
France,FRA,1456431067547.41,1326334899576.19,1338302818791.95,1452030303030.3,1792214221218.96,2055678853687.46,2136555489230.46,2255705477450.04,2582389733356.33,2831794045482.84,2619685000757.11,2548315434210.53,2779719500000,2612878387760.35,
Faeroe Islands,FRO,1125684470.05533,1062339943.83343,1154899793.33878,1268445919.41429,1486861878.95624,1683997930.26322,1730894295.38595,1970135198.76236,2278229880.41222,2412859692.82674,2198138372.28824,,,,
"Micronesia, Fed. Sts.",FSM,220660503.948872,233226322.838293,240051900.024223,241543395.823377,244990983.604501,239563310.439243,249845592.623945,252991205.003248,255890836.379155,261339642.362797,277510922.800969,294117230.497109,310287519.271915,326160960.784002,
Gabon,GAB,4662991794.05396,5067865502.79988,4712849279.64923,4931503836.34766,6054883172.03912,7178135606.41428,8665736617.5506,9545982814.08494,11570860872.2274,15685389826.8882,12031268402.3877,14507032805.9824,18759558560.4601,18377083881.0055,
United Kingdom,GBR,1518173434719.3,1493628385534.88,1485147545703.18,1620900779376.5,1875141224489.8,2220820974770.22,2321359350397.64,2483008793218.61,2857080828857.96,2687796663762.07,2208002878867.89,2285561538461.54,2478930645161.29,2471783570300.16,
Georgia,GEO,2800024342.13492,3057453460.84975,3219487823.04872,3395778661.40362,3991374539.82055,5125273877.24618,6411147323.20169,7761900179.11307,10172260738.4907,12799337249.9695,10766836276.5639,11638236642.8476,14434619972.4072,15747288816.1881,
Ghana,GHA,7718110780.94815,4982849054.0291,5314871683.5223,6166197191.76694,7632720680.28119,8881419348.21594,10731883141.4457,20410239313.1135,24757608488.0145,28528016511.3477,25978563316.2976,32174210792.9631,39564970069.7821,40710781538.5757,
Guinea,GIN,3461282189.69643,2995360969.17427,2833442750.41891,2949637039.06356,3446442218.89829,3666349049.40435,2937072009.03751,2821346683.52022,4134173271.02524,4515824643.35277,4609923720.1802,4735956475.83803,5067360041.10885,5631621297.8898,
"Gambia, The",GMB,814724059.790335,782913866.095892,687410628.644624,578235309.763014,487038678.244965,578785600.648136,624173996.312708,655068112.286777,798869805.089884,965771303.038565,900629372.999551,951805801.354012,898282865.871322,917292053.029626,
Guinea-Bissau,GNB,224446652.141584,361858968.13199,384270399.55365,406669723.434693,465414407.988807,522651787.703763,572853553.530448,578517348.941903,690721769.225811,842890956.086099,832530156.75007,835390892.988319,967762548.677982,822321032.405318,
Equatorial Guinea,GNQ,872016821.395879,1242848857.35322,1736116148.88788,2146760313.95481,2952359369.91398,5240842261.15571,8217368425.2764,7765111493.54484,10304490483.0189,15471010922.6482,10356293894.4756,12261420852.3549,16806886027.9694,17697394251.2135,
Greece,GRC,133187471440.326,124418164455.203,129841697351.145,146050256230.414,192850219244.135,227950420085.709,240075690332.289,261713232775.632,305431771154.799,341593975533.013,321016154721.238,292304602598.684,289627362870.833,249098684277.449,
Grenada,GRD,379629397.739948,523256354.907108,523279846.425211,544381961.645127,596339088.690494,600014340.551513,700431791.333632,704762535.923815,763824454.880744,832339701.300351,775507460.748489,783602099.124051,816054406.662033,766510727.203673,
Greenland,GRL,1131555107.04907,1068024993.98697,1086170638.72901,1169136691.35372,1426452030.10471,1644951892.18151,1702543476.55709,1738432116.43728,2121759848.4242,1739579593.56673,1267711816.12426,,,,
Guatemala,GTM,18317089473.0904,19290566570.0483,18702820735.0173,20776536919.9593,21917565499.915,23965280312.0871,27211230373.8306,30231130542.9832,34113106486.1272,39136286496.2176,37733791088.9585,41338161799.1082,47688885121.1624,50233749190.986,
Guam,GUM,,,,,,,,,,,,,,,
Guyana,GUY,694754983.970153,712667925.076665,696281468.795938,722460911.622513,741929343.015696,785918769.749001,824880550.343965,1458449057.88559,1740335068.52925,1922597806.51498,2025565089.48272,2259288026.41972,2576731667.32023,2850572407.04501,
High income,HIC,26578962966950.4,27198231191532.2,26984790767472,28135091079411.8,31567039712812.2,35221379160222.5,37359335467915.1,39616807105234.5,43500850906009.3,46466022521414.5,43259179599420.8,45518176242171,49486948217608,49717633852979.6,
"Hong Kong SAR, China",HKG,165768095391.557,171668164082.555,169403241524.337,166349228737.386,161384522525.299,169099768875.193,181570082162.19,193536265094.364,211597405593.868,219279678430.164,214046415026.187,228695747309.89,248725976361.768,263259372904.956,
Honduras,HND,5372543554.00697,7105541205.28208,7566501475.58875,7776438040.83046,8140284928.6804,8772167983.07235,9672095583.97918,10841723354.4201,12275493958.7643,13789727209.7482,14486137413.5391,15729644901.1459,17588097149.7523,18434022403.2587,
Heavily indebted poor countries (HIPC),HPC,142240416976.079,138443759592.489,142598501401.198,153890818089.283,175431180293.718,202096207428.844,230443149242.858,274700025382.719,327319085797.818,393030707707.794,389926115739.402,430721834911,479713665743.987,509772655100.889,
Croatia,HRV,23077661293.6429,21517784659.0236,23052044812.5637,26524896398.2367,34143409062.0433,41003558915.6986,44821408830.9352,49855078905.4812,59335976948.2105,69595272329.4363,62244202546.9806,58873839434.9834,61789184183.8732,59228247410.9818,
Haiti,HTI,4088703119.65814,3664503845.56892,3507981945.53618,3214632478.63248,2826481071.96147,3660483885.68707,4154289832.39201,4879738635.95586,5971284337.50737,6407707284.45521,6470254240.08231,6634579143.36112,7346156702.64438,7843484458.14557,
Hungary,HUN,48255011859.791,46385589533.8363,52720966883.3719,66389489264.3391,83538373060.6906,101925734602.027,110321711572.908,112533152716.384,136102020866.708,154233541852.268,126631684032.783,127503279792.248,137448696906.396,124600486886.062,
Indonesia,IDN,140001352527.221,165021012261.509,160446947638.313,195660611033.849,234772458818.096,256836883304.553,285868610016.591,364570525997.054,432216737774.861,510244548959.967,539579959052.699,709190822690.739,846341443778.42,878043027881.581,
Isle of Man,IMN,1567465656.8505,1563667799.61578,1614595290.9182,1897606791.43353,2264911806.90354,2758117365.04863,2915710378.28299,3437450711.55028,4075664785.25458,,,,,,
India,IND,466867079633.084,476609148198.006,493954333968.756,523968561871.528,618356467439.203,721585608172.395,834215013542.689,949116769688.063,1238700195724.53,1224095295076.86,1365372433271.74,1710908768959.8,1872840195945.11,1841709755679.17,
Not classified,INX,,,,,,,,,,,,,,,
Ireland,IRL,96584799614.3192,97331522051.7782,105166579627.74,123016253872.577,158730360073.363,186281307557.443,202577741640.551,222762911715.744,259574153791.618,264034092036.474,225442965634.173,208022028243.421,225832965850,210771406835.948,
"Iran, Islamic Rep.",IRN,104656040167.701,101286514977.457,115438386681.929,116420833373.676,135409681532.108,163226579221.096,192014940324.054,222880533511.287,286057933325.518,355988367221.614,362661111280.071,422567967404.512,514059508513.901,,
Iraq,IRQ,17942362576.0649,25857106735.7513,18936094867.8072,18969591211.0373,,25509364916.0308,36743640204.0491,65141035027.9406,88837727881.3965,131611819294.275,111659988888.889,135488471367.521,180606795373.675,210279947255.575,
Iceland,ISL,8742600398.27028,8697298233.82009,7922983042.66068,8907207933.02983,10969898924.0637,13251434311.4214,16286323127.4323,16651492783.5423,20428232684.2713,16832079676.5244,12115478892.436,12564891657.7225,14046371409.9267,13578943166.6464,
Israel,ISR,110794986859.074,124895151203.002,122940533086.05,112974376292.794,118673283414.945,126571173583.222,133959001782.531,145479599622.963,167111803510.138,201661649944.259,194866363197.111,231674511901.578,258216880939.072,,
Italy,ITA,1208180354708.08,1104009462562.19,1123702691037.14,1225176959595.33,1514503536381.49,1735521503771.58,1786275014006.62,1872982702430.31,2127180496503.06,2307311493054.53,2111148008711.62,2041954747600,2195014082352.78,2014669579719.72,
Jamaica,JAM,8830909008.27052,9008629729.41031,9104515930.20984,9718989516.70522,9430236065.12236,10173234921.1116,11075778481.0127,11903020643.5944,12820055024.6163,13676837630.2798,12043372132.4443,13202998397.8027,14402486059.4796,14755051129.3404,
Jordan,JOR,8147494328.76279,8457923945.44009,8972965061.21159,9580161951.38579,10193023726.2151,11407566660.2844,12582876895.2338,15056937190.1336,17110610000.1257,21971835255.5528,23820013058.6156,26425379366.6132,28840197018.7628,31015239496.4411,
Japan,JPN,4432599282922.53,4731198760271.14,4159859918093.56,3980819536159.76,4302939184963.79,4655803055650.55,4571875737175.42,4356761451087.28,4356329296669.33,4849208099923.57,5035141567658.9,5495379357484.62,5896794887858.66,5959718262199.13,
Kazakhstan,KAZ,16870817134.7767,18291990619.137,22152689129.5583,24636598581.0204,30833692831.3955,43151647002.6096,57123671733.8952,81003864915.5437,104849915343.555,133441649221.732,115308687201.97,148052371903.631,188049986359.296,203520610287.707,
Kenya,KEN,12896010520.4958,12705350153.4012,12985991722.969,13147736954.17,14904504019.398,16095321630.6659,18737895400.78,22504136042.2252,27236739895.9373,30465489796.0539,30580367979.309,32198151217.2214,33620684015.8403,40697163224.2519,
Kyrgyz Republic,KGZ,1249062025.13805,1369691955.02213,1525113501.11034,1605640633.42189,1919012780.97086,2211535311.62834,2459876151.9333,2834168889.42019,3802566170.81543,5139957784.91084,4690029460.84784,4794361821.20611,6198838460.02869,6474843799.06064,
Cambodia,KHM,3517242477.23368,3654031716.27649,3979813387.83958,4284028138.34851,4658246906.65795,5337833255.9454,6293046162.11399,7274424518.56764,8639164917.03737,10351829065.6013,10401935531.8245,11242266333.9246,12829541141.0175,14038383450.1945,
Kiribati,KIR,70596128.7050497,67512714.5176252,63101272.3699183,72259045.9632728,90148518.0621311,102220914.840418,106147384.4979,104668674.698795,123005089.649373,135044455.62825,127125253.470597,150431113.557145,172253739.040743,174984468.834127,
St. Kitts and Nevis,KNA,305008729.111103,416566954.43505,455905601.704812,478067954.111618,461576906.469689,497548516.54631,536410666.378498,629511777.660199,689461859.082924,740102893.740741,688867558.148148,675553707.777778,699130559.62963,767000000,
"Korea, Rep.",KOR,445399303511.045,533384027728.655,504585783003.741,575928909990.488,643762388701.001,721975255823.7,844863004335.43,951773478984.908,1049235951186.97,931402204981.625,834060441840.978,1014890141871.14,1114471962886.14,1129598273324.48,
Kosovo,KSV,,1849196082.05507,2535333631.88536,2702427046.9355,3355083116.58939,3639935347.50715,3743116980.19185,3918176307.9609,4743437688.75329,5771473141.64198,5634824257.47516,5750799436.89847,6636703417.89962,6445201980.60846,
Kuwait,KWT,30120888963.6806,37718011468.5749,34890773740.2178,38138801497.2458,47875837662.1539,59440511981.7576,80797945205.4795,101561153806.389,114721830985.916,147402413798.235,105911338608.398,119934674734.616,160912705745.772,,
Latin America & Caribbean (developing only),LAC,1863681785390.59,2070214692908.22,2018194054793.21,1802199790941.19,1846496584359.97,2111323966186.62,2560631809471.9,2996413990843.08,3542161382478.66,4137452587080.46,3884618629983.76,4801788972970.84,5371165095783.96,5344028414023.2,
Lao PDR,LAO,1454430642.01692,1731198022.45212,1768619058.34647,1758176653.07746,2023324407.30177,2366398119.88556,2735550176.99656,3452895836.27301,4222945529.64181,5443930124.55076,5832882921.50595,7181441151.89789,8254088066.90641,9417665585.95006,
Lebanon,LBN,17391056436.8069,17260364842.4544,17649751243.7811,19152238805.9702,20082918739.6352,21789054726.3682,21860696517.4129,22438474295.1907,25056716417.9104,30079601990.0498,34650746268.6567,37124378109.4527,40094328358.209,42945273631.8408,
Liberia,LBR,441800019.378319,529064646.66383,514999999.999999,536000000.000001,409000000,466999999.999999,541999999.999999,604028581.80619,739026892.226679,850040458.839631,1155146229.786,1292696475.95873,1537753884.57502,1733823552.70914,
Libya,LBY,30484399895.6472,33896600870.7706,28420321951.542,19842519685.0394,24062500000,33384615384.6154,44000000000,56484375000,71803278688.5246,93167701863.354,62360446570.9729,,,,
St. Lucia,LCA,692507395.177286,764457723.425116,708290496.305954,723027643.082723,781338352.904771,858255380.398219,908558306.769096,1018069266.61284,1132407669.55652,1174876792.07407,1173930131.2963,1208853571.11111,1259078381.85185,1238640740.74074,
Latin America & Caribbean (all income levels),LCN,2044491107674.55,2263014377922.85,2210320388589.15,1988037620671.1,2043462683117.47,2340519606899.54,2827090726757.96,3303823175135.28,3880409847647.22,4502190022874.33,4233752402948.23,5211670953427.15,5829038647754.48,5827107558830.23,
Least developed countries: UN classification,LDC,170891196852.571,178417890765.108,183276880687.257,197786318734.314,222199934542.931,259466470404.627,303396444412.052,351745070689.283,428640484545.518,529955169676.048,523255049752.762,589355527410.129,666802800426.317,704463036942.384,
Low income,LIC,163263717669.078,163081700925.956,166736829500.336,174335328492.891,191614549125.218,214527775409.721,238968511939.334,261771943195.611,307401278206.559,364808681422.257,380642250299.852,416497843507.852,468374984984.916,504431276049.443,
Liechtenstein,LIE,2664105901.18863,2483890593.70545,2491800558.77674,2688617884.8748,3070803431.476,3454374260.73671,3658356377.80983,3988775843.87205,4602346923.40322,4929414914.73469,4826167676.3641,,,,
Sri Lanka,LKA,15656342015.855,16330810303.9159,15746224409.8,17102623876.2283,18881765437.2151,20662525941.2986,24405791044.7761,28267410542.5164,32351184234.3157,40715240468.9375,42067974595.4411,49567521669.9098,59184308582.7982,59423009404.3887,
Lower middle income,LMC,1170903832603.78,1239318905845.33,1251316462309.39,1344350698513.42,1540098643733.47,1765740457847.76,2036944282349.07,2423403090682.79,2989372009538.79,3331836182497.89,3413590878560.98,4162178444316.86,4688442969061.91,4823810786650.76,
Low & middle income,LMY,5243453677374.63,5672311751228.64,5691968836791.29,5787577195416.2,6489392540427.58,7604665253862.46,8970366337968.7,10559616217167.5,12995052161388.6,15498453065226.9,15469676561136.2,18587149767312.1,21606240343253.7,22769281895625.2,
Lesotho,LSO,801540664.712419,771200632.484425,706430933.003007,656802669.110291,969181550.992505,1234197704.43821,1368405301.24444,1428842600.12112,1597484735.65523,1630667593.27628,1716836000.19013,2203835214.2935,2524534244.77677,2447573299.47777,
Lithuania,LTU,10971375000,11434200000,12159225000,14163949141.8999,18608709856.5781,22551543054.4565,25962254180.8029,30088510798.0993,39103973050.6292,47252926428.6698,36846183172.3027,36306384146.1075,42872072870.904,42343521965.7483,
Luxembourg,LUX,21185382484.5515,20267551133.2228,20196868008.9485,22568793525.3153,29144582392.7765,34077095478.4477,37643013480.575,42544669010.8776,51320626630.4244,54742739956.7876,49420776474.8702,51713947368.4211,57957916666.6667,55178452044.2273,
Latvia,LVA,7288524472.50101,7833068425.39159,8313047743.57121,9314784080.02692,11186452600.7262,13761569544.9926,16041840426.2666,19935046397.2163,28765687041.6504,33669367720.4659,25875781250,24009680459.9868,28480338367.6157,28372577696.5265,
"Macao SAR, China",MAC,5916957024.96919,6101794938.88536,6514271488.1434,7008026414.60895,7926373572.23623,10258324479.1391,11792570015.7933,14568709574.0036,18054684854.2242,20731022857.2408,21313263933.1019,28359706123.0951,36796998498.2098,43582271461.8341,
St. Martin (French part),MAF,,,,,,,,,,,,,,,
Morocco,MAR,39734023742.7921,37020609824.9576,37724674865.0801,40416114690.137,49822651701.729,56948015336.0397,59523857868.0203,65637107776.2619,75226318359.375,88882967741.9355,90908402631.2523,90770671431.6696,99211339029.2806,95981572517.1671,
Monaco,MCO,2906009307.6651,2647883820.18625,2671401082.76436,2905973022.1746,3588988600.70294,4110348444.49411,4280072625.97622,4663488363.0977,5974371695.95045,6919241412.09365,5557579883.30092,5350993377.48344,6074506533.22213,,
Moldova,MDA,1170785047.79461,1288420222.94787,1480656884.38462,1661818168.4226,1980901553.51226,2598231467.43671,2988172424.46608,3408454197.89191,4402495921.29332,6054806100.84681,5439422031.39627,5811622393.98689,7015201445.77502,7252769934.44626,
Madagascar,MDG,3717515282.53878,3877673634.58854,4529575232.98509,4397254714.88337,5474030227.58602,4363934416.54784,5038577519.49857,5515236338.4864,7342905883.1691,9394330368.35779,8589560142.44925,8837041787.49382,9911781296.64175,9975124872.405,
Maldives,MDV,589239757.009346,624337143.585387,802442810.457516,828240882.492352,949867661.833266,1075605492.18297,992473987.301945,1303375806.06689,1541978558.62324,1891633531.16451,1984639640.86858,2134104883.7014,2153636962.94601,2222429330.40067,
Middle East & North Africa (all income levels),MEA,834296981811.24,938991520372.12,930463809145.995,930044734395.223,1042452116321.19,1216658079842.12,1459450352915.18,1729921737815.42,2040187607198.33,2577621926540.55,2313787211228.11,2692634650793.4,3262865315278.2,,
Mexico,MEX,586690161460.681,692177614209.703,733461550751.4,750477694898.257,722164975397.307,774800766586.23,870215085180.847,966249852838.419,1043459078119.64,1099070673263.38,895354565566.632,1047368841686.06,1159889566239.49,1178126184343.49,
Marshall Islands,MHL,107978893.139292,110937729.412641,115152142.737309,124735071.905407,126887585.451759,131106365.539613,137556822.771548,143352031.172085,149739017.444696,152565763.149451,151560778.381533,163200000,170700000,182400000,
Middle income,MIC,5081978552609.55,5509413931541.3,5525817856176.23,5614389858588.67,6298632303972.98,7390015464946.64,8729631504263.08,10293523064519.4,12680640727761.2,15125076005955.1,15081684598309.1,18159002531352.6,21123283661293.5,22249908760107.1,
"Macedonia, FYR",MKD,3673288165.87004,3586883988.95646,3436961384.81241,3791306757.66238,4756221628.61111,5514253043.38147,5985809059.97008,6560546900.04109,8159825620.389,9834038366.88837,9313573964.98007,9338665630.76177,10439099881.1349,9612518136.34871,
Mali,MLI,2570429654.9005,2422482317.56719,2629739067.46746,3342824259.82493,4362439886.7199,4874178417.19164,5305317554.72495,6122644014.78684,7145394015.23154,8737687352.70079,8964480570.32521,9422267259.9894,10656395534.0275,10308146675.9498,
Malta,MLT,3907947937.46914,3957418082.79925,3917620727.92241,4296164768.28161,5119621569.32049,5643525281.93441,5980795755.74103,6390123590.13841,7513834699.60697,8554293727.08674,8099400960.97627,8163841059.60265,9151793160.96747,8721923076.92308,
Myanmar,MMR,,,,,,,,,,,,,,,
Middle East & North Africa (developing only),MNA,409715005501.568,434403278131.8,437345257897.867,428717076546.167,477286353163.544,550851813966.003,642230599158.201,764348880975.828,937105714026.212,1188213547170.47,1142558838091.65,1308674405409.15,1540807069038,,
Montenegro,MNE,,984279596.4,1159891560,1284504508.58333,1707662607.75,2073255525.20487,2257181942.54446,2696020574.58286,3668857103.75034,4519731946.68229,4157852771.6,4114780573.5,4501811520,4373170811.72835,
Mongolia,MNG,1057408608.43579,1136896162.14218,1267997923.03269,1396555772.03794,1595297301.45651,1992066758.84423,2523359940.71209,3414053250.94549,4234894168.15659,5623236707.52471,4583834427.36474,6200357070.1148,8761426370.55877,10271393281.3833,
Northern Mariana Islands,MNP,,,,,,,,,,,,,,,
Mozambique,MOZ,4536278939.24475,4310090791.18029,4075049537.3821,4201332885.28416,4666197195.33585,5697991241.44882,6578515331.19659,7095910827.74363,8035635713.16184,9891003404.78197,9674037707.314,9274448731.91612,12568440512.7595,14243717484.4635,
Mauritania,MRT,1405662577.97303,1293653473.22014,1295536829.06554,1324424463.41007,1563072653.30951,1833445283.01887,2184444848.94895,3040718540.58079,3356758533.56708,3790240830.66288,3027020111.5163,3671380305.41277,4273232647.83585,4199051817.05876,
Mauritius,MUS,4291171395.71086,4582562397.94313,4536544699.05727,4767303153.04439,5609836353.56371,6385691315.22535,6283796155.23716,6731536244.19443,7792063566.51501,9641077098.19803,8834661042.93519,9718331362.63822,11250559552.9847,10486037633.994,
Malawi,MWI,1775920039.08836,1743506286.64581,1716502069.29157,2665158942.8967,2424656666.0654,2625127097.7198,2754995876.60249,3116789657.89251,3647817218.57435,4276769712.29181,5030639934.35772,5398616984.59149,5621000677.89922,4263794983.9006,
Malaysia,MYS,79148158887.9154,93789473684.2105,92783947368.4211,100845526315.789,110202368421.053,124749736842.105,143533152129.483,162692467585.806,193552802791.702,230987618903.551,202251384991.501,247533525517.698,289258937258.632,305032745224.598,
North America,NAC,10330289156699.3,11018099079682.8,11344404036719,11718799179188.4,12382259767452.4,13273710802521.9,14234028121475.7,15141925145644.8,15910260777447.9,16229088365546.9,15761284017751.6,16541084496217.8,17317139659888.9,18071497675311.4,
Namibia,NAM,3385555872.76121,3908598123.34455,3546795054.15585,3361241961.35377,4931293712.20614,6606970842.65234,7261301442.47414,7978676469.77384,8811608766.89852,8829927125.40153,8859203056.19983,11065912279.3816,12623100410.462,13072278942.987,
New Caledonia,NCL,3056999988.09146,2682347064.36419,,,,,,,,,,,,,
Niger,NER,2018193598.24088,1798374532.94855,1945327545.88815,2170481497.62212,2731416281.32709,3052898685.69525,3405134555.29166,3646727993.03698,4291363546.82479,5403364453.52777,5397121962.02425,5718589550.16349,6411842066.31128,6773185511.26727,
Nigeria,NGA,35870792987.9432,46385996027.4279,44138014092.2627,59116868249.8401,67655840108.1547,87845403978.2742,112248324602.677,145429802541.747,166451202370.171,208064724514.151,169481270114.984,229507890739.083,245682418219.43,262597405487.822,
Nicaragua,NIC,4855717872.17377,5107329009.66642,5323146567.74198,5224213018.8925,5322437647.57853,5795568202.50505,6322582497.35619,6786294613.48486,7446636654.71995,8254342299.67401,8156131183.33235,8586295846.08302,9635568028.48791,10507356837.651,
Netherlands,NLD,411456424461.965,385074626865.672,400654138702.461,437807265198.57,538312641083.521,609889925685.869,638470626274.685,677691901432.745,782566743038.276,870811147324.862,796333367137.001,772090789473.684,832009722222.222,770555412702.494,
High income: nonOECD,NOC,1260452386326.59,1439071025370.77,1447520667869.25,1514975581046.34,1694489504217.37,2038578367251.36,2441753700164.66,2879423659973.78,3430110348837.79,4135665094579.53,3416592108147.37,4009388496202.53,4835370730431.12,5104878388855.4,
Norway,NOR,159045286696.071,168288531891.204,170922851073.768,191927027230.141,224880794327.844,260029106207.989,304060069848.661,340041912703.697,393479162081.796,453885460992.908,378849392446.007,421236092715.232,491064821428.571,499667211001.289,
Nepal,NPL,5033642384.10596,5494252207.90502,6007061224.4898,6050875806.66403,6330476434.54937,7273933992.74548,8130258976.02985,9043715355.8881,10325618017.379,12545438605.3959,12854834975.299,16010389261.745,19123129346.3143,18962962962.963,
New Zealand,NZL,58141345788.5723,51981385895.5781,53273715302.1932,65999637537.5819,87418267497.2517,102983802756.303,113834420633.803,110304429415.584,135291901176.471,130672262112.676,118573727125,143246762589.928,162634645669.291,167347054533.668,
High income: OECD,OEC,25315467995036.6,25757096752943.5,25535445878029,26618278465992,29870429404630,33182105337256.1,34920000331590.8,36743225157538,40080186466917,42347919795681.3,39851480208275.2,41526276752344.3,44679940344450.8,44685204702478.9,
OECD members,OED,26200164639226.2,26762227488676.8,26517633684501.9,27667680210929.6,30979138055906.4,34450998113435.6,36383516967582.4,38352908258297.5,41906902699835.3,44331561506763.1,41488020379697.9,43432293266378.9,46752053784982.8,46777297862832,
Oman,OMN,15710148340.0807,19867880550.2714,19949284974.8547,20049414986.065,21542262852.4551,24673602279.5173,30905071770.5812,36803641389.0006,41901170688.8693,60566970579.2556,46866060195.7311,58813004375.26,69971912137.5133,,
Other small states,OSS,26460935007.9224,28478003539.9776,28129354982.6791,28898511036.0483,37190604754.328,46429560062.8301,53275589171.1921,56667850905.7417,66529274863.1027,80052610005.0539,69206412654.6884,82176033157.6998,97753616908.0927,96785564891.1552,
Pakistan,PAK,62973855718.8874,73952374969.7995,72309738921.3329,72306820396.2325,83244801092.7096,97977766197.6724,109502102510.883,137264061106.043,152385716311.916,170077814106.305,168152775283.032,177406854514.885,213853864893.914,225143266331.151,
Panama,PAN,11456300000,11620500000,11807500000,12272400000,12933200000,14179300000,15464700000,17137000000,19793700000,23001600000,24162900000,26589600000,31315800000,36252500000,
Peru,PER,51509515206.3704,53290390318.0249,53935760985.2102,56772338815.4457,61346725170.0522,69725009964.83,79385073422.3301,92432757798.1651,107492226613.478,129537265753.425,130064300617.482,157609814184.397,181011064727.273,203790266509.653,
Philippines,PHL,82995145600.7289,81026294681.2438,76261998622.8918,81357657790.4137,83908205719.8012,91371236939.2189,103065972407.859,122210719245.942,149359920006.4,173602533345.577,168333540385.114,199589447424.074,224095219329.238,250182019476.324,
Palau,PLW,113485000,158408810.423418,167182520.656761,168926089.456712,173320433.977028,190829015.31499,206328827.379497,210111650.861356,211831321.628491,212734858.063924,197525348.180376,196543326.079735,212903319.801064,228415735.257751,
Papua New Guinea,PNG,3477060138.33333,3521348154.79666,3081029665.98233,2999542369.42117,3536459119.8821,3927114456.84311,4901584516.12903,5598700444.44444,6329292929.29293,8010370370.37037,7914594202.89855,9480047958.80839,12393604089.4569,15653921367.2759,
Poland,POL,167801749888.458,171276118424.232,190420870074.99,198179425151.286,216800888642.044,252768998589.254,303912247950.845,341669943593.876,425321502150.576,529432301178.815,430917310342.617,469736810690.719,515666869136.802,489795486644.151,
Puerto Rico,PRI,57841000000,61702000000,69208000000,71624000000,74827000000,79209000000,82809000000,86157000000,88405000000,92605700000,95369800000,97147300000,98757000000,101495811266,
"Korea, Dem. Rep.",PRK,,,,,,,,,,,,,,,
Portugal,PRT,126423822714.681,117299520913.949,120332080536.913,132285714285.714,161931941309.255,185397304327.851,191847858528.578,201790398436.412,231741573802.622,251925293880.69,234119384365.758,227446710526.316,237675277777.778,212273977886.346,
Paraguay,PRY,8392549938.67056,8195993191.26952,7662594856.78516,6325151820.2228,6588103956.47934,8033877459.1225,8734651353.60575,10662013294.3079,13837525590.2673,18504760911.426,15954961409.8569,20028375553.9077,26007966686.6956,25502060502.1181,
Pacific island small states,PSS,3644082478.25467,3403375328.39002,3327544956.67498,3508352860.89337,4126718122.3585,4768170858.43189,5214349168.29613,5480016481.4696,6077172856.09329,6596488988.09874,5737213128.33947,6382013890.33255,7365077734.5045,7810192972.28318,
French Polynesia,PYF,3797016068.69689,3447543137.94149,,,,,,,,,,,,,
Qatar,QAT,12393131510.9639,17759889598.0531,17538461033.0061,19363735705.6767,23533790530.5514,31675273812.3988,43040108649.7014,60496701553.1987,79546975729.4478,115019776904.93,97583513671.1764,125122249141.251,171476093959.187,,
Romania,ROU,35592337082.8604,37052636395.1938,40180746113.1837,45824529874.3372,59507345650.253,75489440362.1003,98913392471.9673,122641508767.76,169282491900.094,204335225693.755,164345718689.535,164435979735.045,189775739203.407,192710684930.009,
Russian Federation,RUS,195905767668.562,259708496267.33,306602673980.117,345110438693.573,430347770733.155,591016690742.937,764000901160.58,989930542278.684,1299705764824.48,1660846387626,1222648134225.45,1524916698233.31,1899085300762.05,2014774938341.85,
Rwanda,RWA,1817655191.84317,1734938190.27765,1674685125.62865,1677447003.07548,1845979351.35205,2089188920.75355,2581286406.73226,3111191405.55534,3738146668.93841,4711735377.43574,5252677064.51254,5624506157.41067,6354119344.04968,7103000861.20669,
South Asia,SAS,599543853861.704,622975897595.183,638745671193.222,672494121080.409,784882714579.418,911124327825.774,1044617146198.82,1194851718935.78,1514760056069.51,1540327787663.79,1693544062033.63,2073906765279.16,2298738154919.25,2286092819566.87,
Saudi Arabia,SAU,160957062621.867,188441864874.667,183012268441.6,188551196398.933,214572800000,258742133333.333,328459608764.111,376900133511.348,415909018143.01,519796800000,429097866666.667,526811466666.667,669506666666.667,711049600000,
Sudan,SDN,10682027626.827,12257299162.7402,13182872554.7864,14803423334.6043,17646271396.8949,21457886199.291,26524992225.3521,35159250984.9057,45456460335.1022,54082389392.8541,52839990730.8172,64849930757.6995,63997129026.7582,58768800832.7859,
Senegal,SEN,5144045092.86221,4679604921.56347,4877602012.42811,5333862343.6271,6858952716.5383,8031344239.66792,8707015063.75222,9358710763.47381,11284603480.5383,13386346542.8972,12812994669.9019,12932427724.3508,14440676497.9993,14045759802.382,
Singapore,SGP,85963561402.373,95922652585.622,91148432628.399,90582818233.825,93362870572.9047,109336483913.863,123506892267.645,139020876513.172,168705756482.337,178924164929.529,194131267854.513,217200123752.449,245024318394.339,274701299733.694,
Solomon Islands,SLB,482214092.308964,435101217.233417,400464593.02552,341663053.747468,332736306.539249,375109694.525921,413909879.281265,456735444.86792,586218381.044736,645796657.499394,601299089.753921,678625481.686751,866672433.270049,1008424232.18251,
Sierra Leone,SLE,669384768.87263,635874002.198748,1079478387.83576,1239004287.75607,1371442565.69701,1431208677.30352,1627853086.42403,1887429109.49668,2157944721.20791,2504381637.36576,2454531383.2699,2575466372.26831,2938747215.20983,3796030045.13767,
El Salvador,SLV,12464700000,13134100000,13812700000,14306700000,15046700000,15798300000,17093800000,18550700000,20104900000,21431000000,20661000000,21418300000,23139000000,23864400000,
San Marino,SMR,853373879.731819,773907642.414748,815205233.062791,879957209.923907,1122981525.35502,1317357834.61634,1375416604.48689,1469075398.31891,1687653983.02765,1899809579.61037,,,,,
Somalia,SOM,,,,,,,,,,,,,,,
Serbia,SRB,17632705912.6184,6082791506.17659,11390468618.534,15102567924.9297,19550781969.0408,23649854234.3966,25234408772.9975,29221081586.6368,38952093544.4413,47760580365.5549,40249479880.3207,36990001283.5323,43291846195.8004,37488935009.7878,
Sub-Saharan Africa (developing only),SSA,332756056632.018,341622010206.86,327619913585.604,348667513950.338,444876501171.11,552195068318.858,643878565860.629,749471797618.428,868821679712.399,988528535234.571,938909742755.119,1131986768056.07,1261796381377.7,1289813284471.03,
South Sudan,SSD,,,,,,,,,,15264618785.5323,11853474305.229,15178973598.0733,19145887852.2524,10220256856.5217,
Sub-Saharan Africa (all income levels),SSF,333624699363.111,342862677064.027,329355821653.611,350815088571.735,447830637938.51,557443575085.531,652112165291.871,757249569339.049,879145357918.16,1004034351872.28,949349486953.642,1144351408104.57,1278681856204.56,1307585003262.35,
Small states,SST,59721008190.6447,64141843858.7977,64574633105.6658,67335885496.4518,78719201942.279,91938106001.88,105045023162.564,114580524853.859,130946602967.04,153191809653.971,130908077276.997,147660600184.866,168661086507.137,169368743587.462,
Sao Tome and Principe,STP,,76709304.533641,76460376.9594566,90713303.0563938,97994011.6429379,106764253.74548,113808749.415253,124184906.73689,144259256.649338,183464986.34772,196473838.856079,201037916.583708,248286778.216557,263398378.000848,
Suriname,SUR,885444167.44186,892164363.636364,763465570.642202,1078402127.65957,1271196078.43137,1484092538.40527,1793557833.08931,2626093294.46064,2936612021.85792,3532969034.60838,3875409836.06557,4368007284.81569,4363219094.24725,5012121214.24757,
Slovak Republic,SVK,29947934157.2555,28724041827.8976,30318731991.0515,34638306041.7843,45837416478.5553,56073225726.3472,61328471583.1364,69002095094.7184,84108560087.5992,97908891167.4235,87239747151.9867,87077443708.6093,95877536836.2524,91148717948.7179,
Slovenia,SVN,22309684226.3866,19979467790.4398,20498926980.9993,23136352386.3753,29152072067.9303,33837749815.1716,35717733757.4551,38945146499.5315,47306799054.202,54606018255.4563,49056152691.0253,46908328071.2701,50250208507.4658,45279487179.8345,
Sweden,SWE,258813540859.799,247260155857.763,227359498891.481,250960758336.671,314713404152.703,362089648912.965,370579639747.414,399075661572.866,462512853670.12,486158607819.636,405782994635.359,462903051317.614,536293220338.983,523805608856.089,
Swaziland,SWZ,1547888453.75789,1524490159.09856,1349326983.00661,1224220675.06919,1854020495.72254,2420610578.59952,2584077930.66197,2947922182.75015,3053823329.23844,3019770679.64511,3161320520.44067,3691050502.68749,3969078027.33547,3744472287.07088,
Sint Maarten (Dutch part),SXM,,,,,,,,,,,,,,,
Seychelles,SYC,622975776.387828,614877971.233472,618433500.97097,698083344.991819,703096502.624651,839319935.206909,919103261.987138,1016419769.16068,1033635773.39104,967211974.937748,847424851.518855,969973774.818177,1074584859.83785,1128753720.62939,
Syrian Arab Republic,SYR,15873875968.9922,19325894913.1254,21099833783.503,21582248881.6592,21828144686.0394,25086930693.0693,28858965517.2414,33332844574.7801,40405006007.2086,52581913978.4946,53934534350.507,59147033451.8525,,73672408036.1474,
Turks and Caicos Islands,TCA,,,,,,,,,,,,,,,
Chad,TCD,1534673503.52975,1385058211.51211,1709347776.82501,1987622268.76482,2736666450.54794,4414929142.23367,6646663021.43571,7422102519.56848,8638711756.59476,10351933631.6086,9253484289.64401,10657705072.3284,12156380062.0355,12887072081.6363,
Togo,TGO,1576094484.70894,1294250279.68129,1332328986.28277,1474630199.41874,1673690389.7013,1937074537.93089,2115154090.31071,2202809210.74095,2523462648.98387,3159544508.84232,3163000590.663,3172945282.32304,3685781119.61991,3813834650.19521,
Thailand,THA,122629741697.716,122725247705.559,115536405150.354,126876918690.024,142640079033.312,161339790594.627,176351948403.908,207088828467.346,246976870172.836,272577799257.354,263711244888.554,318907930075.712,345672232115.625,365965815820.015,
Tajikistan,TJK,1086567367.91081,860550294.273467,1080774005.56446,1221113794.72523,1554125542.56223,2076148710.31813,2312319579.02843,2830236053.84429,3719497371.09659,5161336170.46084,4979481980.35098,5642221528.67114,6522590720.77739,6972163026.4985,
Turkmenistan,TKM,2450686659.778,2904662604.82053,3534771968.51189,4462028988.72949,5977440582.80171,6838351088.46688,8104355716.8784,10277598152.4249,12664165103.1895,19271445266.8485,20214456140.3509,22148070175.4386,29233333333.3333,35164210526.3158,
Timor-Leste,TLS,,350100000,429700000,426700000,436500000,455500000,479100000,462600000,558700000,693800000,826700000,934300000,1128300000,1293000000,
Tonga,TON,194669501.594647,188623258.458914,167042880.071237,181801946.956512,208098551.915317,240794581.220982,264812953.795424,295998379.120654,301064027.077359,346850175.914555,318522296.093243,369212477.46289,423038016.923815,471575497.307237,
Trinidad and Tobago,TTO,6808976088.59679,8154315708.34826,8824873155.62584,9008273516.35786,11235960523.0869,12884712295.9948,16088526685.8421,18460905284.2745,21735387008.2052,28017710148.1706,19251916757.9409,20667611846.2508,23577857645.1285,23320256742.6171,
Tunisia,TUN,22943685719.103,21473261837.0176,22066031834.2948,23141616604.5242,27453084982.5378,31183059012.4448,32282960678.4888,34377235161.5327,38848711943.7939,44736953169.3856,43607568688.4396,44377742070.7,46434616144.2086,45662043358.0705,
Turkey,TUR,249751470869.15,266567531989.763,196005288838.12,232534560774.947,303005302818.309,392166274991.231,482979839237.868,530900095204.76,647155133931.998,730337495966.193,614553921823.292,731144392556.339,774775177386.146,789257487307.029,
Tuvalu,TUV,13686699.5709539,13741846.5182024,13196230.2126276,15451294.0406177,18230893.0263027,21535706.6386182,21839580.5663688,22903319.50355,27030996.0274377,30290770.2566871,27101312.7916078,31824701.2783331,39313508.6934276,39875708.119439,
Tanzania,TZA,9697847589.16835,10185786170.7327,10383560997.7807,10805600068.704,11659129814.7433,12825801916.6063,14141916592.3846,14331231238.9296,16825547176.0324,20715086118.9064,21368165399.612,22915004297.2183,23874165047.2772,28242425168.1058,
Uganda,UGA,5998563257.94659,6193246632.3273,5840503702.93999,6178563467.08765,6336696288.99935,7940362663.20133,9013834490.38208,9977209198.94291,11916019462.5072,14440417640.883,15803514642.8305,17197111223.1324,16822413295.1344,19881412441.2345,
Ukraine,UKR,31580639053.2013,31261527363.144,38009344576.6088,42392896031.2394,50132953288.203,64883060725.7003,86142018069.3504,107753069306.931,142719009900.99,179992405832.321,117227769791.56,136418622767.355,163422495339.803,176308825694.203,
Upper middle income,UMC,3911115290799.75,4270096102963.02,4274500982145.16,4270025633666.52,4758370319327.51,5624274751051.67,6692691148027.74,7870165220039.07,9691331941470.11,11792808171195.7,11667861349781.5,13996378037006.2,16432622418556.8,17426690361464,
Uruguay,URY,23983945190.6167,22823255805.9664,20898788420.0932,13606494599.021,12045627411.0182,13686333821.7864,17362872709.7496,19579479147.1959,23410536954.8774,30366148247.8894,30229404320.5219,38846222984.5698,46434697450.8674,49919727146.4227,
United States,USA,9665700000000,10289700000000,10625300000000,10980200000000,11512200000000,12277000000000,13095400000000,13857900000000,14480300000000,14720300000000,14417900000000,14958300000000,15533800000000,16244600000000,
Uzbekistan,UZB,17078465982.0282,13760374487.51,11401351420.1718,9687951055.22541,10128112401.4248,12030023547.8807,14307509838.8053,17030896203.1963,22311393927.8817,27934030937.2157,32816828372.9753,39332771014.013,45324317482.0908,51112745668.7163,
St. Vincent and the Grenadines,VCT,331866660.80569,397447006.684536,431017934.980541,462641609.607232,482397041.110191,522544701.882639,551431645.446551,611040126.245679,684691914.814815,699004420.740741,672342406.296296,674762008.518518,687993792.592593,712588888.888889,
"Venezuela, RB",VEN,97974136436.6528,117147614565.563,122909734601.322,92889586976.1833,83622191418.9774,112451400422.982,145513489651.872,183477522123.894,230364012575.687,315600203539.823,329418979506.288,393807511437.279,316482190800.364,381286237847.667,
Virgin Islands (U.S.),VIR,,,,,,,,,,,,,,,
Vietnam,VNM,28683658004.771,33640085727.518,35291349277.3143,37947904054.452,42717072777.5838,49424107709.8946,57633255739.4104,66371664817.0436,77414425532.2452,99130304099.1274,106014600963.957,115931749904.86,135539487317.008,155820001920.492,
Vanuatu,VUT,267999225.256634,272014693.050806,257926881.72043,262603781.799059,314463144.04219,364996869.129618,394962552.336108,437072933.899158,526425740.447881,607983815.257081,610075806.66568,700804045.16412,786294694.25164,787073459.020375,
West Bank and Gaza,PSE,4168899306.51301,4113261232.92671,3332382199.49359,2832538290.42852,3144395542.913,3606871947.80257,4015865743.74699,,,,,,,,
World,WLD,31825126768930.9,32872324986797.4,32678362783846.8,33924664960888.2,38058693029123.6,42826770007282.1,46328508515723.7,50172505567029.2,56488054878408.9,61952359911162.9,58716039506316.4,64081876752375.4,71058486031366.1,72440448832221.3,
Samoa,WSM,230621434.542609,239698992.443325,243324190.253866,256677700.108988,301905953.023492,374507187.856928,412220560.259923,453082900.112909,490916834.706904,573946224.503845,500992499.165598,572160378.287853,630129114.003581,683719606.266704,
"Yemen, Rep.",YEM,7641101221.43876,9636342274.82408,9854042164.67463,10693278291.8149,11777768086.8693,13873500887.5612,16753787028.2859,18941303849.6801,21596088517.0427,26869018825.1218,24581907773.5827,31883409718.7382,31724633891.2004,35645823131.5726,
South Africa,ZAF,133183581578.205,132877640157.574,118478986832.603,111100858130.227,168219325183.617,219092936699.386,247051562311.219,261007039378.852,286171830700.042,273141750192.768,283985548070.365,363240728680.384,401802218556.36,384312674445.534,
"Congo, Dem. Rep.",COD,4711259427.18182,4305296502.02899,4691816666.66667,5544467551.72297,5670128142.39407,6511032844.18882,7191141825.15134,8823784633.01218,10013852848.6836,11675330309.8997,11204008248.8673,13138775753.2026,15700470459.9222,17203980742.5707,
Zambia,ZMB,3131340054.42921,3253551749.72453,3653822711.78246,3711284086.74656,4341841413.82818,5439176375.73615,7178556336.82292,10702200821.6889,11541420981.4946,14640792100.4893,12805029521.6596,16190196832.0872,19204037683.5437,20678025801.9103,
Zimbabwe,ZWE,6858013062.76817,6689957610.05549,6777384732.66549,6342116353.99126,5727591778.02479,5805598442.66676,5755215232.33845,5443896499.71994,5291950101.35736,4415702801.27889,6133240671.86633,7433314459.73933,8865427917.06297,9802360203.02197,
