ABW|1999|1722798882.68156
ABW|2000|1873452513.96648
ABW|2001|1920262569.8324
ABW|2002|1941094972.06704
ABW|2003|2021301675.97765
ABW|2004|2228279329.60894
ABW|2005|2331005586.59218
ABW|2006|2421474860.3352
ABW|2007|2623726256.98324
ABW|2008|2791960893.85475
ABW|2009|2498932960.89385
ABW|2010|2467703910.61453
ABW|2011|2584463687.15084
ABW|2012|
AND|1999|1239840265.63345
AND|2000|1133644294.5425
AND|2001|1264760246.44075
AND|2002|1456198796.29382
AND|2003|1917948475.27513
AND|2004|2322163502.26295
AND|2005|2539759285.92747
AND|2006|2823503852.62328
AND|2007|3245411583.7197
AND|2008|3712034266.50674
AND|2009|
AND|2010|
AND|2011|
AND|2012|
AFG|1999|
AFG|2000|
AFG|2001|2461666314.78366
AFG|2002|4128818042.61749
AFG|2003|4583648921.74369
AFG|2004|5285461998.97866
AFG|2005|6275076015.72254
AFG|2006|7057597615.29559
AFG|2007|9843851008.65578
AFG|2008|10190534636.4958
AFG|2009|12486950468.7364
AFG|2010|15936784436.1811
AFG|2011|17870159081.5143
AFG|2012|20496777409.458
AGO|1999|6152922942.98032
AGO|2000|9129594818.60749
AGO|2001|8936079252.77131
AGO|2002|12497346042.8261
AGO|2003|14188949239.8095
AGO|2004|19640862549.6511
AGO|2005|28233699240.3249
AGO|2006|41789494461.5461
AGO|2007|60448890972.4218
AGO|2008|84178086998.6708
AGO|2009|75492417649.3276
AGO|2010|82470894868.3337
AGO|2011|104115863405.183
AGO|2012|114147030253.231
ALB|1999|3434402453.41057
ALB|2000|3686649387.03405
ALB|2001|4091020249.36656
ALB|2002|4449373455.56632
ALB|2003|5652325081.59963
ALB|2004|7464446950.02559
ALB|2005|8376483740.48289
ALB|2006|9132562332.43024
ALB|2007|10704661570.5584
ALB|2008|12968652890.9091
ALB|2009|12118580597.0542
ALB|2010|11858166294.8409
ALB|2011|12959563902.4015
ALB|2012|12648095824.4086
ARB|1999|628182600846.002
ARB|2000|723694306542.266
ARB|2001|703915275298.082
ARB|2002|713804289586.116
ARB|2003|804100804249.573
ARB|2004|946643582228.887
ARB|2005|1158762407500.52
ARB|2006|1396469740105.35
ARB|2007|1631880343193.5
ARB|2008|2073805224439.72
ARB|2009|1807824851146.26
ARB|2010|2103058392938.17
ARB|2011|2555354699725.03
ARB|2012|
ARE|1999|84445475523.1267
ARE|2000|104337375342.526
ARE|2001|103311643522.893
ARE|2002|109816204634.494
ARE|2003|124346361618.639
ARE|2004|147824374542.517
ARE|2005|180617023539.137
ARE|2006|222105928740.596
ARE|2007|258150041410.76
ARE|2008|314844665222.197
ARE|2009|270334929437.512
ARE|2010|287421927883.393
ARE|2011|348594972517.105
ARE|2012|
ARG|1999|283523000000
ARG|2000|284203750000
ARG|2001|268696750000
ARG|2002|102040286874.385
ARG|2003|129597154256.313
ARG|2004|153129509710.176
ARG|2005|183193418481.532
ARG|2006|214066154250.003
ARG|2007|260768703249.434
ARG|2008|326582808527.135
ARG|2009|307155148184.324
ARG|2010|368736062143.669
ARG|2011|446044143596.268
ARG|2012|475501675472.598
ARM|1999|1845482181.48539
ARM|2000|1911563665.39006
ARM|2001|2118467913.37873
ARM|2002|2376335048.39976
ARM|2003|2807061008.69084
ARM|2004|3576615240.41616
ARM|2005|4900436758.50466
ARM|2006|6384457744.44765
ARM|2007|9206277478.95229
ARM|2008|11662017844.8868
ARM|2009|8648015304.9989
ARM|2010|9260297329.12273
ARM|2011|10142408118.3387
ARM|2012|9950522732.78837
ASM|1999|
ASM|2000|
ASM|2001|
ASM|2002|
ASM|2003|
ASM|2004|
ASM|2005|
ASM|2006|
ASM|2007|
ASM|2008|
ASM|2009|
ASM|2010|
ASM|2011|
ASM|2012|
ATG|1999|651851840.339733
ATG|2000|787693391.348092
ATG|2001|778311556.513781
ATG|2002|806505874.275111
ATG|2003|849234753.890862
ATG|2004|905113766.533633
ATG|2005|1001970945.08233
ATG|2006|1141418339.6196
ATG|2007|1295824296.3001
ATG|2008|1354616665.25926
ATG|2009|1259082071.48148
ATG|2010|1161528615.92593
ATG|2011|1094862187.77778
ATG|2012|1134159259.25926
AUS|1999|388867652588.044
AUS|2000|415208189411.543
AUS|2001|378642266824.085
AUS|2002|394442235244.872
AUS|2003|466663366336.634
AUS|2004|613161189358.372
AUS|2005|693662607126.748
AUS|2006|747463312368.973
AUS|2007|853854910889.534
AUS|2008|1055506156996.89
AUS|2009|926710311519.414
AUS|2010|1141793593834.25
AUS|2011|1386889147177.31
AUS|2012|1532407884934.19
AUT|1999|212301777114.852
AUT|2000|192070749953.934
AUT|2001|191678678299.776
AUT|2002|207537336721.25
AUT|2003|253945776523.702
AUT|2004|291430382497.377
AUT|2005|304983601949.958
AUT|2006|324954402044.306
AUT|2007|375041784029.848
AUT|2008|414171069689.091
AUT|2009|383733743330.143
AUT|2010|375217439473.684
AUT|2011|415611711111.111
AUT|2012|394707863203.908
AZE|1999|4581222442.45783
AZE|2000|5272617196.04517
AZE|2001|5707618246.56848
AZE|2002|6236024951.20423
AZE|2003|7275766111.24309
AZE|2004|8680511918.49357
AZE|2005|13245421880.834
AZE|2006|20982270733.2484
AZE|2007|33049380917.6985
AZE|2008|48852482960.0779
AZE|2009|44291490420.5026
AZE|2010|52905998878.7143
AZE|2011|65952763948.839
AZE|2012|66604589419.4634
BDI|1999|808077223.365746
BDI|2000|870486065.858218
BDI|2001|876794723.02267
BDI|2002|825394484.361648
BDI|2003|784654423.603171
BDI|2004|915257323.428255
BDI|2005|1117254387.10035
BDI|2006|1273180655.19805
BDI|2007|1356078300.12373
BDI|2008|1611634286.34081
BDI|2009|1739781535.88738
BDI|2010|2026864414.46871
BDI|2011|2355652063.58605
BDI|2012|2472384864.13151
BEL|1999|254503515874.707
BEL|2000|232672747374.24
BEL|2001|232485906040.268
BEL|2002|252795031055.901
BEL|2003|311689616252.822
BEL|2004|361683211959.795
BEL|2005|377350395463.364
BEL|2006|399965627160.063
BEL|2007|459618853659.405
BEL|2008|507379060314.205
BEL|2009|473254584680.271
BEL|2010|468078947368.421
BEL|2011|512859722222.222
BEL|2012|483261763949.601
BEN|1999|2488892429.47577
BEN|2000|2359122302.67027
BEN|2001|2499269391.11713
BEN|2002|2807657386.40991
BEN|2003|3557229701.87707
BEN|2004|4050869967.79893
BEN|2005|4358015992.89839
BEN|2006|4705087452.19196
BEN|2007|5506275948.35799
BEN|2008|6633561835.2379
BEN|2009|6585134688.09549
BEN|2010|6558416322.12
BEN|2011|7294900430.89438
BEN|2012|7557286829.00186
BFA|1999|3014665572.20835
BFA|2000|2610959139.40963
BFA|2001|2812845486.44196
BFA|2002|3205592273.18693
BFA|2003|4205691121.78985
BFA|2004|4838551014.48553
BFA|2005|5462709054.77989
BFA|2006|5844669738.11104
BFA|2007|6755823932.79857
BFA|2008|8350710389.31231
BFA|2009|8348156389.07694
BFA|2010|9209288383.08711
BFA|2011|10395757480.2301
BFA|2012|10441012681.1037
BGD|1999|45694072379.3677
BGD|2000|47124925462.1348
BGD|2001|46987842846.553
BGD|2002|47571130071.3913
BGD|2003|51913661485.3195
BGD|2004|56560744012.2303
BGD|2005|60277560975.6098
BGD|2006|61901116736.1525
BGD|2007|68415421372.7194
BGD|2008|79554350677.7438
BGD|2009|89359767441.8605
BGD|2010|100357022443.833
BGD|2011|111879121730.817
BGD|2012|116355057337.05
BGR|1999|13228374466.2635
BGR|2000|12903546765.0859
BGR|2001|13868600709.9324
BGR|2002|15979194511.3144
BGR|2003|20668176833.8431
BGR|2004|25283228366.4529
BGR|2005|28895083539.8005
BGR|2006|33209188738.5365
BGR|2007|42113656147.2255
BGR|2008|51824892678.1841
BGR|2009|48568714011.5163
BGR|2010|47727325908.633
BGR|2011|53544649409.8962
BGR|2012|50972109856.598
BHR|1999|6621186419.41611
BHR|2000|7970690894.22308
BHR|2001|7928934209.57661
BHR|2002|8491183200.55491
BHR|2003|9747599583.42221
BHR|2004|11235671061.4371
BHR|2005|13460198289.6975
BHR|2006|15854942950.6104
BHR|2007|18473097688.7683
BHR|2008|21902892583.9637
BHR|2009|19318822540.6653
BHR|2010|25713571420.9726
BHR|2011|29044457919.7651
BHR|2012|
BHS|1999|6019972000
BHS|2000|6327552000
BHS|2001|6516651000
BHS|2002|6957996000
BHS|2003|6949317000
BHS|2004|7094413000
BHS|2005|7706222000
BHS|2006|7965588000
BHS|2007|8318996000
BHS|2008|8246650000
BHS|2009|7820420000
BHS|2010|7888087000
BHS|2011|7872584000
BHS|2012|8149004000
BIH|1999|4685729742.91939
BIH|2000|5505984455.95855
BIH|2001|5748990554.79945
BIH|2002|6651226179.01829
BIH|2003|8370020196.19158
BIH|2004|10022840634.9206
BIH|2005|10948051122.2738
BIH|2006|12400102623.3083
BIH|2007|15280615815.2554
BIH|2008|18543289394.8472
BIH|2009|17082889409.7592
BIH|2010|16775469777.6516
BIH|2011|18252421794.7156
BIH|2012|17465958605.6645
BLR|1999|12138485328.6267
BLR|2000|12736856485.1068
BLR|2001|12354820143.8849
BLR|2002|14594925392.9691
BLR|2003|17825436034.5366
BLR|2004|23141587717.7633
BLR|2005|30210091836.8294
BLR|2006|36961918858.7385
BLR|2007|45275711995.825
BLR|2008|60763483146.0674
BLR|2009|49271267252.1957
BLR|2010|55220932613.958
BLR|2011|64271575245.4325
BLR|2012|63267017440.3121
BLZ|1999|732607993.768985
BLZ|2000|831750000
BLZ|2001|871840755.396765
BLZ|2002|932676403.181055
BLZ|2003|990350000
BLZ|2004|1057850000
BLZ|2005|1114200000
BLZ|2006|1217450000
BLZ|2007|1290550000
BLZ|2008|1369600000
BLZ|2009|1338500000
BLZ|2010|1397900000
BLZ|2011|1493100000
BLZ|2012|
BMU|1999|3324433000
BMU|2000|3480219000
BMU|2001|3680483000
BMU|2002|3937228000
BMU|2003|4186525000
BMU|2004|4484703000
BMU|2005|4868136000
BMU|2006|5414299000
BMU|2007|5895048000
BMU|2008|6109928000
BMU|2009|5806378000
BMU|2010|5744414000
BMU|2011|5550771000
BMU|2012|5473536000
BOL|1999|8285061618.15839
BOL|2000|8397858184.79382
BOL|2001|8141513292.12402
BOL|2002|7905485216.17852
BOL|2003|8082396525.99433
BOL|2004|8773451738.91129
BOL|2005|9549196255.88892
BOL|2006|11451845341.2441
BOL|2007|13120107687.9377
BOL|2008|16674276951.8438
BOL|2009|17339992165.2422
BOL|2010|19649724655.5819
BOL|2011|23948670617.7235
BOL|2012|27035110130.246
BRA|1999|586862640399.442
BRA|2000|644701831101.394
BRA|2001|553582178386.192
BRA|2002|504221228974.035
BRA|2003|552469288267.793
BRA|2004|663760341880.342
BRA|2005|882185702547.247
BRA|2006|1088916819852.94
BRA|2007|1366853244424.28
BRA|2008|1653538618144.8
BRA|2009|1620165226993.77
BRA|2010|2143035333258.24
BRA|2011|2476652189879.72
BRA|2012|2252664120777.39
BRB|1999|3012031888.84215
BRB|2000|3119500000
BRB|2001|3112350000
BRB|2002|3168600000
BRB|2003|3271200000
BRB|2004|3509700000
BRB|2005|3891500000
BRB|2006|4314050000
BRB|2007|4513250000
BRB|2008|4541550000
BRB|2009|4592650000
BRB|2010|4433700000
BRB|2011|4368900000
BRB|2012|4224850000
BRN|1999|4600000000
BRN|2000|6001153317.86543
BRN|2001|5601090584.36122
BRN|2002|5843329101.97699
BRN|2003|6557333067.38606
BRN|2004|7872333197.25476
BRN|2005|9531402829.84859
BRN|2006|11470703002.0769
BRN|2007|12247627894.6321
BRN|2008|14393099068.5859
BRN|2009|10732435033.6862
BRN|2010|12369708858.9029
BRN|2011|16359795685.7116
BRN|2012|16953952625.403
BTN|1999|419035810.783235
BTN|2000|439158233.475187
BTN|2001|476360697.049551
BTN|2002|537050133.254524
BTN|2003|622026106.84369
BTN|2004|702682018.270426
BTN|2005|818869145.811526
BTN|2006|897672085.755359
BTN|2007|1196090841.36845
BTN|2008|1257480560.88532
BTN|2009|1264686356.65309
BTN|2010|1585319109.1083
BTN|2011|1833738375.8303
BTN|2012|1779561112.28857
BWA|1999|5484263050.39562
BWA|2000|5788311645.24919
BWA|2001|5489646902.56223
BWA|2002|5438856515.10063
BWA|2003|7511538764.70587
BWA|2004|8957491784.92086
BWA|2005|9931223496.1573
BWA|2006|10126990487.9848
BWA|2007|10939028155.3688
BWA|2008|11113042238.1836
BWA|2009|10106837286.0116
BWA|2010|13746712705.5936
BWA|2011|15292424757.1964
BWA|2012|14504339385.9436
CAA|1999|
CAA|2000|
CAA|2001|
CAA|2002|
CAA|2003|
CAA|2004|
CAA|2005|
CAA|2006|
CAA|2007|
CAA|2008|
CAA|2009|
CAA|2010|
CAA|2011|
CAA|2012|
CAF|1999|999477458.730474
CAF|2000|914500331.983723
CAF|2001|931833293.75345
CAF|2002|991387865.044932
CAF|2003|1139754771.91102
CAF|2004|1270080228.23241
CAF|2005|1350300947.46755
CAF|2006|1473721520.69935
CAF|2007|1698125679.65188
CAF|2008|1985370254.96172
CAF|2009|1981728179.49882
CAF|2010|1986014759.19785
CAF|2011|2212696611.84727
CAF|2012|2184181390.99191
CAN|1999|661264723699.266
CAN|2000|724918860682.782
CAN|2001|715423553719.008
CAN|2002|734661951188.428
CAN|2003|865873242452.359
CAN|2004|992226099521.914
CAN|2005|1133759985475.67
CAN|2006|1278610846644.8
CAN|2007|1424065729447.91
CAN|2008|1502678437546.86
CAN|2009|1337577639751.55
CAN|2010|1577040082217.76
CAN|2011|1777788888888.89
CAN|2012|1821424139311.45
CEA|1999|
CEA|2000|
CEA|2001|
CEA|2002|
CEA|2003|
CEA|2004|
CEA|2005|
CEA|2006|
CEA|2007|
CEA|2008|
CEA|2009|
CEA|2010|
CEA|2011|
CEA|2012|
CEU|1999|
CEU|2000|
CEU|2001|
CEU|2002|
CEU|2003|
CEU|2004|
CEU|2005|
CEU|2006|
CEU|2007|
CEU|2008|
CEU|2009|
CEU|2010|
CEU|2011|
CEU|2012|
CHE|1999|273548236722.807
CHE|2000|256042925982.354
CHE|2001|262647169329.818
CHE|2002|286658255888.618
CHE|2003|334574926429.049
CHE|2004|374224186243.667
CHE|2005|384753967478.597
CHE|2006|405183914852.772
CHE|2007|450528109859.46
CHE|2008|524289203562.031
CHE|2009|509467163036.925
CHE|2010|550638974461.538
CHE|2011|657417830723.595
CHE|2012|631173029581.956
CHI|1999|6262740656.85164
CHI|2000|6439703434.71024
CHI|2001|6232906290.4851
CHI|2002|6663669064.7482
CHI|2003|7332244897.95918
CHI|2004|8553643354.08275
CHI|2005|8827272727.27273
CHI|2006|9676172953.08188
CHI|2007|11514605842.3369
CHI|2008|
CHI|2009|
CHI|2010|
CHI|2011|
CHI|2012|
CHL|1999|72995286764.4168
CHL|2000|79328640263.7897
CHL|2001|72336972322.3931
CHL|2002|70984568428.5785
CHL|2003|77840186384.8224
CHL|2004|100630707851.859
CHL|2005|124404150138.162
CHL|2006|154671012210.645
CHL|2007|173081288190.418
CHL|2008|179626662207.089
CHL|2009|171956957320.499
CHL|2010|217556229881.153
CHL|2011|251190792425.367
CHL|2012|269869337788.189
CHN|1999|1083277930359.88
CHN|2000|1198474934198.78
CHN|2001|1324806914358.35
CHN|2002|1453827554714.01
CHN|2003|1640958732775.07
CHN|2004|1931644331142.47
CHN|2005|2256902590825.33
CHN|2006|2712950886698.27
CHN|2007|3494055944791.32
CHN|2008|4521827288303.98
CHN|2009|4991256406734.99
CHN|2010|5930529470799.17
CHN|2011|7321935025069.66
CHN|2012|8227102629831.48
CIV|1999|12556457526.9353
CIV|2000|10417060604.9044
CIV|2001|10545285036.7953
CIV|2002|11486664265.305
CIV|2003|13737482343.3822
CIV|2004|15481092596.4757
CIV|2005|16363437145.2025
CIV|2006|17367303155.9802
CIV|2007|19795705245.3489
CIV|2008|23414253327.8501
CIV|2009|23041633638.2307
CIV|2010|22920779597.555
CIV|2011|24073812829.8934
CIV|2012|24680372724.4372
CLA|1999|
CLA|2000|
CLA|2001|
CLA|2002|
CLA|2003|
CLA|2004|
CLA|2005|
CLA|2006|
CLA|2007|
CLA|2008|
CLA|2009|
CLA|2010|
CLA|2011|
CLA|2012|
CME|1999|
CME|2000|
CME|2001|
CME|2002|
CME|2003|
CME|2004|
CME|2005|
CME|2006|
CME|2007|
CME|2008|
CME|2009|
CME|2010|
CME|2011|
CME|2012|
CMR|1999|10486456218.2642
CMR|2000|9287367568.8254
CMR|2001|9633109256.77677
CMR|2002|10879778327.809
CMR|2003|13621809574.3326
CMR|2004|15775356736.7031
CMR|2005|16587921220.9676
CMR|2006|17953103008.559
CMR|2007|20431779033.658
CMR|2008|23735537026.2769
CMR|2009|22165009362.7864
CMR|2010|22493301699.3672
CMR|2011|25486923058.8757
CMR|2012|25321590401.7168
COG|1999|2353909441.70059
COG|2000|3219910666.0298
COG|2001|2794259756.13093
COG|2002|3019993723.12586
COG|2003|3495868724.65945
COG|2004|4648628839.49057
COG|2005|6087002681.74095
COG|2006|7731261168.83097
COG|2007|8394688589.03459
COG|2008|11859015180.8733
COG|2009|9593536719.0203
COG|2010|12007880067.3847
COG|2011|14425606793.3022
COG|2012|13677928883.6386
COL|1999|86186156584.3817
COL|2000|99886577575.5444
COL|2001|98203544965.2678
COL|2002|97933392356.4253
COL|2003|94684582573.3167
COL|2004|117074865515.279
COL|2005|146520136085.39
COL|2006|162773603929.706
COL|2007|207520149156.402
COL|2008|244056736297.413
COL|2009|234360070287.095
COL|2010|287000940839.272
COL|2011|336559866920.815
COL|2012|369606330701.98
COM|1999|222580461.640908
COM|2000|201899883.626713
COM|2001|220115655.294095
COM|2002|251162420.638592
COM|2003|324470868.885287
COM|2004|362420483.548684
COM|2005|387036131.685576
COM|2006|403179474.351306
COM|2007|464948879.259374
COM|2008|530131963.428658
COM|2009|535199685.948686
COM|2010|543376206.062274
COM|2011|610372697.420461
COM|2012|595900353.493894
CPV|1999|675281384.08379
CPV|2000|604760392.765824
CPV|2001|624141912.607
CPV|2002|679340246.251473
CPV|2003|891375823.855505
CPV|2004|1022562771.13513
CPV|2005|1090445839.27445
CPV|2006|1236876851.37206
CPV|2007|1513934037.7149
CPV|2008|1789332787.69837
CPV|2009|1711816592.9548
CPV|2010|1664310632.03162
CPV|2011|1864823990.9938
CPV|2012|1827021561.6512
CRI|1999|15796567138.0566
CRI|2000|15946443103.2804
CRI|2001|16403602943.4123
CRI|2002|16844378578.178
CRI|2003|17517536016.1874
CRI|2004|18596365926.8535
CRI|2005|19964893807.3935
CRI|2006|22526464409.0829
CRI|2007|26321999607.4464
CRI|2008|29831164925.0537
CRI|2009|29382590137.6267
CRI|2010|36298327620.413
CRI|2011|41032245031.148
CRI|2012|45103963693.4823
CSA|1999|
CSA|2000|
CSA|2001|
CSA|2002|
CSA|2003|
CSA|2004|
CSA|2005|
CSA|2006|
CSA|2007|
CSA|2008|
CSA|2009|
CSA|2010|
CSA|2011|
CSA|2012|
CSS|1999|29613300890.0765
CSS|2000|32260464990.4301
CSS|2001|33117733166.3116
CSS|2002|34929021599.5101
CSS|2003|37401879065.5924
CSS|2004|40740375080.6179
CSS|2005|46555084823.0759
CSS|2006|52432657466.6477
CSS|2007|58340155247.8437
CSS|2008|66571021788.9852
CSS|2009|55998821214.2746
CSS|2010|59193743656.2648
CSS|2011|63696134954.6894
CSS|2012|64932526224.649
CUB|1999|28365300000
CUB|2000|30565200000
CUB|2001|31683300000
CUB|2002|33590400000
CUB|2003|35901500000
CUB|2004|38202800000
CUB|2005|42644200000
CUB|2006|52742100000
CUB|2007|58603500000
CUB|2008|60806200000
CUB|2009|62078610000
CUB|2010|64328220000
CUB|2011|68233900000
CUB|2012|
CUW|1999|
CUW|2000|
CUW|2001|
CUW|2002|
CUW|2003|
CUW|2004|
CUW|2005|
CUW|2006|
CUW|2007|
CUW|2008|
CUW|2009|
CUW|2010|
CUW|2011|
CUW|2012|
CYM|1999|
CYM|2000|
CYM|2001|
CYM|2002|
CYM|2003|
CYM|2004|
CYM|2005|
CYM|2006|
CYM|2007|
CYM|2008|
CYM|2009|
CYM|2010|
CYM|2011|
CYM|2012|
CYP|1999|9776223013.13328
CYP|2000|9314937556.47906
CYP|2001|9679304970.56184
CYP|2002|10557366161.9634
CYP|2003|13319544758.4518
CYP|2004|15816972050.6976
CYP|2005|16997801392.3755
CYP|2006|18435765910.0111
CYP|2007|21841815680.8803
CYP|2008|25321517504.0281
CYP|2009|23542650736.3156
CYP|2010|23132450331.1258
CYP|2011|24851264943.0081
CYP|2012|22766912960
CZE|1999|62165739783.1888
CZE|2000|58807244367.8667
CZE|2001|64375288106.7769
CZE|2002|78425201660.6299
CZE|2003|95292530752.5967
CZE|2004|113976672924.834
CZE|2005|130052420701.169
CZE|2006|148345088495.575
CZE|2007|180511237062.592
CZE|2008|225448799062.683
CZE|2009|197218205666.317
CZE|2010|198475392670.157
CZE|2011|216011355932.203
CZE|2012|196446226535.564
DEU|1999|2131046239079.48
DEU|2000|1886401326699.83
DEU|2001|1880894854586.13
DEU|2002|2006587615283.27
DEU|2003|2423814898419.86
DEU|2004|2726341472500.05
DEU|2005|2766253792966.22
DEU|2006|2902748698160.05
DEU|2007|3323807412152.12
DEU|2008|3623686234298.9
DEU|2009|3298219195018.91
DEU|2010|3282894736842.11
DEU|2011|3624861111111.11
DEU|2012|3428130624839.29
DJI|1999|536080169.085534
DJI|2000|551230861.856505
DJI|2001|572417440.820162
DJI|2002|591122039.601398
DJI|2003|622044665.515049
DJI|2004|666072101.777505
DJI|2005|708633194.726566
DJI|2006|768873684.032838
DJI|2007|847918929.107984
DJI|2008|
DJI|2009|
DJI|2010|
DJI|2011|
DJI|2012|
DMA|1999|267740736.012269
DMA|2000|324463833.158651
DMA|2001|330949849.71077
DMA|2002|326998081.262043
DMA|2003|340803912.870075
DMA|2004|366976849.444881
DMA|2005|361615917.777778
DMA|2006|382299140.37037
DMA|2007|418759930
DMA|2008|462166696.296296
DMA|2009|481257770.37037
DMA|2010|471851098.518519
DMA|2011|484137160
DMA|2012|479688888.888889
DNK|1999|173944697686.42
DNK|2000|160082517845.876
DNK|2001|160476161868.602
DNK|2002|173880831443.88
DNK|2003|212621855882.933
DNK|2004|244727978020.584
DNK|2005|257675536234.494
DNK|2006|274376889678.112
DNK|2007|311417601998.641
DNK|2008|343881383958.432
DNK|2009|310544743670.337
DNK|2010|313365836298.932
DNK|2011|333616014897.579
DNK|2012|314887354337.505
DOM|1999|21709041189.3244
DOM|2000|23996656675.8335
DOM|2001|24894907435.1447
DOM|2002|26570402718.796
DOM|2003|21268012747.2709
DOM|2004|22163928096.993
DOM|2005|33969724872.4638
DOM|2006|35965041793.3794
DOM|2007|41320700932.7124
DOM|2008|45796188394.2534
DOM|2009|46768400362.8292
DOM|2010|51748279416.0089
DOM|2011|55737254720.2693
DOM|2012|59047202157.8071
DZA|1999|48640613515.0702
DZA|2000|54790058957.3718
DZA|2001|54744716706.3542
DZA|2002|56760288961.5829
DZA|2003|67863832648.2897
DZA|2004|85324997369.5015
DZA|2005|103198650297.779
DZA|2006|117026655313.743
DZA|2007|134977867931.582
DZA|2008|171000162581.484
DZA|2009|137211795394.166
DZA|2010|161207304960.455
DZA|2011|199070864637.558
DZA|2012|205788796017.176
EAP|1999|1563684578670.69
EAP|2000|1723331027476.91
EAP|2001|1834800286207.77
EAP|2002|2028376388454.26
EAP|2003|2291329269709.6
EAP|2004|2657120503491.92
EAP|2005|3071986458870.19
EAP|2006|3693409076726.33
EAP|2007|4663846413843.65
EAP|2008|5895919127378.94
EAP|2009|6361285653433.08
EAP|2010|7628872739282.86
EAP|2011|9293696379833.94
EAP|2012|10329684161087.2
EAS|1999|7468396483838.4
EAS|2000|8079343750295.35
EAS|2001|7512606988331.33
EAS|2002|7630356373356.28
EAS|2003|8386861477495.24
EAS|2004|9403408683790.36
EAS|2005|10002138446365.1
EAS|2006|10606438006372
EAS|2007|11870900280893.1
EAS|2008|13701778731459.2
EAS|2009|14096676032746.5
EAS|2010|16340490351951
EAS|2011|18862899658956.3
EAS|2012|20185399787693.4
ECA|1999|471906895744.898
ECA|2000|477320798054.707
ECA|2001|433723364156.797
ECA|2002|506980291604.394
ECA|2003|644537169638.04
ECA|2004|821542250665.207
ECA|2005|1005860099754.73
ECA|2006|1160441270987.2
ECA|2007|1468335469058.96
ECA|2008|1751201874812.26
ECA|2009|1456311523672.03
ECA|2010|1646864368058.39
ECA|2011|1852193840043.92
ECA|2012|1887950236693.94
ECS|1999|10216593379622.1
ECS|2000|9610784084972.94
ECS|2001|9713944535476.13
ECS|2002|10633848582609.8
ECS|2003|12969413734175
ECS|2004|15123291592267.9
ECS|2005|16108955756440.4
ECS|2006|17438714276917.3
ECS|2007|20393504316993.5
ECS|2008|22403491458114.4
ECS|2009|19675981648316.8
ECS|2010|20094714343235.8
ECS|2011|22245452803216.7
ECS|2012|21394001022965.3
ECU|1999|19017141056.737
ECU|2000|18327386415.9524
ECU|2001|24468324000
ECU|2002|28548945000
ECU|2003|32432859000
ECU|2004|36591661000
ECU|2005|41507085000
ECU|2006|46802044000
ECU|2007|51007777000
ECU|2008|61762635000
ECU|2009|62519686000
ECU|2010|67513698000
ECU|2011|76769729000
ECU|2012|84039856000
EGY|1999|90710703939.4609
EGY|2000|99838540997.3209
EGY|2001|97632008050.9425
EGY|2002|87850680572.7894
EGY|2003|82923680621.5433
EGY|2004|78845185709.4117
EGY|2005|89685724889.1628
EGY|2006|107484034648.245
EGY|2007|130477817194.412
EGY|2008|162818181818.182
EGY|2009|188984088127.295
EGY|2010|218887812549.851
EGY|2011|236000735704.439
EGY|2012|262831912586.538
EMU|1999|6871154297099.95
EMU|2000|6255670914988.29
EMU|2001|6347407693285.21
EMU|2002|6907281295058.99
EMU|2003|8528503127605.98
EMU|2004|9771325550061.92
EMU|2005|10142540466584.9
EMU|2006|10756733219803.9
EMU|2007|12368991707861.3
EMU|2008|13543015633186.3
EMU|2009|12393437084001.1
EMU|2010|12063209775681.1
EMU|2011|13089109067681
EMU|2012|12192343850981.6
ERI|1999|688921325.712043
ERI|2000|706370812.289102
ERI|2001|752368494.461829
ERI|2002|729321364.095048
ERI|2003|870247701.706937
ERI|2004|1109054002.42096
ERI|2005|1098425899.89884
ERI|2006|1211161879.50862
ERI|2007|1317974493.40894
ERI|2008|1380188800.03147
ERI|2009|1856695550.46865
ERI|2010|2117039510.70194
ERI|2011|2607739837.39837
ERI|2012|3091837398.37398
ESP|1999|617879821010.015
ESP|2000|580345494748.48
ESP|2001|608856375838.926
ESP|2002|686295878035.008
ESP|2003|883839729119.639
ESP|2004|1044612070303.53
ESP|2005|1130798885738.45
ESP|2006|1236352163544.47
ESP|2007|1441426534070.22
ESP|2008|1593420002197.24
ESP|2009|1454336570613.31
ESP|2010|1375815789473.68
ESP|2011|1453231944444.44
ESP|2012|1322964772435.07
EST|1999|5709010492.22246
EST|2000|5675174661.87581
EST|2001|6237914200.44743
EST|2002|7318186726.89629
EST|2003|9840743037.24605
EST|2004|12025943709.9948
EST|2005|13905561150.0771
EST|2006|16798495347.749
EST|2007|21993658963.8097
EST|2008|23781539698.9783
EST|2009|19406626721.3823
EST|2010|18909381436.8421
EST|2011|22522780937.5
EST|2012|22390242608.6398
ETH|1999|7827068144.67499
ETH|2000|8098332674.24419
ETH|2001|8087434751.60218
ETH|2002|7713652567.94733
ETH|2003|8473013232.57614
ETH|2004|9954110936.45253
ETH|2005|12184372696.7078
ETH|2006|15013683854.4699
ETH|2007|18991907676.2428
ETH|2008|25608626476.0357
ETH|2009|28194270371.1621
ETH|2010|26311310604.9888
ETH|2011|29946934090.4379
ETH|2012|41605361646.0594
EUU|1999|9190466744212.17
EUU|2000|8523852162797.44
EUU|2001|8625481689192.87
EUU|2002|9407825134298.11
EUU|2003|11470725498590.2
EUU|2004|13245724898125.5
EUU|2005|13851075352639.1
EUU|2006|14771472082686.4
EUU|2007|17080539537555.7
EUU|2008|18376644615670.7
EUU|2009|16410415500886.8
EUU|2010|16252108894597.1
EUU|2011|17683537854090
EUU|2012|16687289726401
FIN|1999|130322821223.098
FIN|2000|121793808734.107
FIN|2001|124642505592.841
FIN|2002|135183512140.034
FIN|2003|164256207674.944
FIN|2004|189064585622.668
FIN|2005|195777993334.328
FIN|2006|207949409201.133
FIN|2007|246127357186.459
FIN|2008|271974219064.709
FIN|2009|239382754295.034
FIN|2010|235163157894.737
FIN|2011|262054166666.667
FIN|2012|247545641553.098
FJI|1999|1942170999.18765
FJI|2000|1684109743.49338
FJI|2001|1660102345.60309
FJI|2002|1842691481.09196
FJI|2003|2315935752.71653
FJI|2004|2727507212.92556
FJI|2005|3006725014.78415
FJI|2006|3103099942.22992
FJI|2007|3405050611.68726
FJI|2008|3629936625.46276
FJI|2009|2925499821.03595
FJI|2010|3225095136.31862
FJI|2011|3753485389.24827
FJI|2012|3907563304.51103
FRA|1999|1456431067547.41
FRA|2000|1326334899576.19
FRA|2001|1338302818791.95
FRA|2002|1452030303030.3
FRA|2003|1792214221218.96
FRA|2004|2055678853687.46
FRA|2005|2136555489230.46
FRA|2006|2255705477450.04
FRA|2007|2582389733356.33
FRA|2008|2831794045482.84
FRA|2009|2619685000757.11
FRA|2010|2548315434210.53
FRA|2011|2779719500000
FRA|2012|2612878387760.35
FRO|1999|1125684470.05533
FRO|2000|1062339943.83343
FRO|2001|1154899793.33878
FRO|2002|1268445919.41429
FRO|2003|1486861878.95624
FRO|2004|1683997930.26322
FRO|2005|1730894295.38595
FRO|2006|1970135198.76236
FRO|2007|2278229880.41222
FRO|2008|2412859692.82674
FRO|2009|2198138372.28824
FRO|2010|
FRO|2011|
FRO|2012|
FSM|1999|220660503.948872
FSM|2000|233226322.838293
FSM|2001|240051900.024223
FSM|2002|241543395.823377
FSM|2003|244990983.604501
FSM|2004|239563310.439243
FSM|2005|249845592.623945
FSM|2006|252991205.003248
FSM|2007|255890836.379155
FSM|2008|261339642.362797
FSM|2009|277510922.800969
FSM|2010|294117230.497109
FSM|2011|310287519.271915
FSM|2012|326160960.784002
GAB|1999|4662991794.05396
GAB|2000|5067865502.79988
GAB|2001|4712849279.64923
GAB|2002|4931503836.34766
GAB|2003|6054883172.03912
GAB|2004|7178135606.41428
GAB|2005|8665736617.5506
GAB|2006|9545982814.08494
GAB|2007|11570860872.2274
GAB|2008|15685389826.8882
GAB|2009|12031268402.3877
GAB|2010|14507032805.9824
GAB|2011|18759558560.4601
GAB|2012|18377083881.0055
GBR|1999|1518173434719.3
GBR|2000|1493628385534.88
GBR|2001|1485147545703.18
GBR|2002|1620900779376.5
GBR|2003|1875141224489.8
GBR|2004|2220820974770.22
GBR|2005|2321359350397.64
GBR|2006|2483008793218.61
GBR|2007|2857080828857.96
GBR|2008|2687796663762.07
GBR|2009|2208002878867.89
GBR|2010|2285561538461.54
GBR|2011|2478930645161.29
GBR|2012|2471783570300.16
GEO|1999|2800024342.13492
GEO|2000|3057453460.84975
GEO|2001|3219487823.04872
GEO|2002|3395778661.40362
GEO|2003|3991374539.82055
GEO|2004|5125273877.24618
GEO|2005|6411147323.20169
GEO|2006|7761900179.11307
GEO|2007|10172260738.4907
GEO|2008|12799337249.9695
GEO|2009|10766836276.5639
GEO|2010|11638236642.8476
GEO|2011|14434619972.4072
GEO|2012|15747288816.1881
GHA|1999|7718110780.94815
GHA|2000|4982849054.0291
GHA|2001|5314871683.5223
GHA|2002|6166197191.76694
GHA|2003|7632720680.28119
GHA|2004|8881419348.21594
GHA|2005|10731883141.4457
GHA|2006|20410239313.1135
GHA|2007|24757608488.0145
GHA|2008|28528016511.3477
GHA|2009|25978563316.2976
GHA|2010|32174210792.9631
GHA|2011|39564970069.7821
GHA|2012|40710781538.5757
GIN|1999|3461282189.69643
GIN|2000|2995360969.17427
GIN|2001|2833442750.41891
GIN|2002|2949637039.06356
GIN|2003|3446442218.89829
GIN|2004|3666349049.40435
GIN|2005|2937072009.03751
GIN|2006|2821346683.52022
GIN|2007|4134173271.02524
GIN|2008|4515824643.35277
GIN|2009|4609923720.1802
GIN|2010|4735956475.83803
GIN|2011|5067360041.10885
GIN|2012|5631621297.8898
GMB|1999|814724059.790335
GMB|2000|782913866.095892
GMB|2001|687410628.644624
GMB|2002|578235309.763014
GMB|2003|487038678.244965
GMB|2004|578785600.648136
GMB|2005|624173996.312708
GMB|2006|655068112.286777
GMB|2007|798869805.089884
GMB|2008|965771303.038565
GMB|2009|900629372.999551
GMB|2010|951805801.354012
GMB|2011|898282865.871322
GMB|2012|917292053.029626
GNB|1999|224446652.141584
GNB|2000|361858968.13199
GNB|2001|384270399.55365
GNB|2002|406669723.434693
GNB|2003|465414407.988807
GNB|2004|522651787.703763
GNB|2005|572853553.530448
GNB|2006|578517348.941903
GNB|2007|690721769.225811
GNB|2008|842890956.086099
GNB|2009|832530156.75007
GNB|2010|835390892.988319
GNB|2011|967762548.677982
GNB|2012|822321032.405318
GNQ|1999|872016821.395879
GNQ|2000|1242848857.35322
GNQ|2001|1736116148.88788
GNQ|2002|2146760313.95481
GNQ|2003|2952359369.91398
GNQ|2004|5240842261.15571
GNQ|2005|8217368425.2764
GNQ|2006|7765111493.54484
GNQ|2007|10304490483.0189
GNQ|2008|15471010922.6482
GNQ|2009|10356293894.4756
GNQ|2010|12261420852.3549
GNQ|2011|16806886027.9694
GNQ|2012|17697394251.2135
GRC|1999|133187471440.326
GRC|2000|124418164455.203
GRC|2001|129841697351.145
GRC|2002|146050256230.414
GRC|2003|192850219244.135
GRC|2004|227950420085.709
GRC|2005|240075690332.289
GRC|2006|261713232775.632
GRC|2007|305431771154.799
GRC|2008|341593975533.013
GRC|2009|321016154721.238
GRC|2010|292304602598.684
GRC|2011|289627362870.833
GRC|2012|249098684277.449
GRD|1999|379629397.739948
GRD|2000|523256354.907108
GRD|2001|523279846.425211
GRD|2002|544381961.645127
GRD|2003|596339088.690494
GRD|2004|600014340.551513
GRD|2005|700431791.333632
GRD|2006|704762535.923815
GRD|2007|763824454.880744
GRD|2008|832339701.300351
GRD|2009|775507460.748489
GRD|2010|783602099.124051
GRD|2011|816054406.662033
GRD|2012|766510727.203673
GRL|1999|1131555107.04907
GRL|2000|1068024993.98697
GRL|2001|1086170638.72901
GRL|2002|1169136691.35372
GRL|2003|1426452030.10471
GRL|2004|1644951892.18151
GRL|2005|1702543476.55709
GRL|2006|1738432116.43728
GRL|2007|2121759848.4242
GRL|2008|1739579593.56673
GRL|2009|1267711816.12426
GRL|2010|
GRL|2011|
GRL|2012|
GTM|1999|18317089473.0904
GTM|2000|19290566570.0483
GTM|2001|18702820735.0173
GTM|2002|20776536919.9593
GTM|2003|21917565499.915
GTM|2004|23965280312.0871
GTM|2005|27211230373.8306
GTM|2006|30231130542.9832
GTM|2007|34113106486.1272
GTM|2008|39136286496.2176
GTM|2009|37733791088.9585
GTM|2010|41338161799.1082
GTM|2011|47688885121.1624
GTM|2012|50233749190.986
GUM|1999|
GUM|2000|
GUM|2001|
GUM|2002|
GUM|2003|
GUM|2004|
GUM|2005|
GUM|2006|
GUM|2007|
GUM|2008|
GUM|2009|
GUM|2010|
GUM|2011|
GUM|2012|
GUY|1999|694754983.970153
GUY|2000|712667925.076665
GUY|2001|696281468.795938
GUY|2002|722460911.622513
GUY|2003|741929343.015696
GUY|2004|785918769.749001
GUY|2005|824880550.343965
GUY|2006|1458449057.88559
GUY|2007|1740335068.52925
GUY|2008|1922597806.51498
GUY|2009|2025565089.48272
GUY|2010|2259288026.41972
GUY|2011|2576731667.32023
GUY|2012|2850572407.04501
HIC|1999|26578962966950.4
HIC|2000|27198231191532.2
HIC|2001|26984790767472
HIC|2002|28135091079411.8
HIC|2003|31567039712812.2
HIC|2004|35221379160222.5
HIC|2005|37359335467915.1
HIC|2006|39616807105234.5
HIC|2007|43500850906009.3
HIC|2008|46466022521414.5
HIC|2009|43259179599420.8
HIC|2010|45518176242171
HIC|2011|49486948217608
HIC|2012|49717633852979.6
HKG|1999|165768095391.557
HKG|2000|171668164082.555
HKG|2001|169403241524.337
HKG|2002|166349228737.386
HKG|2003|161384522525.299
HKG|2004|169099768875.193
HKG|2005|181570082162.19
HKG|2006|193536265094.364
HKG|2007|211597405593.868
HKG|2008|219279678430.164
HKG|2009|214046415026.187
HKG|2010|228695747309.89
HKG|2011|248725976361.768
HKG|2012|263259372904.956
HND|1999|5372543554.00697
HND|2000|7105541205.28208
HND|2001|7566501475.58875
HND|2002|7776438040.83046
HND|2003|8140284928.6804
HND|2004|8772167983.07235
HND|2005|9672095583.97918
HND|2006|10841723354.4201
HND|2007|12275493958.7643
HND|2008|13789727209.7482
HND|2009|14486137413.5391
HND|2010|15729644901.1459
HND|2011|17588097149.7523
HND|2012|18434022403.2587
HPC|1999|142240416976.079
HPC|2000|138443759592.489
HPC|2001|142598501401.198
HPC|2002|153890818089.283
HPC|2003|175431180293.718
HPC|2004|202096207428.844
HPC|2005|230443149242.858
HPC|2006|274700025382.719
HPC|2007|327319085797.818
HPC|2008|393030707707.794
HPC|2009|389926115739.402
HPC|2010|430721834911
HPC|2011|479713665743.987
HPC|2012|509772655100.889
HRV|1999|23077661293.6429
HRV|2000|21517784659.0236
HRV|2001|23052044812.5637
HRV|2002|26524896398.2367
HRV|2003|34143409062.0433
HRV|2004|41003558915.6986
HRV|2005|44821408830.9352
HRV|2006|49855078905.4812
HRV|2007|59335976948.2105
HRV|2008|69595272329.4363
HRV|2009|62244202546.9806
HRV|2010|58873839434.9834
HRV|2011|61789184183.8732
HRV|2012|59228247410.9818
HTI|1999|4088703119.65814
HTI|2000|3664503845.56892
HTI|2001|3507981945.53618
HTI|2002|3214632478.63248
HTI|2003|2826481071.96147
HTI|2004|3660483885.68707
HTI|2005|4154289832.39201
HTI|2006|4879738635.95586
HTI|2007|5971284337.50737
HTI|2008|6407707284.45521
HTI|2009|6470254240.08231
HTI|2010|6634579143.36112
HTI|2011|7346156702.64438
HTI|2012|7843484458.14557
HUN|1999|48255011859.791
HUN|2000|46385589533.8363
HUN|2001|52720966883.3719
HUN|2002|66389489264.3391
HUN|2003|83538373060.6906
HUN|2004|101925734602.027
HUN|2005|110321711572.908
HUN|2006|112533152716.384
HUN|2007|136102020866.708
HUN|2008|154233541852.268
HUN|2009|126631684032.783
HUN|2010|127503279792.248
HUN|2011|137448696906.396
HUN|2012|124600486886.062
IDN|1999|140001352527.221
IDN|2000|165021012261.509
IDN|2001|160446947638.313
IDN|2002|195660611033.849
IDN|2003|234772458818.096
IDN|2004|256836883304.553
IDN|2005|285868610016.591
IDN|2006|364570525997.054
IDN|2007|432216737774.861
IDN|2008|510244548959.967
IDN|2009|539579959052.699
IDN|2010|709190822690.739
IDN|2011|846341443778.42
IDN|2012|878043027881.581
IMN|1999|1567465656.8505
IMN|2000|1563667799.61578
IMN|2001|1614595290.9182
IMN|2002|1897606791.43353
IMN|2003|2264911806.90354
IMN|2004|2758117365.04863
IMN|2005|2915710378.28299
IMN|2006|3437450711.55028
IMN|2007|4075664785.25458
IMN|2008|
IMN|2009|
IMN|2010|
IMN|2011|
IMN|2012|
IND|1999|466867079633.084
IND|2000|476609148198.006
IND|2001|493954333968.756
IND|2002|523968561871.528
IND|2003|618356467439.203
IND|2004|721585608172.395
IND|2005|834215013542.689
IND|2006|949116769688.063
IND|2007|1238700195724.53
IND|2008|1224095295076.86
IND|2009|1365372433271.74
IND|2010|1710908768959.8
IND|2011|1872840195945.11
IND|2012|1841709755679.17
INX|1999|
INX|2000|
INX|2001|
INX|2002|
INX|2003|
INX|2004|
INX|2005|
INX|2006|
INX|2007|
INX|2008|
INX|2009|
INX|2010|
INX|2011|
INX|2012|
IRL|1999|96584799614.3192
IRL|2000|97331522051.7782
IRL|2001|105166579627.74
IRL|2002|123016253872.577
IRL|2003|158730360073.363
IRL|2004|186281307557.443
IRL|2005|202577741640.551
IRL|2006|222762911715.744
IRL|2007|259574153791.618
IRL|2008|264034092036.474
IRL|2009|225442965634.173
IRL|2010|208022028243.421
IRL|2011|225832965850
IRL|2012|210771406835.948
IRN|1999|104656040167.701
IRN|2000|101286514977.457
IRN|2001|115438386681.929
IRN|2002|116420833373.676
IRN|2003|135409681532.108
IRN|2004|163226579221.096
IRN|2005|192014940324.054
IRN|2006|222880533511.287
IRN|2007|286057933325.518
IRN|2008|355988367221.614
IRN|2009|362661111280.071
IRN|2010|422567967404.512
IRN|2011|514059508513.901
IRN|2012|
IRQ|1999|17942362576.0649
IRQ|2000|25857106735.7513
IRQ|2001|18936094867.8072
IRQ|2002|18969591211.0373
IRQ|2003|
IRQ|2004|25509364916.0308
IRQ|2005|36743640204.0491
IRQ|2006|65141035027.9406
IRQ|2007|88837727881.3965
IRQ|2008|131611819294.275
IRQ|2009|111659988888.889
IRQ|2010|135488471367.521
IRQ|2011|180606795373.675
IRQ|2012|210279947255.575
ISL|1999|8742600398.27028
ISL|2000|8697298233.82009
ISL|2001|7922983042.66068
ISL|2002|8907207933.02983
ISL|2003|10969898924.0637
ISL|2004|13251434311.4214
ISL|2005|16286323127.4323
ISL|2006|16651492783.5423
ISL|2007|20428232684.2713
ISL|2008|16832079676.5244
ISL|2009|12115478892.436
ISL|2010|12564891657.7225
ISL|2011|14046371409.9267
ISL|2012|13578943166.6464
ISR|1999|110794986859.074
ISR|2000|124895151203.002
ISR|2001|122940533086.05
ISR|2002|112974376292.794
ISR|2003|118673283414.945
ISR|2004|126571173583.222
ISR|2005|133959001782.531
ISR|2006|145479599622.963
ISR|2007|167111803510.138
ISR|2008|201661649944.259
ISR|2009|194866363197.111
ISR|2010|231674511901.578
ISR|2011|258216880939.072
ISR|2012|
ITA|1999|1208180354708.08
ITA|2000|1104009462562.19
ITA|2001|1123702691037.14
ITA|2002|1225176959595.33
ITA|2003|1514503536381.49
ITA|2004|1735521503771.58
ITA|2005|1786275014006.62
ITA|2006|1872982702430.31
ITA|2007|2127180496503.06
ITA|2008|2307311493054.53
ITA|2009|2111148008711.62
ITA|2010|2041954747600
ITA|2011|2195014082352.78
ITA|2012|2014669579719.72
JAM|1999|8830909008.27052
JAM|2000|9008629729.41031
JAM|2001|9104515930.20984
JAM|2002|9718989516.70522
JAM|2003|9430236065.12236
JAM|2004|10173234921.1116
JAM|2005|11075778481.0127
JAM|2006|11903020643.5944
JAM|2007|12820055024.6163
JAM|2008|13676837630.2798
JAM|2009|12043372132.4443
JAM|2010|13202998397.8027
JAM|2011|14402486059.4796
JAM|2012|14755051129.3404
JOR|1999|8147494328.76279
JOR|2000|8457923945.44009
JOR|2001|8972965061.21159
JOR|2002|9580161951.38579
JOR|2003|10193023726.2151
JOR|2004|11407566660.2844
JOR|2005|12582876895.2338
JOR|2006|15056937190.1336
JOR|2007|17110610000.1257
JOR|2008|21971835255.5528
JOR|2009|23820013058.6156
JOR|2010|26425379366.6132
JOR|2011|28840197018.7628
JOR|2012|31015239496.4411
JPN|1999|4432599282922.53
JPN|2000|4731198760271.14
JPN|2001|4159859918093.56
JPN|2002|3980819536159.76
JPN|2003|4302939184963.79
JPN|2004|4655803055650.55
JPN|2005|4571875737175.42
JPN|2006|4356761451087.28
JPN|2007|4356329296669.33
JPN|2008|4849208099923.57
JPN|2009|5035141567658.9
JPN|2010|5495379357484.62
JPN|2011|5896794887858.66
JPN|2012|5959718262199.13
KAZ|1999|16870817134.7767
KAZ|2000|18291990619.137
KAZ|2001|22152689129.5583
KAZ|2002|24636598581.0204
KAZ|2003|30833692831.3955
KAZ|2004|43151647002.6096
KAZ|2005|57123671733.8952
KAZ|2006|81003864915.5437
KAZ|2007|104849915343.555
KAZ|2008|133441649221.732
KAZ|2009|115308687201.97
KAZ|2010|148052371903.631
KAZ|2011|188049986359.296
KAZ|2012|203520610287.707
KEN|1999|12896010520.4958
KEN|2000|12705350153.4012
KEN|2001|12985991722.969
KEN|2002|13147736954.17
KEN|2003|14904504019.398
KEN|2004|16095321630.6659
KEN|2005|18737895400.78
KEN|2006|22504136042.2252
KEN|2007|27236739895.9373
KEN|2008|30465489796.0539
KEN|2009|30580367979.309
KEN|2010|32198151217.2214
KEN|2011|33620684015.8403
KEN|2012|40697163224.2519
KGZ|1999|1249062025.13805
KGZ|2000|1369691955.02213
KGZ|2001|1525113501.11034
KGZ|2002|1605640633.42189
KGZ|2003|1919012780.97086
KGZ|2004|2211535311.62834
KGZ|2005|2459876151.9333
KGZ|2006|2834168889.42019
KGZ|2007|3802566170.81543
KGZ|2008|5139957784.91084
KGZ|2009|4690029460.84784
KGZ|2010|4794361821.20611
KGZ|2011|6198838460.02869
KGZ|2012|6474843799.06064
KHM|1999|3517242477.23368
KHM|2000|3654031716.27649
KHM|2001|3979813387.83958
KHM|2002|4284028138.34851
KHM|2003|4658246906.65795
KHM|2004|5337833255.9454
KHM|2005|6293046162.11399
KHM|2006|7274424518.56764
KHM|2007|8639164917.03737
KHM|2008|10351829065.6013
KHM|2009|10401935531.8245
KHM|2010|11242266333.9246
KHM|2011|12829541141.0175
KHM|2012|14038383450.1945
KIR|1999|70596128.7050497
KIR|2000|67512714.5176252
KIR|2001|63101272.3699183
KIR|2002|72259045.9632728
KIR|2003|90148518.0621311
KIR|2004|102220914.840418
KIR|2005|106147384.4979
KIR|2006|104668674.698795
KIR|2007|123005089.649373
KIR|2008|135044455.62825
KIR|2009|127125253.470597
KIR|2010|150431113.557145
KIR|2011|172253739.040743
KIR|2012|174984468.834127
KNA|1999|305008729.111103
KNA|2000|416566954.43505
KNA|2001|455905601.704812
KNA|2002|478067954.111618
KNA|2003|461576906.469689
KNA|2004|497548516.54631
KNA|2005|536410666.378498
KNA|2006|629511777.660199
KNA|2007|689461859.082924
KNA|2008|740102893.740741
KNA|2009|688867558.148148
KNA|2010|675553707.777778
KNA|2011|699130559.62963
KNA|2012|767000000
KOR|1999|445399303511.045
KOR|2000|533384027728.655
KOR|2001|504585783003.741
KOR|2002|575928909990.488
KOR|2003|643762388701.001
KOR|2004|721975255823.7
KOR|2005|844863004335.43
KOR|2006|951773478984.908
KOR|2007|1049235951186.97
KOR|2008|931402204981.625
KOR|2009|834060441840.978
KOR|2010|1014890141871.14
KOR|2011|1114471962886.14
KOR|2012|1129598273324.48
KSV|1999|
KSV|2000|1849196082.05507
KSV|2001|2535333631.88536
KSV|2002|2702427046.9355
KSV|2003|3355083116.58939
KSV|2004|3639935347.50715
KSV|2005|3743116980.19185
KSV|2006|3918176307.9609
KSV|2007|4743437688.75329
KSV|2008|5771473141.64198
KSV|2009|5634824257.47516
KSV|2010|5750799436.89847
KSV|2011|6636703417.89962
KSV|2012|6445201980.60846
KWT|1999|30120888963.6806
KWT|2000|37718011468.5749
KWT|2001|34890773740.2178
KWT|2002|38138801497.2458
KWT|2003|47875837662.1539
KWT|2004|59440511981.7576
KWT|2005|80797945205.4795
KWT|2006|101561153806.389
KWT|2007|114721830985.916
KWT|2008|147402413798.235
KWT|2009|105911338608.398
KWT|2010|119934674734.616
KWT|2011|160912705745.772
KWT|2012|
LAC|1999|1863681785390.59
LAC|2000|2070214692908.22
LAC|2001|2018194054793.21
LAC|2002|1802199790941.19
LAC|2003|1846496584359.97
LAC|2004|2111323966186.62
LAC|2005|2560631809471.9
LAC|2006|2996413990843.08
LAC|2007|3542161382478.66
LAC|2008|4137452587080.46
LAC|2009|3884618629983.76
LAC|2010|4801788972970.84
LAC|2011|5371165095783.96
LAC|2012|5344028414023.2
LAO|1999|1454430642.01692
LAO|2000|1731198022.45212
LAO|2001|1768619058.34647
LAO|2002|1758176653.07746
LAO|2003|2023324407.30177
LAO|2004|2366398119.88556
LAO|2005|2735550176.99656
LAO|2006|3452895836.27301
LAO|2007|4222945529.64181
LAO|2008|5443930124.55076
LAO|2009|5832882921.50595
LAO|2010|7181441151.89789
LAO|2011|8254088066.90641
LAO|2012|9417665585.95006
LBN|1999|17391056436.8069
LBN|2000|17260364842.4544
LBN|2001|17649751243.7811
LBN|2002|19152238805.9702
LBN|2003|20082918739.6352
LBN|2004|21789054726.3682
LBN|2005|21860696517.4129
LBN|2006|22438474295.1907
LBN|2007|25056716417.9104
LBN|2008|30079601990.0498
LBN|2009|34650746268.6567
LBN|2010|37124378109.4527
LBN|2011|40094328358.209
LBN|2012|42945273631.8408
LBR|1999|441800019.378319
LBR|2000|529064646.66383
LBR|2001|514999999.999999
LBR|2002|536000000.000001
LBR|2003|409000000
LBR|2004|466999999.999999
LBR|2005|541999999.999999
LBR|2006|604028581.80619
LBR|2007|739026892.226679
LBR|2008|850040458.839631
LBR|2009|1155146229.786
LBR|2010|1292696475.95873
LBR|2011|1537753884.57502
LBR|2012|1733823552.70914
LBY|1999|30484399895.6472
LBY|2000|33896600870.7706
LBY|2001|28420321951.542
LBY|2002|19842519685.0394
LBY|2003|24062500000
LBY|2004|33384615384.6154
LBY|2005|44000000000
LBY|2006|56484375000
LBY|2007|71803278688.5246
LBY|2008|93167701863.354
LBY|2009|62360446570.9729
LBY|2010|
LBY|2011|
LBY|2012|
LCA|1999|692507395.177286
LCA|2000|764457723.425116
LCA|2001|708290496.305954
LCA|2002|723027643.082723
LCA|2003|781338352.904771
LCA|2004|858255380.398219
LCA|2005|908558306.769096
LCA|2006|1018069266.61284
LCA|2007|1132407669.55652
LCA|2008|1174876792.07407
LCA|2009|1173930131.2963
LCA|2010|1208853571.11111
LCA|2011|1259078381.85185
LCA|2012|1238640740.74074
LCN|1999|2044491107674.55
LCN|2000|2263014377922.85
LCN|2001|2210320388589.15
LCN|2002|1988037620671.1
LCN|2003|2043462683117.47
LCN|2004|2340519606899.54
LCN|2005|2827090726757.96
LCN|2006|3303823175135.28
LCN|2007|3880409847647.22
LCN|2008|4502190022874.33
LCN|2009|4233752402948.23
LCN|2010|5211670953427.15
LCN|2011|5829038647754.48
LCN|2012|5827107558830.23
LDC|1999|170891196852.571
LDC|2000|178417890765.108
LDC|2001|183276880687.257
LDC|2002|197786318734.314
LDC|2003|222199934542.931
LDC|2004|259466470404.627
LDC|2005|303396444412.052
LDC|2006|351745070689.283
LDC|2007|428640484545.518
LDC|2008|529955169676.048
LDC|2009|523255049752.762
LDC|2010|589355527410.129
LDC|2011|666802800426.317
LDC|2012|704463036942.384
LIC|1999|163263717669.078
LIC|2000|163081700925.956
LIC|2001|166736829500.336
LIC|2002|174335328492.891
LIC|2003|191614549125.218
LIC|2004|214527775409.721
LIC|2005|238968511939.334
LIC|2006|261771943195.611
LIC|2007|307401278206.559
LIC|2008|364808681422.257
LIC|2009|380642250299.852
LIC|2010|416497843507.852
LIC|2011|468374984984.916
LIC|2012|504431276049.443
LIE|1999|2664105901.18863
LIE|2000|2483890593.70545
LIE|2001|2491800558.77674
LIE|2002|2688617884.8748
LIE|2003|3070803431.476
LIE|2004|3454374260.73671
LIE|2005|3658356377.80983
LIE|2006|3988775843.87205
LIE|2007|4602346923.40322
LIE|2008|4929414914.73469
LIE|2009|4826167676.3641
LIE|2010|
LIE|2011|
LIE|2012|
LKA|1999|15656342015.855
LKA|2000|16330810303.9159
LKA|2001|15746224409.8
LKA|2002|17102623876.2283
LKA|2003|18881765437.2151
LKA|2004|20662525941.2986
LKA|2005|24405791044.7761
LKA|2006|28267410542.5164
LKA|2007|32351184234.3157
LKA|2008|40715240468.9375
LKA|2009|42067974595.4411
LKA|2010|49567521669.9098
LKA|2011|59184308582.7982
LKA|2012|59423009404.3887
LMC|1999|1170903832603.78
LMC|2000|1239318905845.33
LMC|2001|1251316462309.39
LMC|2002|1344350698513.42
LMC|2003|1540098643733.47
LMC|2004|1765740457847.76
LMC|2005|2036944282349.07
LMC|2006|2423403090682.79
LMC|2007|2989372009538.79
LMC|2008|3331836182497.89
LMC|2009|3413590878560.98
LMC|2010|4162178444316.86
LMC|2011|4688442969061.91
LMC|2012|4823810786650.76
LMY|1999|5243453677374.63
LMY|2000|5672311751228.64
LMY|2001|5691968836791.29
LMY|2002|5787577195416.2
LMY|2003|6489392540427.58
LMY|2004|7604665253862.46
LMY|2005|8970366337968.7
LMY|2006|10559616217167.5
LMY|2007|12995052161388.6
LMY|2008|15498453065226.9
LMY|2009|15469676561136.2
LMY|2010|18587149767312.1
LMY|2011|21606240343253.7
LMY|2012|22769281895625.2
LSO|1999|801540664.712419
LSO|2000|771200632.484425
LSO|2001|706430933.003007
LSO|2002|656802669.110291
LSO|2003|969181550.992505
LSO|2004|1234197704.43821
LSO|2005|1368405301.24444
LSO|2006|1428842600.12112
LSO|2007|1597484735.65523
LSO|2008|1630667593.27628
LSO|2009|1716836000.19013
LSO|2010|2203835214.2935
LSO|2011|2524534244.77677
LSO|2012|2447573299.47777
LTU|1999|10971375000
LTU|2000|11434200000
LTU|2001|12159225000
LTU|2002|14163949141.8999
LTU|2003|18608709856.5781
LTU|2004|22551543054.4565
LTU|2005|25962254180.8029
LTU|2006|30088510798.0993
LTU|2007|39103973050.6292
LTU|2008|47252926428.6698
LTU|2009|36846183172.3027
LTU|2010|36306384146.1075
LTU|2011|42872072870.904
LTU|2012|42343521965.7483
LUX|1999|21185382484.5515
LUX|2000|20267551133.2228
LUX|2001|20196868008.9485
LUX|2002|22568793525.3153
LUX|2003|29144582392.7765
LUX|2004|34077095478.4477
LUX|2005|37643013480.575
LUX|2006|42544669010.8776
LUX|2007|51320626630.4244
LUX|2008|54742739956.7876
LUX|2009|49420776474.8702
LUX|2010|51713947368.4211
LUX|2011|57957916666.6667
LUX|2012|55178452044.2273
LVA|1999|7288524472.50101
LVA|2000|7833068425.39159
LVA|2001|8313047743.57121
LVA|2002|9314784080.02692
LVA|2003|11186452600.7262
LVA|2004|13761569544.9926
LVA|2005|16041840426.2666
LVA|2006|19935046397.2163
LVA|2007|28765687041.6504
LVA|2008|33669367720.4659
LVA|2009|25875781250
LVA|2010|24009680459.9868
LVA|2011|28480338367.6157
LVA|2012|28372577696.5265
MAC|1999|5916957024.96919
MAC|2000|6101794938.88536
MAC|2001|6514271488.1434
MAC|2002|7008026414.60895
MAC|2003|7926373572.23623
MAC|2004|10258324479.1391
MAC|2005|11792570015.7933
MAC|2006|14568709574.0036
MAC|2007|18054684854.2242
MAC|2008|20731022857.2408
MAC|2009|21313263933.1019
MAC|2010|28359706123.0951
MAC|2011|36796998498.2098
MAC|2012|43582271461.8341
MAF|1999|
MAF|2000|
MAF|2001|
MAF|2002|
MAF|2003|
MAF|2004|
MAF|2005|
MAF|2006|
MAF|2007|
MAF|2008|
MAF|2009|
MAF|2010|
MAF|2011|
MAF|2012|
MAR|1999|39734023742.7921
MAR|2000|37020609824.9576
MAR|2001|37724674865.0801
MAR|2002|40416114690.137
MAR|2003|49822651701.729
MAR|2004|56948015336.0397
MAR|2005|59523857868.0203
MAR|2006|65637107776.2619
MAR|2007|75226318359.375
MAR|2008|88882967741.9355
MAR|2009|90908402631.2523
MAR|2010|90770671431.6696
MAR|2011|99211339029.2806
MAR|2012|95981572517.1671
MCO|1999|2906009307.6651
MCO|2000|2647883820.18625
MCO|2001|2671401082.76436
MCO|2002|2905973022.1746
MCO|2003|3588988600.70294
MCO|2004|4110348444.49411
MCO|2005|4280072625.97622
MCO|2006|4663488363.0977
MCO|2007|5974371695.95045
MCO|2008|6919241412.09365
MCO|2009|5557579883.30092
MCO|2010|5350993377.48344
MCO|2011|6074506533.22213
MCO|2012|
MDA|1999|1170785047.79461
MDA|2000|1288420222.94787
MDA|2001|1480656884.38462
MDA|2002|1661818168.4226
MDA|2003|1980901553.51226
MDA|2004|2598231467.43671
MDA|2005|2988172424.46608
MDA|2006|3408454197.89191
MDA|2007|4402495921.29332
MDA|2008|6054806100.84681
MDA|2009|5439422031.39627
MDA|2010|5811622393.98689
MDA|2011|7015201445.77502
MDA|2012|7252769934.44626
MDG|1999|3717515282.53878
MDG|2000|3877673634.58854
MDG|2001|4529575232.98509
MDG|2002|4397254714.88337
MDG|2003|5474030227.58602
MDG|2004|4363934416.54784
MDG|2005|5038577519.49857
MDG|2006|5515236338.4864
MDG|2007|7342905883.1691
MDG|2008|9394330368.35779
MDG|2009|8589560142.44925
MDG|2010|8837041787.49382
MDG|2011|9911781296.64175
MDG|2012|9975124872.405
MDV|1999|589239757.009346
MDV|2000|624337143.585387
MDV|2001|802442810.457516
MDV|2002|828240882.492352
MDV|2003|949867661.833266
MDV|2004|1075605492.18297
MDV|2005|992473987.301945
MDV|2006|1303375806.06689
MDV|2007|1541978558.62324
MDV|2008|1891633531.16451
MDV|2009|1984639640.86858
MDV|2010|2134104883.7014
MDV|2011|2153636962.94601
MDV|2012|2222429330.40067
MEA|1999|834296981811.24
MEA|2000|938991520372.12
MEA|2001|930463809145.995
MEA|2002|930044734395.223
MEA|2003|1042452116321.19
MEA|2004|1216658079842.12
MEA|2005|1459450352915.18
MEA|2006|1729921737815.42
MEA|2007|2040187607198.33
MEA|2008|2577621926540.55
MEA|2009|2313787211228.11
MEA|2010|2692634650793.4
MEA|2011|3262865315278.2
MEA|2012|
MEX|1999|586690161460.681
MEX|2000|692177614209.703
MEX|2001|733461550751.4
MEX|2002|750477694898.257
MEX|2003|722164975397.307
MEX|2004|774800766586.23
MEX|2005|870215085180.847
MEX|2006|966249852838.419
MEX|2007|1043459078119.64
MEX|2008|1099070673263.38
MEX|2009|895354565566.632
MEX|2010|1047368841686.06
MEX|2011|1159889566239.49
MEX|2012|1178126184343.49
MHL|1999|107978893.139292
MHL|2000|110937729.412641
MHL|2001|115152142.737309
MHL|2002|124735071.905407
MHL|2003|126887585.451759
MHL|2004|131106365.539613
MHL|2005|137556822.771548
MHL|2006|143352031.172085
MHL|2007|149739017.444696
MHL|2008|152565763.149451
MHL|2009|151560778.381533
MHL|2010|163200000
MHL|2011|170700000
MHL|2012|182400000
MIC|1999|5081978552609.55
MIC|2000|5509413931541.3
MIC|2001|5525817856176.23
MIC|2002|5614389858588.67
MIC|2003|6298632303972.98
MIC|2004|7390015464946.64
MIC|2005|8729631504263.08
MIC|2006|10293523064519.4
MIC|2007|12680640727761.2
MIC|2008|15125076005955.1
MIC|2009|15081684598309.1
MIC|2010|18159002531352.6
MIC|2011|21123283661293.5
MIC|2012|22249908760107.1
MKD|1999|3673288165.87004
MKD|2000|3586883988.95646
MKD|2001|3436961384.81241
MKD|2002|3791306757.66238
MKD|2003|4756221628.61111
MKD|2004|5514253043.38147
MKD|2005|5985809059.97008
MKD|2006|6560546900.04109
MKD|2007|8159825620.389
MKD|2008|9834038366.88837
MKD|2009|9313573964.98007
MKD|2010|9338665630.76177
MKD|2011|10439099881.1349
MKD|2012|9612518136.34871
MLI|1999|2570429654.9005
MLI|2000|2422482317.56719
MLI|2001|2629739067.46746
MLI|2002|3342824259.82493
MLI|2003|4362439886.7199
MLI|2004|4874178417.19164
MLI|2005|5305317554.72495
MLI|2006|6122644014.78684
MLI|2007|7145394015.23154
MLI|2008|8737687352.70079
MLI|2009|8964480570.32521
MLI|2010|9422267259.9894
MLI|2011|10656395534.0275
MLI|2012|10308146675.9498
MLT|1999|3907947937.46914
MLT|2000|3957418082.79925
MLT|2001|3917620727.92241
MLT|2002|4296164768.28161
MLT|2003|5119621569.32049
MLT|2004|5643525281.93441
MLT|2005|5980795755.74103
MLT|2006|6390123590.13841
MLT|2007|7513834699.60697
MLT|2008|8554293727.08674
MLT|2009|8099400960.97627
MLT|2010|8163841059.60265
MLT|2011|9151793160.96747
MLT|2012|8721923076.92308
MMR|1999|
MMR|2000|
MMR|2001|
MMR|2002|
MMR|2003|
MMR|2004|
MMR|2005|
MMR|2006|
MMR|2007|
MMR|2008|
MMR|2009|
MMR|2010|
MMR|2011|
MMR|2012|
MNA|1999|409715005501.568
MNA|2000|434403278131.8
MNA|2001|437345257897.867
MNA|2002|428717076546.167
MNA|2003|477286353163.544
MNA|2004|550851813966.003
MNA|2005|642230599158.201
MNA|2006|764348880975.828
MNA|2007|937105714026.212
MNA|2008|1188213547170.47
MNA|2009|1142558838091.65
MNA|2010|1308674405409.15
MNA|2011|1540807069038
MNA|2012|
MNE|1999|
MNE|2000|984279596.4
MNE|2001|1159891560
MNE|2002|1284504508.58333
MNE|2003|1707662607.75
MNE|2004|2073255525.20487
MNE|2005|2257181942.54446
MNE|2006|2696020574.58286
MNE|2007|3668857103.75034
MNE|2008|4519731946.68229
MNE|2009|4157852771.6
MNE|2010|4114780573.5
MNE|2011|4501811520
MNE|2012|4373170811.72835
MNG|1999|1057408608.43579
MNG|2000|1136896162.14218
MNG|2001|1267997923.03269
MNG|2002|1396555772.03794
MNG|2003|1595297301.45651
MNG|2004|1992066758.84423
MNG|2005|2523359940.71209
MNG|2006|3414053250.94549
MNG|2007|4234894168.15659
MNG|2008|5623236707.52471
MNG|2009|4583834427.36474
MNG|2010|6200357070.1148
MNG|2011|8761426370.55877
MNG|2012|10271393281.3833
MNP|1999|
MNP|2000|
MNP|2001|
MNP|2002|
MNP|2003|
MNP|2004|
MNP|2005|
MNP|2006|
MNP|2007|
MNP|2008|
MNP|2009|
MNP|2010|
MNP|2011|
MNP|2012|
MOZ|1999|4536278939.24475
MOZ|2000|4310090791.18029
MOZ|2001|4075049537.3821
MOZ|2002|4201332885.28416
MOZ|2003|4666197195.33585
MOZ|2004|5697991241.44882
MOZ|2005|6578515331.19659
MOZ|2006|7095910827.74363
MOZ|2007|8035635713.16184
MOZ|2008|9891003404.78197
MOZ|2009|9674037707.314
MOZ|2010|9274448731.91612
MOZ|2011|12568440512.7595
MOZ|2012|14243717484.4635
MRT|1999|1405662577.97303
MRT|2000|1293653473.22014
MRT|2001|1295536829.06554
MRT|2002|1324424463.41007
MRT|2003|1563072653.30951
MRT|2004|1833445283.01887
MRT|2005|2184444848.94895
MRT|2006|3040718540.58079
MRT|2007|3356758533.56708
MRT|2008|3790240830.66288
MRT|2009|3027020111.5163
MRT|2010|3671380305.41277
MRT|2011|4273232647.83585
MRT|2012|4199051817.05876
MUS|1999|4291171395.71086
MUS|2000|4582562397.94313
MUS|2001|4536544699.05727
MUS|2002|4767303153.04439
MUS|2003|5609836353.56371
MUS|2004|6385691315.22535
MUS|2005|6283796155.23716
MUS|2006|6731536244.19443
MUS|2007|7792063566.51501
MUS|2008|9641077098.19803
MUS|2009|8834661042.93519
MUS|2010|9718331362.63822
MUS|2011|11250559552.9847
MUS|2012|10486037633.994
MWI|1999|1775920039.08836
MWI|2000|1743506286.64581
MWI|2001|1716502069.29157
MWI|2002|2665158942.8967
MWI|2003|2424656666.0654
MWI|2004|2625127097.7198
MWI|2005|2754995876.60249
MWI|2006|3116789657.89251
MWI|2007|3647817218.57435
MWI|2008|4276769712.29181
MWI|2009|5030639934.35772
MWI|2010|5398616984.59149
MWI|2011|5621000677.89922
MWI|2012|4263794983.9006
MYS|1999|79148158887.9154
MYS|2000|93789473684.2105
MYS|2001|92783947368.4211
MYS|2002|100845526315.789
MYS|2003|110202368421.053
MYS|2004|124749736842.105
MYS|2005|143533152129.483
MYS|2006|162692467585.806
MYS|2007|193552802791.702
MYS|2008|230987618903.551
MYS|2009|202251384991.501
MYS|2010|247533525517.698
MYS|2011|289258937258.632
MYS|2012|305032745224.598
NAC|1999|10330289156699.3
NAC|2000|11018099079682.8
NAC|2001|11344404036719
NAC|2002|11718799179188.4
NAC|2003|12382259767452.4
NAC|2004|13273710802521.9
NAC|2005|14234028121475.7
NAC|2006|15141925145644.8
NAC|2007|15910260777447.9
NAC|2008|16229088365546.9
NAC|2009|15761284017751.6
NAC|2010|16541084496217.8
NAC|2011|17317139659888.9
NAC|2012|18071497675311.4
NAM|1999|3385555872.76121
NAM|2000|3908598123.34455
NAM|2001|3546795054.15585
NAM|2002|3361241961.35377
NAM|2003|4931293712.20614
NAM|2004|6606970842.65234
NAM|2005|7261301442.47414
NAM|2006|7978676469.77384
NAM|2007|8811608766.89852
NAM|2008|8829927125.40153
NAM|2009|8859203056.19983
NAM|2010|11065912279.3816
NAM|2011|12623100410.462
NAM|2012|13072278942.987
NCL|1999|3056999988.09146
NCL|2000|2682347064.36419
NCL|2001|
NCL|2002|
NCL|2003|
NCL|2004|
NCL|2005|
NCL|2006|
NCL|2007|
NCL|2008|
NCL|2009|
NCL|2010|
NCL|2011|
NCL|2012|
NER|1999|2018193598.24088
NER|2000|1798374532.94855
NER|2001|1945327545.88815
NER|2002|2170481497.62212
NER|2003|2731416281.32709
NER|2004|3052898685.69525
NER|2005|3405134555.29166
NER|2006|3646727993.03698
NER|2007|4291363546.82479
NER|2008|5403364453.52777
NER|2009|5397121962.02425
NER|2010|5718589550.16349
NER|2011|6411842066.31128
NER|2012|6773185511.26727
NGA|1999|35870792987.9432
NGA|2000|46385996027.4279
NGA|2001|44138014092.2627
NGA|2002|59116868249.8401
NGA|2003|67655840108.1547
NGA|2004|87845403978.2742
NGA|2005|112248324602.677
NGA|2006|145429802541.747
NGA|2007|166451202370.171
NGA|2008|208064724514.151
NGA|2009|169481270114.984
NGA|2010|229507890739.083
NGA|2011|245682418219.43
NGA|2012|262597405487.822
NIC|1999|4855717872.17377
NIC|2000|5107329009.66642
NIC|2001|5323146567.74198
NIC|2002|5224213018.8925
NIC|2003|5322437647.57853
NIC|2004|5795568202.50505
NIC|2005|6322582497.35619
NIC|2006|6786294613.48486
NIC|2007|7446636654.71995
NIC|2008|8254342299.67401
NIC|2009|8156131183.33235
NIC|2010|8586295846.08302
NIC|2011|9635568028.48791
NIC|2012|10507356837.651
NLD|1999|411456424461.965
NLD|2000|385074626865.672
NLD|2001|400654138702.461
NLD|2002|437807265198.57
NLD|2003|538312641083.521
NLD|2004|609889925685.869
NLD|2005|638470626274.685
NLD|2006|677691901432.745
NLD|2007|782566743038.276
NLD|2008|870811147324.862
NLD|2009|796333367137.001
NLD|2010|772090789473.684
NLD|2011|832009722222.222
NLD|2012|770555412702.494
NOC|1999|1260452386326.59
NOC|2000|1439071025370.77
NOC|2001|1447520667869.25
NOC|2002|1514975581046.34
NOC|2003|1694489504217.37
NOC|2004|2038578367251.36
NOC|2005|2441753700164.66
NOC|2006|2879423659973.78
NOC|2007|3430110348837.79
NOC|2008|4135665094579.53
NOC|2009|3416592108147.37
NOC|2010|4009388496202.53
NOC|2011|4835370730431.12
NOC|2012|5104878388855.4
NOR|1999|159045286696.071
NOR|2000|168288531891.204
NOR|2001|170922851073.768
NOR|2002|191927027230.141
NOR|2003|224880794327.844
NOR|2004|260029106207.989
NOR|2005|304060069848.661
NOR|2006|340041912703.697
NOR|2007|393479162081.796
NOR|2008|453885460992.908
NOR|2009|378849392446.007
NOR|2010|421236092715.232
NOR|2011|491064821428.571
NOR|2012|499667211001.289
NPL|1999|5033642384.10596
NPL|2000|5494252207.90502
NPL|2001|6007061224.4898
NPL|2002|6050875806.66403
NPL|2003|6330476434.54937
NPL|2004|7273933992.74548
NPL|2005|8130258976.02985
NPL|2006|9043715355.8881
NPL|2007|10325618017.379
NPL|2008|12545438605.3959
NPL|2009|12854834975.299
NPL|2010|16010389261.745
NPL|2011|19123129346.3143
NPL|2012|18962962962.963
NZL|1999|58141345788.5723
NZL|2000|51981385895.5781
NZL|2001|53273715302.1932
NZL|2002|65999637537.5819
NZL|2003|87418267497.2517
NZL|2004|102983802756.303
NZL|2005|113834420633.803
NZL|2006|110304429415.584
NZL|2007|135291901176.471
NZL|2008|130672262112.676
NZL|2009|118573727125
NZL|2010|143246762589.928
NZL|2011|162634645669.291
NZL|2012|167347054533.668
OEC|1999|25315467995036.6
OEC|2000|25757096752943.5
OEC|2001|25535445878029
OEC|2002|26618278465992
OEC|2003|29870429404630
OEC|2004|33182105337256.1
OEC|2005|34920000331590.8
OEC|2006|36743225157538
OEC|2007|40080186466917
OEC|2008|42347919795681.3
OEC|2009|39851480208275.2
OEC|2010|41526276752344.3
OEC|2011|44679940344450.8
OEC|2012|44685204702478.9
OED|1999|26200164639226.2
OED|2000|26762227488676.8
OED|2001|26517633684501.9
OED|2002|27667680210929.6
OED|2003|30979138055906.4
OED|2004|34450998113435.6
OED|2005|36383516967582.4
OED|2006|38352908258297.5
OED|2007|41906902699835.3
OED|2008|44331561506763.1
OED|2009|41488020379697.9
OED|2010|43432293266378.9
OED|2011|46752053784982.8
OED|2012|46777297862832
OMN|1999|15710148340.0807
OMN|2000|19867880550.2714
OMN|2001|19949284974.8547
OMN|2002|20049414986.065
OMN|2003|21542262852.4551
OMN|2004|24673602279.5173
OMN|2005|30905071770.5812
OMN|2006|36803641389.0006
OMN|2007|41901170688.8693
OMN|2008|60566970579.2556
OMN|2009|46866060195.7311
OMN|2010|58813004375.26
OMN|2011|69971912137.5133
OMN|2012|
OSS|1999|26460935007.9224
OSS|2000|28478003539.9776
OSS|2001|28129354982.6791
OSS|2002|28898511036.0483
OSS|2003|37190604754.328
OSS|2004|46429560062.8301
OSS|2005|53275589171.1921
OSS|2006|56667850905.7417
OSS|2007|66529274863.1027
OSS|2008|80052610005.0539
OSS|2009|69206412654.6884
OSS|2010|82176033157.6998
OSS|2011|97753616908.0927
OSS|2012|96785564891.1552
PAK|1999|62973855718.8874
PAK|2000|73952374969.7995
PAK|2001|72309738921.3329
PAK|2002|72306820396.2325
PAK|2003|83244801092.7096
PAK|2004|97977766197.6724
PAK|2005|109502102510.883
PAK|2006|137264061106.043
PAK|2007|152385716311.916
PAK|2008|170077814106.305
PAK|2009|168152775283.032
PAK|2010|177406854514.885
PAK|2011|213853864893.914
PAK|2012|225143266331.151
PAN|1999|11456300000
PAN|2000|11620500000
PAN|2001|11807500000
PAN|2002|12272400000
PAN|2003|12933200000
PAN|2004|14179300000
PAN|2005|15464700000
PAN|2006|17137000000
PAN|2007|19793700000
PAN|2008|23001600000
PAN|2009|24162900000
PAN|2010|26589600000
PAN|2011|31315800000
PAN|2012|36252500000
PER|1999|51509515206.3704
PER|2000|53290390318.0249
PER|2001|53935760985.2102
PER|2002|56772338815.4457
PER|2003|61346725170.0522
PER|2004|69725009964.83
PER|2005|79385073422.3301
PER|2006|92432757798.1651
PER|2007|107492226613.478
PER|2008|129537265753.425
PER|2009|130064300617.482
PER|2010|157609814184.397
PER|2011|181011064727.273
PER|2012|203790266509.653
PHL|1999|82995145600.7289
PHL|2000|81026294681.2438
PHL|2001|76261998622.8918
PHL|2002|81357657790.4137
PHL|2003|83908205719.8012
PHL|2004|91371236939.2189
PHL|2005|103065972407.859
PHL|2006|122210719245.942
PHL|2007|149359920006.4
PHL|2008|173602533345.577
PHL|2009|168333540385.114
PHL|2010|199589447424.074
PHL|2011|224095219329.238
PHL|2012|250182019476.324
PLW|1999|113485000
PLW|2000|158408810.423418
PLW|2001|167182520.656761
PLW|2002|168926089.456712
PLW|2003|173320433.977028
PLW|2004|190829015.31499
PLW|2005|206328827.379497
PLW|2006|210111650.861356
PLW|2007|211831321.628491
PLW|2008|212734858.063924
PLW|2009|197525348.180376
PLW|2010|196543326.079735
PLW|2011|212903319.801064
PLW|2012|228415735.257751
PNG|1999|3477060138.33333
PNG|2000|3521348154.79666
PNG|2001|3081029665.98233
PNG|2002|2999542369.42117
PNG|2003|3536459119.8821
PNG|2004|3927114456.84311
PNG|2005|4901584516.12903
PNG|2006|5598700444.44444
PNG|2007|6329292929.29293
PNG|2008|8010370370.37037
PNG|2009|7914594202.89855
PNG|2010|9480047958.80839
PNG|2011|12393604089.4569
PNG|2012|15653921367.2759
POL|1999|167801749888.458
POL|2000|171276118424.232
POL|2001|190420870074.99
POL|2002|198179425151.286
POL|2003|216800888642.044
POL|2004|252768998589.254
POL|2005|303912247950.845
POL|2006|341669943593.876
POL|2007|425321502150.576
POL|2008|529432301178.815
POL|2009|430917310342.617
POL|2010|469736810690.719
POL|2011|515666869136.802
POL|2012|489795486644.151
PRI|1999|57841000000
PRI|2000|61702000000
PRI|2001|69208000000
PRI|2002|71624000000
PRI|2003|74827000000
PRI|2004|79209000000
PRI|2005|82809000000
PRI|2006|86157000000
PRI|2007|88405000000
PRI|2008|92605700000
PRI|2009|95369800000
PRI|2010|97147300000
PRI|2011|98757000000
PRI|2012|101495811266
PRK|1999|
PRK|2000|
PRK|2001|
PRK|2002|
PRK|2003|
PRK|2004|
PRK|2005|
PRK|2006|
PRK|2007|
PRK|2008|
PRK|2009|
PRK|2010|
PRK|2011|
PRK|2012|
PRT|1999|126423822714.681
PRT|2000|117299520913.949
PRT|2001|120332080536.913
PRT|2002|132285714285.714
PRT|2003|161931941309.255
PRT|2004|185397304327.851
PRT|2005|191847858528.578
PRT|2006|201790398436.412
PRT|2007|231741573802.622
PRT|2008|251925293880.69
PRT|2009|234119384365.758
PRT|2010|227446710526.316
PRT|2011|237675277777.778
PRT|2012|212273977886.346
PRY|1999|8392549938.67056
PRY|2000|8195993191.26952
PRY|2001|7662594856.78516
PRY|2002|6325151820.2228
PRY|2003|6588103956.47934
PRY|2004|8033877459.1225
PRY|2005|8734651353.60575
PRY|2006|10662013294.3079
PRY|2007|13837525590.2673
PRY|2008|18504760911.426
PRY|2009|15954961409.8569
PRY|2010|20028375553.9077
PRY|2011|26007966686.6956
PRY|2012|25502060502.1181
PSS|1999|3644082478.25467
PSS|2000|3403375328.39002
PSS|2001|3327544956.67498
PSS|2002|3508352860.89337
PSS|2003|4126718122.3585
PSS|2004|4768170858.43189
PSS|2005|5214349168.29613
PSS|2006|5480016481.4696
PSS|2007|6077172856.09329
PSS|2008|6596488988.09874
PSS|2009|5737213128.33947
PSS|2010|6382013890.33255
PSS|2011|7365077734.5045
PSS|2012|7810192972.28318
PYF|1999|3797016068.69689
PYF|2000|3447543137.94149
PYF|2001|
PYF|2002|
PYF|2003|
PYF|2004|
PYF|2005|
PYF|2006|
PYF|2007|
PYF|2008|
PYF|2009|
PYF|2010|
PYF|2011|
PYF|2012|
QAT|1999|12393131510.9639
QAT|2000|17759889598.0531
QAT|2001|17538461033.0061
QAT|2002|19363735705.6767
QAT|2003|23533790530.5514
QAT|2004|31675273812.3988
QAT|2005|43040108649.7014
QAT|2006|60496701553.1987
QAT|2007|79546975729.4478
QAT|2008|115019776904.93
QAT|2009|97583513671.1764
QAT|2010|125122249141.251
QAT|2011|171476093959.187
QAT|2012|
ROU|1999|35592337082.8604
ROU|2000|37052636395.1938
ROU|2001|40180746113.1837
ROU|2002|45824529874.3372
ROU|2003|59507345650.253
ROU|2004|75489440362.1003
ROU|2005|98913392471.9673
ROU|2006|122641508767.76
ROU|2007|169282491900.094
ROU|2008|204335225693.755
ROU|2009|164345718689.535
ROU|2010|164435979735.045
ROU|2011|189775739203.407
ROU|2012|192710684930.009
RUS|1999|195905767668.562
RUS|2000|259708496267.33
RUS|2001|306602673980.117
RUS|2002|345110438693.573
RUS|2003|430347770733.155
RUS|2004|591016690742.937
RUS|2005|764000901160.58
RUS|2006|989930542278.684
RUS|2007|1299705764824.48
RUS|2008|1660846387626
RUS|2009|1222648134225.45
RUS|2010|1524916698233.31
RUS|2011|1899085300762.05
RUS|2012|2014774938341.85
RWA|1999|1817655191.84317
RWA|2000|1734938190.27765
RWA|2001|1674685125.62865
RWA|2002|1677447003.07548
RWA|2003|1845979351.35205
RWA|2004|2089188920.75355
RWA|2005|2581286406.73226
RWA|2006|3111191405.55534
RWA|2007|3738146668.93841
RWA|2008|4711735377.43574
RWA|2009|5252677064.51254
RWA|2010|5624506157.41067
RWA|2011|6354119344.04968
RWA|2012|7103000861.20669
SAS|1999|599543853861.704
SAS|2000|622975897595.183
SAS|2001|638745671193.222
SAS|2002|672494121080.409
SAS|2003|784882714579.418
SAS|2004|911124327825.774
SAS|2005|1044617146198.82
SAS|2006|1194851718935.78
SAS|2007|1514760056069.51
SAS|2008|1540327787663.79
SAS|2009|1693544062033.63
SAS|2010|2073906765279.16
SAS|2011|2298738154919.25
SAS|2012|2286092819566.87
SAU|1999|160957062621.867
SAU|2000|188441864874.667
SAU|2001|183012268441.6
SAU|2002|188551196398.933
SAU|2003|214572800000
SAU|2004|258742133333.333
SAU|2005|328459608764.111
SAU|2006|376900133511.348
SAU|2007|415909018143.01
SAU|2008|519796800000
SAU|2009|429097866666.667
SAU|2010|526811466666.667
SAU|2011|669506666666.667
SAU|2012|711049600000
SDN|1999|10682027626.827
SDN|2000|12257299162.7402
SDN|2001|13182872554.7864
SDN|2002|14803423334.6043
SDN|2003|17646271396.8949
SDN|2004|21457886199.291
SDN|2005|26524992225.3521
SDN|2006|35159250984.9057
SDN|2007|45456460335.1022
SDN|2008|54082389392.8541
SDN|2009|52839990730.8172
SDN|2010|64849930757.6995
SDN|2011|63997129026.7582
SDN|2012|58768800832.7859
SEN|1999|5144045092.86221
SEN|2000|4679604921.56347
SEN|2001|4877602012.42811
SEN|2002|5333862343.6271
SEN|2003|6858952716.5383
SEN|2004|8031344239.66792
SEN|2005|8707015063.75222
SEN|2006|9358710763.47381
SEN|2007|11284603480.5383
SEN|2008|13386346542.8972
SEN|2009|12812994669.9019
SEN|2010|12932427724.3508
SEN|2011|14440676497.9993
SEN|2012|14045759802.382
SGP|1999|85963561402.373
SGP|2000|95922652585.622
SGP|2001|91148432628.399
SGP|2002|90582818233.825
SGP|2003|93362870572.9047
SGP|2004|109336483913.863
SGP|2005|123506892267.645
SGP|2006|139020876513.172
SGP|2007|168705756482.337
SGP|2008|178924164929.529
SGP|2009|194131267854.513
SGP|2010|217200123752.449
SGP|2011|245024318394.339
SGP|2012|274701299733.694
SLB|1999|482214092.308964
SLB|2000|435101217.233417
SLB|2001|400464593.02552
SLB|2002|341663053.747468
SLB|2003|332736306.539249
SLB|2004|375109694.525921
SLB|2005|413909879.281265
SLB|2006|456735444.86792
SLB|2007|586218381.044736
SLB|2008|645796657.499394
SLB|2009|601299089.753921
SLB|2010|678625481.686751
SLB|2011|866672433.270049
SLB|2012|1008424232.18251
SLE|1999|669384768.87263
SLE|2000|635874002.198748
SLE|2001|1079478387.83576
SLE|2002|1239004287.75607
SLE|2003|1371442565.69701
SLE|2004|1431208677.30352
SLE|2005|1627853086.42403
SLE|2006|1887429109.49668
SLE|2007|2157944721.20791
SLE|2008|2504381637.36576
SLE|2009|2454531383.2699
SLE|2010|2575466372.26831
SLE|2011|2938747215.20983
SLE|2012|3796030045.13767
SLV|1999|12464700000
SLV|2000|13134100000
SLV|2001|13812700000
SLV|2002|14306700000
SLV|2003|15046700000
SLV|2004|15798300000
SLV|2005|17093800000
SLV|2006|18550700000
SLV|2007|20104900000
SLV|2008|21431000000
SLV|2009|20661000000
SLV|2010|21418300000
SLV|2011|23139000000
SLV|2012|23864400000
SMR|1999|853373879.731819
SMR|2000|773907642.414748
SMR|2001|815205233.062791
SMR|2002|879957209.923907
SMR|2003|1122981525.35502
SMR|2004|1317357834.61634
SMR|2005|1375416604.48689
SMR|2006|1469075398.31891
SMR|2007|1687653983.02765
SMR|2008|1899809579.61037
SMR|2009|
SMR|2010|
SMR|2011|
SMR|2012|
SOM|1999|
SOM|2000|
SOM|2001|
SOM|2002|
SOM|2003|
SOM|2004|
SOM|2005|
SOM|2006|
SOM|2007|
SOM|2008|
SOM|2009|
SOM|2010|
SOM|2011|
SOM|2012|
SRB|1999|17632705912.6184
SRB|2000|6082791506.17659
SRB|2001|11390468618.534
SRB|2002|15102567924.9297
SRB|2003|19550781969.0408
SRB|2004|23649854234.3966
SRB|2005|25234408772.9975
SRB|2006|29221081586.6368
SRB|2007|38952093544.4413
SRB|2008|47760580365.5549
SRB|2009|40249479880.3207
SRB|2010|36990001283.5323
SRB|2011|43291846195.8004
SRB|2012|37488935009.7878
SSA|1999|332756056632.018
SSA|2000|341622010206.86
SSA|2001|327619913585.604
SSA|2002|348667513950.338
SSA|2003|444876501171.11
SSA|2004|552195068318.858
SSA|2005|643878565860.629
SSA|2006|749471797618.428
SSA|2007|868821679712.399
SSA|2008|988528535234.571
SSA|2009|938909742755.119
SSA|2010|1131986768056.07
SSA|2011|1261796381377.7
SSA|2012|1289813284471.03
SSD|1999|
SSD|2000|
SSD|2001|
SSD|2002|
SSD|2003|
SSD|2004|
SSD|2005|
SSD|2006|
SSD|2007|
SSD|2008|15264618785.5323
SSD|2009|11853474305.229
SSD|2010|15178973598.0733
SSD|2011|19145887852.2524
SSD|2012|10220256856.5217
SSF|1999|333624699363.111
SSF|2000|342862677064.027
SSF|2001|329355821653.611
SSF|2002|350815088571.735
SSF|2003|447830637938.51
SSF|2004|557443575085.531
SSF|2005|652112165291.871
SSF|2006|757249569339.049
SSF|2007|879145357918.16
SSF|2008|1004034351872.28
SSF|2009|949349486953.642
SSF|2010|1144351408104.57
SSF|2011|1278681856204.56
SSF|2012|1307585003262.35
SST|1999|59721008190.6447
SST|2000|64141843858.7977
SST|2001|64574633105.6658
SST|2002|67335885496.4518
SST|2003|78719201942.279
SST|2004|91938106001.88
SST|2005|105045023162.564
SST|2006|114580524853.859
SST|2007|130946602967.04
SST|2008|153191809653.971
SST|2009|130908077276.997
SST|2010|147660600184.866
SST|2011|168661086507.137
SST|2012|169368743587.462
STP|1999|
STP|2000|76709304.533641
STP|2001|76460376.9594566
STP|2002|90713303.0563938
STP|2003|97994011.6429379
STP|2004|106764253.74548
STP|2005|113808749.415253
STP|2006|124184906.73689
STP|2007|144259256.649338
STP|2008|183464986.34772
STP|2009|196473838.856079
STP|2010|201037916.583708
STP|2011|248286778.216557
STP|2012|263398378.000848
SUR|1999|885444167.44186
SUR|2000|892164363.636364
SUR|2001|763465570.642202
SUR|2002|1078402127.65957
SUR|2003|1271196078.43137
SUR|2004|1484092538.40527
SUR|2005|1793557833.08931
SUR|2006|2626093294.46064
SUR|2007|2936612021.85792
SUR|2008|3532969034.60838
SUR|2009|3875409836.06557
SUR|2010|4368007284.81569
SUR|2011|4363219094.24725
SUR|2012|5012121214.24757
SVK|1999|29947934157.2555
SVK|2000|28724041827.8976
SVK|2001|30318731991.0515
SVK|2002|34638306041.7843
SVK|2003|45837416478.5553
SVK|2004|56073225726.3472
SVK|2005|61328471583.1364
SVK|2006|69002095094.7184
SVK|2007|84108560087.5992
SVK|2008|97908891167.4235
SVK|2009|87239747151.9867
SVK|2010|87077443708.6093
SVK|2011|95877536836.2524
SVK|2012|91148717948.7179
SVN|1999|22309684226.3866
SVN|2000|19979467790.4398
SVN|2001|20498926980.9993
SVN|2002|23136352386.3753
SVN|2003|29152072067.9303
SVN|2004|33837749815.1716
SVN|2005|35717733757.4551
SVN|2006|38945146499.5315
SVN|2007|47306799054.202
SVN|2008|54606018255.4563
SVN|2009|49056152691.0253
SVN|2010|46908328071.2701
SVN|2011|50250208507.4658
SVN|2012|45279487179.8345
SWE|1999|258813540859.799
SWE|2000|247260155857.763
SWE|2001|227359498891.481
SWE|2002|250960758336.671
SWE|2003|314713404152.703
SWE|2004|362089648912.965
SWE|2005|370579639747.414
SWE|2006|399075661572.866
SWE|2007|462512853670.12
SWE|2008|486158607819.636
SWE|2009|405782994635.359
SWE|2010|462903051317.614
SWE|2011|536293220338.983
SWE|2012|523805608856.089
SWZ|1999|1547888453.75789
SWZ|2000|1524490159.09856
SWZ|2001|1349326983.00661
SWZ|2002|1224220675.06919
SWZ|2003|1854020495.72254
SWZ|2004|2420610578.59952
SWZ|2005|2584077930.66197
SWZ|2006|2947922182.75015
SWZ|2007|3053823329.23844
SWZ|2008|3019770679.64511
SWZ|2009|3161320520.44067
SWZ|2010|3691050502.68749
SWZ|2011|3969078027.33547
SWZ|2012|3744472287.07088
SXM|1999|
SXM|2000|
SXM|2001|
SXM|2002|
SXM|2003|
SXM|2004|
SXM|2005|
SXM|2006|
SXM|2007|
SXM|2008|
SXM|2009|
SXM|2010|
SXM|2011|
SXM|2012|
SYC|1999|622975776.387828
SYC|2000|614877971.233472
SYC|2001|618433500.97097
SYC|2002|698083344.991819
SYC|2003|703096502.624651
SYC|2004|839319935.206909
SYC|2005|919103261.987138
SYC|2006|1016419769.16068
SYC|2007|1033635773.39104
SYC|2008|967211974.937748
SYC|2009|847424851.518855
SYC|2010|969973774.818177
SYC|2011|1074584859.83785
SYC|2012|1128753720.62939
SYR|1999|15873875968.9922
SYR|2000|19325894913.1254
SYR|2001|21099833783.503
SYR|2002|21582248881.6592
SYR|2003|21828144686.0394
SYR|2004|25086930693.0693
SYR|2005|28858965517.2414
SYR|2006|33332844574.7801
SYR|2007|40405006007.2086
SYR|2008|52581913978.4946
SYR|2009|53934534350.507
SYR|2010|59147033451.8525
SYR|2011|
SYR|2012|73672408036.1474
TCA|1999|
TCA|2000|
TCA|2001|
TCA|2002|
TCA|2003|
TCA|2004|
TCA|2005|
TCA|2006|
TCA|2007|
TCA|2008|
TCA|2009|
TCA|2010|
TCA|2011|
TCA|2012|
TCD|1999|1534673503.52975
TCD|2000|1385058211.51211
TCD|2001|1709347776.82501
TCD|2002|1987622268.76482
TCD|2003|2736666450.54794
TCD|2004|4414929142.23367
TCD|2005|6646663021.43571
TCD|2006|7422102519.56848
TCD|2007|8638711756.59476
TCD|2008|10351933631.6086
TCD|2009|9253484289.64401
TCD|2010|10657705072.3284
TCD|2011|12156380062.0355
TCD|2012|12887072081.6363
TGO|1999|1576094484.70894
TGO|2000|1294250279.68129
TGO|2001|1332328986.28277
TGO|2002|1474630199.41874
TGO|2003|1673690389.7013
TGO|2004|1937074537.93089
TGO|2005|2115154090.31071
TGO|2006|2202809210.74095
TGO|2007|2523462648.98387
TGO|2008|3159544508.84232
TGO|2009|3163000590.663
TGO|2010|3172945282.32304
TGO|2011|3685781119.61991
TGO|2012|3813834650.19521
THA|1999|122629741697.716
THA|2000|122725247705.559
THA|2001|115536405150.354
THA|2002|126876918690.024
THA|2003|142640079033.312
THA|2004|161339790594.627
THA|2005|176351948403.908
THA|2006|207088828467.346
THA|2007|246976870172.836
THA|2008|272577799257.354
THA|2009|263711244888.554
THA|2010|318907930075.712
THA|2011|345672232115.625
THA|2012|365965815820.015
TJK|1999|1086567367.91081
TJK|2000|860550294.273467
TJK|2001|1080774005.56446
TJK|2002|1221113794.72523
TJK|2003|1554125542.56223
TJK|2004|2076148710.31813
TJK|2005|2312319579.02843
TJK|2006|2830236053.84429
TJK|2007|3719497371.09659
TJK|2008|5161336170.46084
TJK|2009|4979481980.35098
TJK|2010|5642221528.67114
TJK|2011|6522590720.77739
TJK|2012|6972163026.4985
TKM|1999|2450686659.778
TKM|2000|2904662604.82053
TKM|2001|3534771968.51189
TKM|2002|4462028988.72949
TKM|2003|5977440582.80171
TKM|2004|6838351088.46688
TKM|2005|8104355716.8784
TKM|2006|10277598152.4249
TKM|2007|12664165103.1895
TKM|2008|19271445266.8485
TKM|2009|20214456140.3509
TKM|2010|22148070175.4386
TKM|2011|29233333333.3333
TKM|2012|35164210526.3158
TLS|1999|
TLS|2000|350100000
TLS|2001|429700000
TLS|2002|426700000
TLS|2003|436500000
TLS|2004|455500000
TLS|2005|479100000
TLS|2006|462600000
TLS|2007|558700000
TLS|2008|693800000
TLS|2009|826700000
TLS|2010|934300000
TLS|2011|1128300000
TLS|2012|1293000000
TON|1999|194669501.594647
TON|2000|188623258.458914
TON|2001|167042880.071237
TON|2002|181801946.956512
TON|2003|208098551.915317
TON|2004|240794581.220982
TON|2005|264812953.795424
TON|2006|295998379.120654
TON|2007|301064027.077359
TON|2008|346850175.914555
TON|2009|318522296.093243
TON|2010|369212477.46289
TON|2011|423038016.923815
TON|2012|471575497.307237
TTO|1999|6808976088.59679
TTO|2000|8154315708.34826
TTO|2001|8824873155.62584
TTO|2002|9008273516.35786
TTO|2003|11235960523.0869
TTO|2004|12884712295.9948
TTO|2005|16088526685.8421
TTO|2006|18460905284.2745
TTO|2007|21735387008.2052
TTO|2008|28017710148.1706
TTO|2009|19251916757.9409
TTO|2010|20667611846.2508
TTO|2011|23577857645.1285
TTO|2012|23320256742.6171
TUN|1999|22943685719.103
TUN|2000|21473261837.0176
TUN|2001|22066031834.2948
TUN|2002|23141616604.5242
TUN|2003|27453084982.5378
TUN|2004|31183059012.4448
TUN|2005|32282960678.4888
TUN|2006|34377235161.5327
TUN|2007|38848711943.7939
TUN|2008|44736953169.3856
TUN|2009|43607568688.4396
TUN|2010|44377742070.7
TUN|2011|46434616144.2086
TUN|2012|45662043358.0705
TUR|1999|249751470869.15
TUR|2000|266567531989.763
TUR|2001|196005288838.12
TUR|2002|232534560774.947
TUR|2003|303005302818.309
TUR|2004|392166274991.231
TUR|2005|482979839237.868
TUR|2006|530900095204.76
TUR|2007|647155133931.998
TUR|2008|730337495966.193
TUR|2009|614553921823.292
TUR|2010|731144392556.339
TUR|2011|774775177386.146
TUR|2012|789257487307.029
TUV|1999|13686699.5709539
TUV|2000|13741846.5182024
TUV|2001|13196230.2126276
TUV|2002|15451294.0406177
TUV|2003|18230893.0263027
TUV|2004|21535706.6386182
TUV|2005|21839580.5663688
TUV|2006|22903319.50355
TUV|2007|27030996.0274377
TUV|2008|30290770.2566871
TUV|2009|27101312.7916078
TUV|2010|31824701.2783331
TUV|2011|39313508.6934276
TUV|2012|39875708.119439
TZA|1999|9697847589.16835
TZA|2000|10185786170.7327
TZA|2001|10383560997.7807
TZA|2002|10805600068.704
TZA|2003|11659129814.7433
TZA|2004|12825801916.6063
TZA|2005|14141916592.3846
TZA|2006|14331231238.9296
TZA|2007|16825547176.0324
TZA|2008|20715086118.9064
TZA|2009|21368165399.612
TZA|2010|22915004297.2183
TZA|2011|23874165047.2772
TZA|2012|28242425168.1058
UGA|1999|5998563257.94659
UGA|2000|6193246632.3273
UGA|2001|5840503702.93999
UGA|2002|6178563467.08765
UGA|2003|6336696288.99935
UGA|2004|7940362663.20133
UGA|2005|9013834490.38208
UGA|2006|9977209198.94291
UGA|2007|11916019462.5072
UGA|2008|14440417640.883
UGA|2009|15803514642.8305
UGA|2010|17197111223.1324
UGA|2011|16822413295.1344
UGA|2012|19881412441.2345
UKR|1999|31580639053.2013
UKR|2000|31261527363.144
UKR|2001|38009344576.6088
UKR|2002|42392896031.2394
UKR|2003|50132953288.203
UKR|2004|64883060725.7003
UKR|2005|86142018069.3504
UKR|2006|107753069306.931
UKR|2007|142719009900.99
UKR|2008|179992405832.321
UKR|2009|117227769791.56
UKR|2010|136418622767.355
UKR|2011|163422495339.803
UKR|2012|176308825694.203
UMC|1999|3911115290799.75
UMC|2000|4270096102963.02
UMC|2001|4274500982145.16
UMC|2002|4270025633666.52
UMC|2003|4758370319327.51
UMC|2004|5624274751051.67
UMC|2005|6692691148027.74
UMC|2006|7870165220039.07
UMC|2007|9691331941470.11
UMC|2008|11792808171195.7
UMC|2009|11667861349781.5
UMC|2010|13996378037006.2
UMC|2011|16432622418556.8
UMC|2012|17426690361464
URY|1999|23983945190.6167
URY|2000|22823255805.9664
URY|2001|20898788420.0932
URY|2002|13606494599.021
URY|2003|12045627411.0182
URY|2004|13686333821.7864
URY|2005|17362872709.7496
URY|2006|19579479147.1959
URY|2007|23410536954.8774
URY|2008|30366148247.8894
URY|2009|30229404320.5219
URY|2010|38846222984.5698
URY|2011|46434697450.8674
URY|2012|49919727146.4227
USA|1999|9665700000000
USA|2000|10289700000000
USA|2001|10625300000000
USA|2002|10980200000000
USA|2003|11512200000000
USA|2004|12277000000000
USA|2005|13095400000000
USA|2006|13857900000000
USA|2007|14480300000000
USA|2008|14720300000000
USA|2009|14417900000000
USA|2010|14958300000000
USA|2011|15533800000000
USA|2012|16244600000000
UZB|1999|17078465982.0282
UZB|2000|13760374487.51
UZB|2001|11401351420.1718
UZB|2002|9687951055.22541
UZB|2003|10128112401.4248
UZB|2004|12030023547.8807
UZB|2005|14307509838.8053
UZB|2006|17030896203.1963
UZB|2007|22311393927.8817
UZB|2008|27934030937.2157
UZB|2009|32816828372.9753
UZB|2010|39332771014.013
UZB|2011|45324317482.0908
UZB|2012|51112745668.7163
VCT|1999|331866660.80569
VCT|2000|397447006.684536
VCT|2001|431017934.980541
VCT|2002|462641609.607232
VCT|2003|482397041.110191
VCT|2004|522544701.882639
VCT|2005|551431645.446551
VCT|2006|611040126.245679
VCT|2007|684691914.814815
VCT|2008|699004420.740741
VCT|2009|672342406.296296
VCT|2010|674762008.518518
VCT|2011|687993792.592593
VCT|2012|712588888.888889
VEN|1999|97974136436.6528
VEN|2000|117147614565.563
VEN|2001|122909734601.322
VEN|2002|92889586976.1833
VEN|2003|83622191418.9774
VEN|2004|112451400422.982
VEN|2005|145513489651.872
VEN|2006|183477522123.894
VEN|2007|230364012575.687
VEN|2008|315600203539.823
VEN|2009|329418979506.288
VEN|2010|393807511437.279
VEN|2011|316482190800.364
VEN|2012|381286237847.667
VIR|1999|
VIR|2000|
VIR|2001|
VIR|2002|
VIR|2003|
VIR|2004|
VIR|2005|
VIR|2006|
VIR|2007|
VIR|2008|
VIR|2009|
VIR|2010|
VIR|2011|
VIR|2012|
VNM|1999|28683658004.771
VNM|2000|33640085727.518
VNM|2001|35291349277.3143
VNM|2002|37947904054.452
VNM|2003|42717072777.5838
VNM|2004|49424107709.8946
VNM|2005|57633255739.4104
VNM|2006|66371664817.0436
VNM|2007|77414425532.2452
VNM|2008|99130304099.1274
VNM|2009|106014600963.957
VNM|2010|115931749904.86
VNM|2011|135539487317.008
VNM|2012|155820001920.492
VUT|1999|267999225.256634
VUT|2000|272014693.050806
VUT|2001|257926881.72043
VUT|2002|262603781.799059
VUT|2003|314463144.04219
VUT|2004|364996869.129618
VUT|2005|394962552.336108
VUT|2006|437072933.899158
VUT|2007|526425740.447881
VUT|2008|607983815.257081
VUT|2009|610075806.66568
VUT|2010|700804045.16412
VUT|2011|786294694.25164
VUT|2012|787073459.020375
PSE|1999|4168899306.51301
PSE|2000|4113261232.92671
PSE|2001|3332382199.49359
PSE|2002|2832538290.42852
PSE|2003|3144395542.913
PSE|2004|3606871947.80257
PSE|2005|4015865743.74699
PSE|2006|
PSE|2007|
PSE|2008|
PSE|2009|
PSE|2010|
PSE|2011|
PSE|2012|
WLD|1999|31825126768930.9
WLD|2000|32872324986797.4
WLD|2001|32678362783846.8
WLD|2002|33924664960888.2
WLD|2003|38058693029123.6
WLD|2004|42826770007282.1
WLD|2005|46328508515723.7
WLD|2006|50172505567029.2
WLD|2007|56488054878408.9
WLD|2008|61952359911162.9
WLD|2009|58716039506316.4
WLD|2010|64081876752375.4
WLD|2011|71058486031366.1
WLD|2012|72440448832221.3
WSM|1999|230621434.542609
WSM|2000|239698992.443325
WSM|2001|243324190.253866
WSM|2002|256677700.108988
WSM|2003|301905953.023492
WSM|2004|374507187.856928
WSM|2005|412220560.259923
WSM|2006|453082900.112909
WSM|2007|490916834.706904
WSM|2008|573946224.503845
WSM|2009|500992499.165598
WSM|2010|572160378.287853
WSM|2011|630129114.003581
WSM|2012|683719606.266704
YEM|1999|7641101221.43876
YEM|2000|9636342274.82408
YEM|2001|9854042164.67463
YEM|2002|10693278291.8149
YEM|2003|11777768086.8693
YEM|2004|13873500887.5612
YEM|2005|16753787028.2859
YEM|2006|18941303849.6801
YEM|2007|21596088517.0427
YEM|2008|26869018825.1218
YEM|2009|24581907773.5827
YEM|2010|31883409718.7382
YEM|2011|31724633891.2004
YEM|2012|35645823131.5726
ZAF|1999|133183581578.205
ZAF|2000|132877640157.574
ZAF|2001|118478986832.603
ZAF|2002|111100858130.227
ZAF|2003|168219325183.617
ZAF|2004|219092936699.386
ZAF|2005|247051562311.219
ZAF|2006|261007039378.852
ZAF|2007|286171830700.042
ZAF|2008|273141750192.768
ZAF|2009|283985548070.365
ZAF|2010|363240728680.384
ZAF|2011|401802218556.36
ZAF|2012|384312674445.534
COD|1999|4711259427.18182
COD|2000|4305296502.02899
COD|2001|4691816666.66667
COD|2002|5544467551.72297
COD|2003|5670128142.39407
COD|2004|6511032844.18882
COD|2005|7191141825.15134
COD|2006|8823784633.01218
COD|2007|10013852848.6836
COD|2008|11675330309.8997
COD|2009|11204008248.8673
COD|2010|13138775753.2026
COD|2011|15700470459.9222
COD|2012|17203980742.5707
ZMB|1999|3131340054.42921
ZMB|2000|3253551749.72453
ZMB|2001|3653822711.78246
ZMB|2002|3711284086.74656
ZMB|2003|4341841413.82818
ZMB|2004|5439176375.73615
ZMB|2005|7178556336.82292
ZMB|2006|10702200821.6889
ZMB|2007|11541420981.4946
ZMB|2008|14640792100.4893
ZMB|2009|12805029521.6596
ZMB|2010|16190196832.0872
ZMB|2011|19204037683.5437
ZMB|2012|20678025801.9103
ZWE|1999|6858013062.76817
ZWE|2000|6689957610.05549
ZWE|2001|6777384732.66549
ZWE|2002|6342116353.99126
ZWE|2003|5727591778.02479
ZWE|2004|5805598442.66676
ZWE|2005|5755215232.33845
ZWE|2006|5443896499.71994
ZWE|2007|5291950101.35736
ZWE|2008|4415702801.27889
ZWE|2009|6133240671.86633
ZWE|2010|7433314459.73933
ZWE|2011|8865427917.06297
ZWE|2012|9802360203.02197
